# Blender 4.2.1 LTS
# www.blender.org
mtllib toy train.mtl
o Cube
v -0.000000 0.107146 -0.079772
v -0.000000 0.107195 -0.032863
v 0.009960 0.105042 -0.079772
v 0.009979 0.105087 -0.032863
v 0.018426 0.099035 -0.079772
v 0.018461 0.099068 -0.032863
v 0.024102 0.090013 -0.079772
v 0.024148 0.090031 -0.032863
v 0.025838 0.080747 -0.079772
v 0.025896 0.080699 -0.032863
v -0.025838 0.080747 -0.079772
v -0.025896 0.080699 -0.032863
v -0.024102 0.090013 -0.079772
v -0.024148 0.090031 -0.032863
v -0.018426 0.099035 -0.079772
v -0.018461 0.099068 -0.032863
v -0.009960 0.105042 -0.079772
v -0.009979 0.105087 -0.032863
v 0.000000 0.078007 0.018253
v 0.002413 0.078007 0.018733
v 0.004459 0.078007 0.020100
v 0.005826 0.078007 0.022145
v 0.006306 0.078007 0.024559
v 0.005826 0.078007 0.026972
v 0.004459 0.078007 0.029017
v 0.002413 0.078007 0.030384
v 0.000000 0.078007 0.030864
v -0.002413 0.078007 0.030384
v -0.004459 0.078007 0.029017
v -0.005826 0.078007 0.026972
v -0.006306 0.078007 0.024559
v -0.005826 0.078007 0.022145
v -0.004459 0.078007 0.020100
v -0.002413 0.078007 0.018733
v 0.007289 0.081153 0.027578
v 0.007890 0.081153 0.024559
v -0.005579 0.081153 0.030137
v -0.003019 0.081153 0.031848
v 0.007289 0.081153 0.021539
v 0.000000 0.081153 0.032448
v 0.005579 0.081153 0.018980
v 0.003019 0.081153 0.031848
v 0.003019 0.081153 0.017269
v 0.005579 0.081153 0.030137
v 0.000000 0.081153 0.016669
v -0.007289 0.081153 0.027578
v -0.007890 0.081153 0.024559
v -0.007289 0.081153 0.021539
v -0.005579 0.081153 0.018980
v -0.003019 0.081153 0.017269
v 0.010097 0.086515 0.028741
v 0.010929 0.086515 0.024559
v -0.007728 0.086515 0.032287
v -0.004182 0.086515 0.034656
v 0.010097 0.086515 0.020376
v 0.000000 0.086515 0.035488
v 0.007728 0.086515 0.016830
v 0.004182 0.086515 0.034656
v 0.004182 0.086515 0.014461
v 0.007728 0.086515 0.032287
v 0.000000 0.086515 0.013629
v -0.010097 0.086515 0.028741
v -0.010929 0.086515 0.024559
v -0.010097 0.086515 0.020376
v -0.007728 0.086515 0.016830
v -0.004182 0.086515 0.014461
v 0.009318 0.092785 0.028418
v 0.010086 0.092785 0.024559
v -0.007132 0.092785 0.031690
v -0.003860 0.092785 0.033877
v 0.009318 0.092785 0.020699
v 0.000000 0.092785 0.034644
v 0.007132 0.092785 0.017427
v 0.003860 0.092785 0.033877
v 0.003860 0.092785 0.015240
v 0.007132 0.092785 0.031690
v 0.000000 0.092785 0.014473
v -0.009318 0.092785 0.028418
v -0.010086 0.092785 0.024559
v -0.009318 0.092785 0.020699
v -0.007132 0.092785 0.017427
v -0.003860 0.092785 0.015240
v 0.005234 0.095329 0.026727
v 0.005665 0.095329 0.024559
v -0.004006 0.095329 0.028565
v -0.002168 0.095329 0.029793
v 0.005234 0.095329 0.022391
v 0.000000 0.095329 0.030224
v 0.004006 0.095329 0.020553
v 0.002168 0.095329 0.029793
v 0.002168 0.095329 0.019325
v 0.004006 0.095329 0.028565
v 0.000000 0.095329 0.018893
v -0.005234 0.095329 0.026727
v -0.005665 0.095329 0.024559
v -0.005234 0.095329 0.022391
v -0.004006 0.095329 0.020553
v -0.002168 0.095329 0.019325
v 0.001963 0.096273 0.025372
v 0.002125 0.096273 0.024559
v -0.001503 0.096273 0.026061
v -0.000813 0.096273 0.026522
v 0.001963 0.096273 0.023745
v 0.000000 0.096273 0.026683
v 0.001503 0.096273 0.023056
v 0.000813 0.096273 0.026522
v 0.000813 0.096273 0.022595
v 0.001503 0.096273 0.026061
v 0.000000 0.096273 0.022434
v -0.001963 0.096273 0.025372
v -0.002125 0.096273 0.024559
v -0.001963 0.096273 0.023745
v -0.001503 0.096273 0.023056
v -0.000813 0.096273 0.022595
v 0.024753 -0.011579 0.017761
v 0.024753 -0.010444 0.012052
v 0.024753 -0.007210 0.007213
v 0.024753 -0.002370 0.003979
v 0.024753 0.003339 0.002843
v 0.024753 0.009048 0.003979
v 0.024753 0.013888 0.007213
v 0.024753 0.017122 0.012052
v 0.024753 0.018257 0.017761
v 0.024753 0.017122 0.023470
v 0.024753 0.013888 0.028310
v 0.024753 0.009048 0.031544
v 0.024753 0.003339 0.032680
v 0.024753 -0.002370 0.031544
v 0.024753 -0.007210 0.028310
v 0.024753 -0.010444 0.023470
v 0.024753 -0.011579 -0.056877
v 0.024753 -0.010444 -0.062586
v 0.024753 -0.007210 -0.067426
v 0.024753 -0.002370 -0.070659
v 0.024753 0.003339 -0.071795
v 0.024753 0.009048 -0.070659
v 0.024753 0.013888 -0.067426
v 0.024753 0.017122 -0.062586
v 0.024753 0.018257 -0.056877
v 0.024753 0.017122 -0.051168
v 0.024753 0.013888 -0.046328
v 0.024753 0.009048 -0.043094
v 0.024753 0.003339 -0.041959
v 0.024753 -0.002370 -0.043094
v 0.024753 -0.007210 -0.046328
v 0.024753 -0.010444 -0.051168
v -0.024753 -0.011579 0.017761
v -0.024753 -0.010444 0.012052
v -0.024753 -0.007210 0.007213
v -0.024753 -0.002370 0.003979
v -0.024753 0.003339 0.002843
v -0.024753 0.009048 0.003979
v -0.024753 0.013888 0.007213
v -0.024753 0.017122 0.012052
v -0.024753 0.018257 0.017761
v -0.024753 0.017122 0.023470
v -0.024753 0.013888 0.028310
v -0.024753 0.009048 0.031544
v -0.024753 0.003339 0.032680
v -0.024753 -0.002370 0.031544
v -0.024753 -0.007210 0.028310
v -0.024753 -0.010444 0.023470
v -0.024753 -0.011579 -0.056877
v -0.024753 -0.010444 -0.062586
v -0.024753 -0.007210 -0.067426
v -0.024753 -0.002370 -0.070659
v -0.024753 0.003339 -0.071795
v -0.024753 0.009048 -0.070659
v -0.024753 0.013888 -0.067426
v -0.024753 0.017122 -0.062586
v -0.024753 0.018257 -0.056877
v -0.024753 0.017122 -0.051168
v -0.024753 0.013888 -0.046328
v -0.024753 0.009048 -0.043094
v -0.024753 0.003339 -0.041959
v -0.024753 -0.002370 -0.043094
v -0.024753 -0.007210 -0.046328
v -0.024753 -0.010444 -0.051168
v 0.023746 0.003234 0.011266
v 0.023746 0.000821 0.011746
v 0.023746 -0.001225 0.013113
v 0.023746 -0.002591 0.015158
v 0.023746 -0.003071 0.017572
v 0.023746 -0.002591 0.019985
v 0.023746 -0.001225 0.022030
v 0.023746 0.000821 0.023397
v 0.023746 0.003234 0.023877
v 0.023746 0.005647 0.023397
v 0.023746 0.007693 0.022030
v 0.023746 0.009060 0.019985
v 0.023746 0.009540 0.017572
v 0.023746 0.009060 0.015158
v 0.023746 0.007693 0.013113
v 0.023746 0.005647 0.011746
v 0.026892 -0.004055 0.020591
v 0.026892 -0.004655 0.017572
v 0.026892 0.008813 0.023150
v 0.026892 0.006254 0.024861
v 0.026892 -0.004055 0.014552
v 0.026892 0.003234 0.025461
v 0.026892 -0.002344 0.011993
v 0.026892 0.000215 0.024861
v 0.026892 0.000215 0.010282
v 0.026892 -0.002344 0.023150
v 0.026892 0.003234 0.009682
v 0.026892 0.010523 0.020591
v 0.026892 0.011124 0.017572
v 0.026892 0.010523 0.014552
v 0.026892 0.008813 0.011993
v 0.026892 0.006254 0.010282
v 0.032160 -0.006863 0.021754
v 0.032160 -0.007695 0.017572
v 0.032160 0.010962 0.025300
v 0.032160 0.007417 0.027669
v 0.032160 -0.006863 0.013389
v 0.032160 0.003234 0.028501
v 0.032160 -0.004494 0.009843
v 0.032160 -0.000948 0.027669
v 0.032160 -0.000948 0.007474
v 0.032160 -0.004494 0.025300
v 0.032160 0.003234 0.006642
v 0.032160 0.013332 0.021754
v 0.032160 0.014164 0.017572
v 0.032160 0.013332 0.013389
v 0.032160 0.010962 0.009843
v 0.032160 0.007417 0.007474
v 0.038338 -0.002000 0.019740
v 0.038338 -0.002431 0.017572
v 0.038338 0.007240 0.021577
v 0.038338 0.005402 0.022806
v 0.038338 -0.002000 0.015404
v 0.038338 0.003234 0.023237
v 0.038338 -0.000772 0.013566
v 0.038338 0.001066 0.022806
v 0.038338 0.001066 0.012338
v 0.038338 -0.000772 0.021577
v 0.038338 0.003234 0.011906
v 0.038338 0.008468 0.019740
v 0.038338 0.008900 0.017572
v 0.038338 0.008468 0.015404
v 0.038338 0.007240 0.013566
v 0.038338 0.005402 0.012338
v 0.039283 0.001271 0.018385
v 0.039283 0.001109 0.017572
v 0.039283 0.004737 0.019074
v 0.039283 0.004048 0.019535
v 0.039283 0.001271 0.016758
v 0.039283 0.003234 0.019696
v 0.039283 0.001732 0.016069
v 0.039283 0.002421 0.019535
v 0.039283 0.002421 0.015608
v 0.039283 0.001732 0.019074
v 0.039283 0.003234 0.015447
v 0.039283 0.005198 0.018385
v 0.039283 0.005359 0.017572
v 0.039283 0.005198 0.016758
v 0.039283 0.004737 0.016069
v 0.039283 0.004048 0.015608
v -0.023746 0.003234 0.011266
v -0.023746 0.000821 0.011746
v -0.023746 -0.001225 0.013113
v -0.023746 -0.002591 0.015158
v -0.023746 -0.003071 0.017572
v -0.023746 -0.002591 0.019985
v -0.023746 -0.001225 0.022030
v -0.023746 0.000821 0.023397
v -0.023746 0.003234 0.023877
v -0.023746 0.005647 0.023397
v -0.023746 0.007693 0.022030
v -0.023746 0.009060 0.019985
v -0.023746 0.009540 0.017572
v -0.023746 0.009060 0.015158
v -0.023746 0.007693 0.013113
v -0.023746 0.005647 0.011746
v -0.026892 -0.004055 0.020591
v -0.026892 -0.004655 0.017572
v -0.026892 0.008813 0.023150
v -0.026892 0.006254 0.024861
v -0.026892 -0.004055 0.014552
v -0.026892 0.003234 0.025461
v -0.026892 -0.002344 0.011993
v -0.026892 0.000215 0.024861
v -0.026892 0.000215 0.010282
v -0.026892 -0.002344 0.023150
v -0.026892 0.003234 0.009682
v -0.026892 0.010523 0.020591
v -0.026892 0.011124 0.017572
v -0.026892 0.010523 0.014552
v -0.026892 0.008813 0.011993
v -0.026892 0.006254 0.010282
v -0.032160 -0.006863 0.021754
v -0.032160 -0.007695 0.017572
v -0.032160 0.010962 0.025300
v -0.032160 0.007417 0.027669
v -0.032160 -0.006863 0.013389
v -0.032160 0.003234 0.028501
v -0.032160 -0.004494 0.009843
v -0.032160 -0.000948 0.027669
v -0.032160 -0.000948 0.007474
v -0.032160 -0.004494 0.025300
v -0.032160 0.003234 0.006642
v -0.032160 0.013332 0.021754
v -0.032160 0.014164 0.017572
v -0.032160 0.013332 0.013389
v -0.032160 0.010962 0.009843
v -0.032160 0.007417 0.007474
v -0.038338 -0.002000 0.019740
v -0.038338 -0.002431 0.017572
v -0.038338 0.007240 0.021577
v -0.038338 0.005402 0.022806
v -0.038338 -0.002000 0.015404
v -0.038338 0.003234 0.023237
v -0.038338 -0.000772 0.013566
v -0.038338 0.001066 0.022806
v -0.038338 0.001066 0.012338
v -0.038338 -0.000772 0.021577
v -0.038338 0.003234 0.011906
v -0.038338 0.008468 0.019740
v -0.038338 0.008900 0.017572
v -0.038338 0.008468 0.015404
v -0.038338 0.007240 0.013566
v -0.038338 0.005402 0.012338
v -0.039283 0.001271 0.018385
v -0.039283 0.001109 0.017572
v -0.039283 0.004737 0.019074
v -0.039283 0.004048 0.019535
v -0.039283 0.001271 0.016758
v -0.039283 0.003234 0.019696
v -0.039283 0.001732 0.016069
v -0.039283 0.002421 0.019535
v -0.039283 0.002421 0.015608
v -0.039283 0.001732 0.019074
v -0.039283 0.003234 0.015447
v -0.039283 0.005198 0.018385
v -0.039283 0.005359 0.017572
v -0.039283 0.005198 0.016758
v -0.039283 0.004737 0.016069
v -0.039283 0.004048 0.015608
v 0.023746 0.003234 -0.050770
v 0.023746 0.000821 -0.051250
v 0.023746 -0.001225 -0.052617
v 0.023746 -0.002591 -0.054663
v 0.023746 -0.003071 -0.057076
v 0.023746 -0.002591 -0.059489
v 0.023746 -0.001225 -0.061535
v 0.023746 0.000821 -0.062902
v 0.023746 0.003234 -0.063382
v 0.023746 0.005647 -0.062902
v 0.023746 0.007693 -0.061535
v 0.023746 0.009060 -0.059489
v 0.023746 0.009540 -0.057076
v 0.023746 0.009060 -0.054663
v 0.023746 0.007693 -0.052617
v 0.023746 0.005647 -0.051250
v 0.026892 -0.004055 -0.060095
v 0.026892 -0.004655 -0.057076
v 0.026892 0.008813 -0.062655
v 0.026892 0.006254 -0.064365
v 0.026892 -0.004055 -0.054057
v 0.026892 0.003234 -0.064966
v 0.026892 -0.002344 -0.051497
v 0.026892 0.000215 -0.064365
v 0.026892 0.000215 -0.049787
v 0.026892 -0.002344 -0.062655
v 0.026892 0.003234 -0.049186
v 0.026892 0.010523 -0.060095
v 0.026892 0.011124 -0.057076
v 0.026892 0.010523 -0.054057
v 0.026892 0.008813 -0.051497
v 0.026892 0.006254 -0.049787
v 0.032160 -0.006863 -0.061259
v 0.032160 -0.007695 -0.057076
v 0.032160 0.010962 -0.064804
v 0.032160 0.007417 -0.067173
v 0.032160 -0.006863 -0.052894
v 0.032160 0.003234 -0.068005
v 0.032160 -0.004494 -0.049348
v 0.032160 -0.000948 -0.067173
v 0.032160 -0.000948 -0.046979
v 0.032160 -0.004494 -0.064804
v 0.032160 0.003234 -0.046147
v 0.032160 0.013332 -0.061259
v 0.032160 0.014164 -0.057076
v 0.032160 0.013332 -0.052894
v 0.032160 0.010962 -0.049348
v 0.032160 0.007417 -0.046979
v 0.038338 -0.002000 -0.059244
v 0.038338 -0.002431 -0.057076
v 0.038338 0.007240 -0.061082
v 0.038338 0.005402 -0.062310
v 0.038338 -0.002000 -0.054908
v 0.038338 0.003234 -0.062741
v 0.038338 -0.000772 -0.053070
v 0.038338 0.001066 -0.062310
v 0.038338 0.001066 -0.051842
v 0.038338 -0.000772 -0.061082
v 0.038338 0.003234 -0.051411
v 0.038338 0.008468 -0.059244
v 0.038338 0.008900 -0.057076
v 0.038338 0.008468 -0.054908
v 0.038338 0.007240 -0.053070
v 0.038338 0.005402 -0.051842
v 0.039283 0.001271 -0.057889
v 0.039283 0.001109 -0.057076
v 0.039283 0.004737 -0.058579
v 0.039283 0.004048 -0.059039
v 0.039283 0.001271 -0.056263
v 0.039283 0.003234 -0.059201
v 0.039283 0.001732 -0.055574
v 0.039283 0.002421 -0.059039
v 0.039283 0.002421 -0.055113
v 0.039283 0.001732 -0.058579
v 0.039283 0.003234 -0.054951
v 0.039283 0.005198 -0.057889
v 0.039283 0.005359 -0.057076
v 0.039283 0.005198 -0.056263
v 0.039283 0.004737 -0.055574
v 0.039283 0.004048 -0.055113
v -0.023746 0.003234 -0.050770
v -0.023746 0.000821 -0.051250
v -0.023746 -0.001225 -0.052617
v -0.023746 -0.002591 -0.054663
v -0.023746 -0.003071 -0.057076
v -0.023746 -0.002591 -0.059489
v -0.023746 -0.001225 -0.061535
v -0.023746 0.000821 -0.062902
v -0.023746 0.003234 -0.063382
v -0.023746 0.005647 -0.062902
v -0.023746 0.007693 -0.061535
v -0.023746 0.009060 -0.059489
v -0.023746 0.009540 -0.057076
v -0.023746 0.009060 -0.054663
v -0.023746 0.007693 -0.052617
v -0.023746 0.005647 -0.051250
v -0.026892 -0.004055 -0.060095
v -0.026892 -0.004655 -0.057076
v -0.026892 0.008813 -0.062655
v -0.026892 0.006254 -0.064365
v -0.026892 -0.004055 -0.054057
v -0.026892 0.003234 -0.064966
v -0.026892 -0.002344 -0.051497
v -0.026892 0.000215 -0.064365
v -0.026892 0.000215 -0.049787
v -0.026892 -0.002344 -0.062655
v -0.026892 0.003234 -0.049186
v -0.026892 0.010523 -0.060095
v -0.026892 0.011124 -0.057076
v -0.026892 0.010523 -0.054057
v -0.026892 0.008813 -0.051497
v -0.026892 0.006254 -0.049787
v -0.032160 -0.006863 -0.061259
v -0.032160 -0.007695 -0.057076
v -0.032160 0.010962 -0.064804
v -0.032160 0.007417 -0.067173
v -0.032160 -0.006863 -0.052894
v -0.032160 0.003234 -0.068005
v -0.032160 -0.004494 -0.049348
v -0.032160 -0.000948 -0.067173
v -0.032160 -0.000948 -0.046979
v -0.032160 -0.004494 -0.064804
v -0.032160 0.003234 -0.046147
v -0.032160 0.013332 -0.061259
v -0.032160 0.014164 -0.057076
v -0.032160 0.013332 -0.052894
v -0.032160 0.010962 -0.049348
v -0.032160 0.007417 -0.046979
v -0.038338 -0.002000 -0.059244
v -0.038338 -0.002431 -0.057076
v -0.038338 0.007240 -0.061082
v -0.038338 0.005402 -0.062310
v -0.038338 -0.002000 -0.054908
v -0.038338 0.003234 -0.062741
v -0.038338 -0.000772 -0.053070
v -0.038338 0.001066 -0.062310
v -0.038338 0.001066 -0.051842
v -0.038338 -0.000772 -0.061082
v -0.038338 0.003234 -0.051411
v -0.038338 0.008468 -0.059244
v -0.038338 0.008900 -0.057076
v -0.038338 0.008468 -0.054908
v -0.038338 0.007240 -0.053070
v -0.038338 0.005402 -0.051842
v -0.039283 0.001271 -0.057889
v -0.039283 0.001109 -0.057076
v -0.039283 0.004737 -0.058579
v -0.039283 0.004048 -0.059039
v -0.039283 0.001271 -0.056263
v -0.039283 0.003234 -0.059201
v -0.039283 0.001732 -0.055574
v -0.039283 0.002421 -0.059039
v -0.039283 0.002421 -0.055113
v -0.039283 0.001732 -0.058579
v -0.039283 0.003234 -0.054951
v -0.039283 0.005198 -0.057889
v -0.039283 0.005359 -0.057076
v -0.039283 0.005198 -0.056263
v -0.039283 0.004737 -0.055574
v -0.039283 0.004048 -0.055113
v 0.023888 0.079164 -0.076697
v 0.023888 0.079966 -0.075894
v 0.024690 0.079729 -0.076264
v 0.024690 0.019322 -0.076291
v 0.023888 0.018148 -0.075894
v 0.023888 0.018950 -0.076697
v 0.023888 0.079966 -0.037459
v 0.023888 0.079164 -0.036657
v 0.024690 0.079729 -0.037090
v 0.024690 0.019322 -0.037062
v 0.023888 0.018950 -0.036657
v 0.023888 0.018148 -0.037459
v -0.023888 0.079966 -0.075894
v -0.023888 0.079164 -0.076697
v -0.024690 0.079478 -0.075806
v -0.023888 0.018148 -0.075894
v -0.024690 0.018950 -0.075810
v -0.023888 0.018950 -0.076697
v -0.023888 0.079164 -0.036657
v -0.023888 0.079966 -0.037459
v -0.024690 0.079478 -0.037547
v -0.023888 0.018950 -0.036657
v -0.024690 0.018950 -0.037544
v -0.023888 0.018148 -0.037459
v 0.023888 0.003887 -0.078253
v 0.024690 0.003887 -0.077450
v 0.023888 0.003084 -0.077450
v 0.023888 0.018560 -0.078253
v 0.023888 0.019363 -0.077450
v 0.024690 0.018560 -0.077450
v 0.000000 0.058360 -0.036123
v -0.000000 0.059179 -0.035320
v 0.000000 0.058360 0.042322
v -0.000000 0.059179 0.041520
v 0.008621 0.056646 -0.036123
v 0.008935 0.057402 -0.035320
v 0.008621 0.056646 0.042322
v 0.008935 0.057402 0.041520
v 0.015930 0.051762 -0.036123
v 0.016509 0.052341 -0.035320
v 0.015930 0.051762 0.042322
v 0.016509 0.052341 0.041520
v 0.020814 0.044453 -0.036123
v 0.021570 0.044766 -0.035320
v 0.020814 0.044453 0.042322
v 0.021570 0.044766 0.041520
v 0.022529 0.035832 -0.036123
v 0.023347 0.035832 -0.035320
v 0.022529 0.035832 0.042322
v 0.023347 0.035832 0.041520
v 0.020814 0.027210 -0.036123
v 0.021570 0.026897 -0.035320
v 0.020814 0.027210 0.042322
v 0.021570 0.026897 0.041520
v 0.016080 0.020125 -0.036123
v 0.016955 0.019990 -0.035320
v 0.015706 0.019323 -0.035320
v 0.016080 0.020125 0.042322
v 0.015706 0.019323 0.041520
v 0.016955 0.019990 0.041520
v -0.015706 0.019323 -0.035320
v -0.016955 0.019990 -0.035320
v -0.016080 0.020125 -0.036123
v -0.015706 0.019323 0.041520
v -0.016080 0.020125 0.042322
v -0.016955 0.019990 0.041520
v -0.020814 0.027210 -0.036123
v -0.021570 0.026897 -0.035320
v -0.020814 0.027210 0.042322
v -0.021570 0.026897 0.041520
v -0.022529 0.035832 -0.036123
v -0.023347 0.035832 -0.035320
v -0.022529 0.035832 0.042322
v -0.023347 0.035832 0.041520
v -0.020814 0.044453 -0.036123
v -0.021570 0.044766 -0.035320
v -0.020814 0.044453 0.042322
v -0.021570 0.044766 0.041520
v -0.015930 0.051762 -0.036123
v -0.016509 0.052341 -0.035320
v -0.015930 0.051762 0.042322
v -0.016509 0.052341 0.041520
v -0.008935 0.057402 -0.035320
v -0.008621 0.056646 -0.036123
v -0.008621 0.056646 0.042322
v -0.008935 0.057402 0.041520
v 0.023888 0.019363 0.042781
v 0.023888 0.018560 0.043583
v 0.024690 0.018560 0.042781
v 0.023888 0.003084 0.042781
v 0.024690 0.003887 0.042781
v 0.023888 0.003887 0.043583
v -0.023888 0.019363 -0.077450
v -0.023888 0.018560 -0.078253
v -0.024690 0.018560 -0.077450
v -0.023888 0.003084 -0.077450
v -0.024690 0.003887 -0.077450
v -0.023888 0.003887 -0.078253
v -0.024690 0.018560 0.042781
v -0.023888 0.018560 0.043583
v -0.023888 0.019363 0.042781
v -0.024690 0.003887 0.042781
v -0.023888 0.003084 0.042781
v -0.023888 0.003887 0.043583
v 0.000000 0.048754 0.019680
v 0.000000 0.049556 0.018845
v 0.000000 0.048754 -0.014559
v 0.000000 0.049556 -0.015378
v 0.000000 0.078007 -0.014559
v 0.000000 0.077205 -0.015378
v 0.002529 0.048754 -0.014056
v 0.002842 0.049556 -0.014812
v 0.002529 0.078007 -0.014056
v 0.002842 0.077205 -0.014812
v 0.004672 0.048754 -0.012624
v 0.005251 0.049556 -0.013203
v 0.004672 0.078007 -0.012624
v 0.005251 0.077205 -0.013203
v 0.006105 0.048754 -0.010480
v 0.006861 0.049556 -0.010794
v 0.006105 0.078007 -0.010480
v 0.006861 0.077205 -0.010794
v 0.006608 0.048754 -0.007952
v 0.007426 0.049556 -0.007952
v 0.006608 0.078007 -0.007952
v 0.007426 0.077205 -0.007952
v 0.006105 0.048754 -0.005423
v 0.006861 0.049556 -0.005110
v 0.006105 0.078007 -0.005423
v 0.006861 0.077205 -0.005110
v 0.004672 0.048754 -0.003279
v 0.005251 0.049556 -0.002701
v 0.004672 0.078007 -0.003279
v 0.005251 0.077205 -0.002701
v 0.002529 0.048754 -0.001847
v 0.002842 0.049556 -0.001091
v 0.002529 0.078007 -0.001847
v 0.002842 0.077205 -0.001091
v 0.000000 0.048754 -0.001344
v 0.000000 0.049556 -0.000526
v 0.000000 0.078007 -0.001344
v 0.000000 0.077205 -0.000526
v -0.002529 0.048754 -0.001847
v -0.002842 0.049556 -0.001091
v -0.002529 0.078007 -0.001847
v -0.002842 0.077205 -0.001091
v -0.004672 0.048754 -0.003279
v -0.005251 0.049556 -0.002701
v -0.004672 0.078007 -0.003279
v -0.005251 0.077205 -0.002701
v -0.006105 0.048754 -0.005423
v -0.006861 0.049556 -0.005110
v -0.006105 0.078007 -0.005423
v -0.006861 0.077205 -0.005110
v -0.006608 0.048754 -0.007952
v -0.007426 0.049556 -0.007952
v -0.006608 0.078007 -0.007952
v -0.007426 0.077205 -0.007952
v -0.006105 0.048754 -0.010480
v -0.006861 0.049556 -0.010794
v -0.006105 0.078007 -0.010480
v -0.006861 0.077205 -0.010794
v -0.004672 0.048754 -0.012624
v -0.005251 0.049556 -0.013203
v -0.004672 0.078007 -0.012624
v -0.005251 0.077205 -0.013203
v -0.002529 0.048754 -0.014056
v -0.002842 0.049556 -0.014812
v -0.002529 0.078007 -0.014056
v -0.002842 0.077205 -0.014812
v 0.001867 0.048754 0.020051
v 0.002187 0.049556 0.019280
v 0.003450 0.048754 0.021109
v 0.004040 0.049556 0.020518
v 0.004508 0.048754 0.022691
v 0.005279 0.049556 0.022372
v 0.004879 0.048754 0.024559
v 0.005714 0.049556 0.024559
v 0.004508 0.048754 0.026426
v 0.005279 0.049556 0.026745
v 0.003450 0.048754 0.028009
v 0.004040 0.049556 0.028599
v 0.001867 0.048754 0.029066
v 0.002187 0.049556 0.029838
v 0.000000 0.048754 0.029438
v 0.000000 0.049556 0.030273
v -0.001867 0.048754 0.029066
v -0.002187 0.049556 0.029838
v -0.003450 0.048754 0.028009
v -0.004040 0.049556 0.028599
v -0.004508 0.048754 0.026426
v -0.005279 0.049556 0.026745
v -0.004879 0.048754 0.024559
v -0.005714 0.049556 0.024559
v -0.004508 0.048754 0.022691
v -0.005279 0.049556 0.022372
v -0.003450 0.048754 0.021109
v -0.004040 0.049556 0.020518
v -0.001867 0.048754 0.020051
v -0.002187 0.049556 0.019280
v 0.011190 0.088731 0.029193
v 0.010710 0.087308 0.028995
v 0.011592 0.087308 0.024559
v 0.012111 0.088731 0.024559
v -0.008564 0.088731 0.033123
v -0.008197 0.087308 0.032756
v -0.004436 0.087308 0.035269
v -0.004635 0.088731 0.035748
v 0.011190 0.088731 0.019924
v 0.010710 0.087308 0.020122
v 0.000000 0.088731 0.036670
v 0.000000 0.087308 0.036151
v 0.008197 0.087308 0.016361
v 0.008564 0.088731 0.015994
v 0.004436 0.087308 0.035269
v 0.004635 0.088731 0.035748
v 0.004436 0.087308 0.013849
v 0.004635 0.088731 0.013369
v 0.008197 0.087308 0.032756
v 0.008564 0.088731 0.033123
v 0.000000 0.087308 0.012966
v 0.000000 0.088731 0.012447
v -0.011190 0.088731 0.029193
v -0.010710 0.087308 0.028995
v -0.011592 0.087308 0.024559
v -0.012111 0.088731 0.024559
v -0.011190 0.088731 0.019924
v -0.010710 0.087308 0.020122
v -0.008564 0.088731 0.015994
v -0.008197 0.087308 0.016361
v -0.004635 0.088731 0.013369
v -0.004436 0.087308 0.013849
v 0.010789 0.090287 0.029027
v 0.011190 0.088804 0.029193
v 0.012111 0.088804 0.024559
v 0.011678 0.090287 0.024559
v -0.008257 0.090287 0.032816
v -0.008564 0.088804 0.033123
v -0.004635 0.088804 0.035748
v -0.004469 0.090287 0.035347
v 0.010789 0.090287 0.020090
v 0.011190 0.088804 0.019924
v 0.000000 0.090287 0.036236
v 0.000000 0.088804 0.036670
v 0.008564 0.088804 0.015994
v 0.008257 0.090287 0.016301
v 0.004635 0.088804 0.035748
v 0.004469 0.090287 0.035347
v 0.004635 0.088804 0.013369
v 0.004469 0.090287 0.013770
v 0.008564 0.088804 0.033123
v 0.008257 0.090287 0.032816
v 0.000000 0.088804 0.012447
v 0.000000 0.090287 0.012881
v -0.010789 0.090287 0.029027
v -0.011190 0.088804 0.029193
v -0.012111 0.088804 0.024559
v -0.011678 0.090287 0.024559
v -0.010789 0.090287 0.020090
v -0.011190 0.088804 0.019924
v -0.008257 0.090287 0.016301
v -0.008564 0.088804 0.015994
v -0.004469 0.090287 0.013770
v -0.004635 0.088804 0.013369
v 0.029003 -0.019366 0.017761
v 0.027601 -0.019277 0.017761
v 0.032492 -0.017683 0.017761
v 0.033491 -0.016564 0.017761
v 0.034990 -0.012348 0.017761
v 0.034990 -0.010810 0.017761
v 0.033491 -0.006595 0.017761
v 0.032492 -0.005475 0.017761
v 0.027600 -0.003881 0.017761
v 0.029003 -0.003792 0.017761
v 0.025280 -0.005386 0.017761
v 0.024624 -0.006643 0.017761
v 0.024624 -0.016515 0.017761
v 0.025280 -0.017772 0.017761
v 0.027601 -0.017556 0.009107
v 0.029003 -0.017638 0.009072
v 0.032492 -0.016083 0.009717
v 0.033491 -0.015049 0.010145
v 0.034990 -0.011154 0.011758
v 0.034990 -0.009733 0.012347
v 0.033491 -0.005838 0.013960
v 0.032492 -0.004804 0.014388
v 0.029003 -0.003249 0.015032
v 0.027600 -0.003332 0.014998
v 0.024624 -0.005883 0.013941
v 0.025280 -0.004722 0.014422
v 0.025280 -0.016165 0.009682
v 0.024624 -0.015004 0.010164
v 0.027601 -0.012653 0.001769
v 0.029003 -0.012716 0.001706
v 0.033491 -0.010734 0.003688
v 0.032492 -0.011526 0.002897
v 0.034990 -0.007754 0.006669
v 0.034990 -0.006666 0.007757
v 0.032492 -0.002894 0.011529
v 0.033491 -0.003685 0.010737
v 0.029003 -0.001703 0.012719
v 0.027600 -0.001766 0.012656
v 0.025280 -0.002831 0.011592
v 0.024624 -0.003720 0.010703
v 0.024624 -0.010700 0.003722
v 0.025280 -0.011589 0.002834
v 0.027601 -0.005316 -0.003133
v 0.029003 -0.005350 -0.003216
v 0.032492 -0.004706 -0.001660
v 0.033491 -0.004277 -0.000626
v 0.034990 -0.002664 0.003268
v 0.034990 -0.002076 0.004689
v 0.033491 -0.000462 0.008584
v 0.032492 -0.000034 0.009618
v 0.029003 0.000610 0.011173
v 0.027600 0.000576 0.011091
v 0.025280 0.000000 0.009700
v 0.024624 -0.000481 0.008539
v 0.024624 -0.004259 -0.000581
v 0.025280 -0.004740 -0.001743
v 0.027601 0.003339 -0.004855
v 0.029003 0.003339 -0.004944
v 0.032492 0.003339 -0.003261
v 0.033491 0.003339 -0.002141
v 0.034990 0.003339 0.002074
v 0.034990 0.003339 0.003612
v 0.033491 0.003339 0.007828
v 0.032492 0.003339 0.008947
v 0.029003 0.003339 0.010630
v 0.027600 0.003339 0.010541
v 0.025280 0.003339 0.009036
v 0.024624 0.003339 0.007779
v 0.024624 0.003339 -0.002093
v 0.025280 0.003339 -0.003350
v 0.027601 0.011994 -0.003133
v 0.029003 0.012028 -0.003216
v 0.032492 0.011384 -0.001660
v 0.033491 0.010955 -0.000626
v 0.034990 0.009342 0.003268
v 0.034990 0.008754 0.004689
v 0.033491 0.007140 0.008584
v 0.032492 0.006712 0.009618
v 0.029003 0.006068 0.011173
v 0.027600 0.006102 0.011091
v 0.025280 0.006678 0.009700
v 0.024624 0.007159 0.008539
v 0.024624 0.010937 -0.000581
v 0.025280 0.011418 -0.001743
v 0.027601 0.019331 0.001769
v 0.029003 0.019394 0.001706
v 0.032492 0.018204 0.002897
v 0.033491 0.017412 0.003688
v 0.034990 0.014432 0.006669
v 0.034990 0.013344 0.007757
v 0.033491 0.010363 0.010737
v 0.032492 0.009572 0.011529
v 0.029003 0.008381 0.012719
v 0.027600 0.008444 0.012656
v 0.025280 0.009509 0.011592
v 0.024624 0.010398 0.010703
v 0.024624 0.017378 0.003722
v 0.025280 0.018267 0.002834
v 0.027601 0.024234 0.009107
v 0.029003 0.024316 0.009072
v 0.032492 0.022761 0.009717
v 0.033491 0.021727 0.010145
v 0.034990 0.017832 0.011758
v 0.034990 0.016411 0.012347
v 0.033491 0.012516 0.013960
v 0.032492 0.011482 0.014388
v 0.029003 0.009927 0.015032
v 0.027600 0.010010 0.014998
v 0.025280 0.011400 0.014422
v 0.024624 0.012561 0.013941
v 0.024624 0.021682 0.010164
v 0.025280 0.022843 0.009682
v 0.027601 0.025955 0.017761
v 0.029003 0.026044 0.017761
v 0.032492 0.024361 0.017761
v 0.033491 0.023242 0.017761
v 0.034990 0.019026 0.017761
v 0.034990 0.017488 0.017761
v 0.033491 0.013273 0.017761
v 0.032492 0.012153 0.017761
v 0.029003 0.010470 0.017761
v 0.027600 0.010559 0.017761
v 0.025280 0.012064 0.017761
v 0.024624 0.013321 0.017761
v 0.024624 0.023193 0.017761
v 0.025280 0.024450 0.017761
v 0.027601 0.024234 0.026416
v 0.029003 0.024316 0.026450
v 0.032492 0.022761 0.025806
v 0.033491 0.021727 0.025378
v 0.034990 0.017832 0.023765
v 0.034990 0.016411 0.023176
v 0.033491 0.012516 0.021563
v 0.032492 0.011482 0.021134
v 0.029003 0.009927 0.020490
v 0.027600 0.010010 0.020524
v 0.025280 0.011400 0.021100
v 0.024624 0.012561 0.021581
v 0.024624 0.021682 0.025359
v 0.025280 0.022843 0.025840
v 0.027601 0.019331 0.033753
v 0.029003 0.019394 0.033816
v 0.032492 0.018204 0.032626
v 0.033491 0.017412 0.031835
v 0.034990 0.014432 0.028854
v 0.034990 0.013344 0.027766
v 0.033491 0.010363 0.024785
v 0.032492 0.009572 0.023994
v 0.029003 0.008381 0.022804
v 0.027600 0.008444 0.022867
v 0.025280 0.009509 0.023931
v 0.024624 0.010398 0.024820
v 0.024624 0.017378 0.031800
v 0.025280 0.018267 0.032689
v 0.027601 0.011994 0.038656
v 0.029003 0.012028 0.038738
v 0.032492 0.011384 0.037183
v 0.033491 0.010955 0.036149
v 0.034990 0.009342 0.032255
v 0.034990 0.008754 0.030833
v 0.033491 0.007140 0.026939
v 0.032492 0.006712 0.025905
v 0.029003 0.006068 0.024349
v 0.027600 0.006102 0.024432
v 0.025280 0.006678 0.025822
v 0.024624 0.007159 0.026984
v 0.024624 0.010937 0.036104
v 0.025280 0.011418 0.037266
v 0.027601 0.003339 0.040378
v 0.029003 0.003339 0.040467
v 0.032492 0.003339 0.038783
v 0.033491 0.003339 0.037664
v 0.034990 0.003339 0.033449
v 0.034990 0.003339 0.031910
v 0.033491 0.003339 0.027695
v 0.032492 0.003339 0.026576
v 0.029003 0.003339 0.024892
v 0.027600 0.003339 0.024982
v 0.025280 0.003339 0.026486
v 0.024624 0.003339 0.027744
v 0.024624 0.003339 0.037615
v 0.025280 0.003339 0.038872
v 0.027601 -0.005316 0.038656
v 0.029003 -0.005350 0.038738
v 0.032492 -0.004706 0.037183
v 0.033491 -0.004277 0.036149
v 0.034990 -0.002664 0.032255
v 0.034990 -0.002076 0.030833
v 0.033491 -0.000462 0.026939
v 0.032492 -0.000034 0.025905
v 0.029003 0.000610 0.024349
v 0.027600 0.000576 0.024432
v 0.025280 0.000000 0.025822
v 0.024624 -0.000481 0.026984
v 0.024624 -0.004259 0.036104
v 0.025280 -0.004740 0.037266
v 0.027601 -0.012653 0.033753
v 0.029003 -0.012716 0.033816
v 0.032492 -0.011526 0.032626
v 0.033491 -0.010734 0.031835
v 0.034990 -0.007754 0.028854
v 0.034990 -0.006666 0.027766
v 0.033491 -0.003685 0.024785
v 0.032492 -0.002894 0.023994
v 0.029003 -0.001703 0.022804
v 0.027600 -0.001766 0.022867
v 0.025280 -0.002831 0.023931
v 0.024624 -0.003720 0.024820
v 0.024624 -0.010700 0.031800
v 0.025280 -0.011589 0.032689
v 0.027601 -0.017556 0.026416
v 0.029003 -0.017638 0.026450
v 0.032492 -0.016083 0.025806
v 0.033491 -0.015049 0.025378
v 0.034990 -0.009733 0.023176
v 0.034990 -0.011154 0.023765
v 0.033491 -0.005838 0.021563
v 0.032492 -0.004804 0.021134
v 0.029003 -0.003249 0.020490
v 0.027600 -0.003332 0.020524
v 0.024624 -0.005883 0.021581
v 0.025280 -0.004722 0.021100
v 0.024624 -0.015004 0.025359
v 0.025280 -0.016165 0.025840
v 0.027601 -0.019277 -0.056877
v 0.029003 -0.019366 -0.056877
v 0.033491 -0.016564 -0.056877
v 0.032492 -0.017683 -0.056877
v 0.034990 -0.012348 -0.056877
v 0.034990 -0.010810 -0.056877
v 0.033491 -0.006595 -0.056877
v 0.032492 -0.005475 -0.056877
v 0.027600 -0.003881 -0.056877
v 0.029003 -0.003792 -0.056877
v 0.025280 -0.005386 -0.056877
v 0.024624 -0.006643 -0.056877
v 0.024624 -0.016515 -0.056877
v 0.025280 -0.017772 -0.056877
v 0.027601 -0.017556 -0.065532
v 0.029003 -0.017638 -0.065566
v 0.032492 -0.016083 -0.064922
v 0.033491 -0.015049 -0.064493
v 0.034990 -0.011154 -0.062880
v 0.034990 -0.009733 -0.062291
v 0.033491 -0.005838 -0.060678
v 0.032492 -0.004804 -0.060250
v 0.029003 -0.003249 -0.059606
v 0.027600 -0.003332 -0.059640
v 0.025280 -0.004722 -0.060216
v 0.024624 -0.005883 -0.060697
v 0.024624 -0.015004 -0.064475
v 0.025280 -0.016165 -0.064956
v 0.027601 -0.012653 -0.072869
v 0.029003 -0.012716 -0.072932
v 0.032492 -0.011526 -0.071742
v 0.033491 -0.010734 -0.070950
v 0.034990 -0.007754 -0.067970
v 0.034990 -0.006666 -0.066882
v 0.033491 -0.003685 -0.063901
v 0.032492 -0.002894 -0.063109
v 0.029003 -0.001703 -0.061919
v 0.027600 -0.001766 -0.061982
v 0.025280 -0.002831 -0.063046
v 0.024624 -0.003720 -0.063935
v 0.024624 -0.010700 -0.070916
v 0.025280 -0.011589 -0.071805
v 0.027601 -0.005316 -0.077771
v 0.029003 -0.005350 -0.077854
v 0.032492 -0.004706 -0.076299
v 0.033491 -0.004277 -0.075265
v 0.034990 -0.002664 -0.071370
v 0.034990 -0.002076 -0.069949
v 0.033491 -0.000462 -0.066054
v 0.032492 -0.000034 -0.065020
v 0.029003 0.000610 -0.063465
v 0.027600 0.000576 -0.063547
v 0.025280 0.000000 -0.064938
v 0.024624 -0.000481 -0.066099
v 0.024624 -0.004259 -0.075220
v 0.025280 -0.004740 -0.076381
v 0.027601 0.003339 -0.079493
v 0.029003 0.003339 -0.079582
v 0.032492 0.003339 -0.077899
v 0.033491 0.003339 -0.076780
v 0.034990 0.003339 -0.072564
v 0.034990 0.003339 -0.071026
v 0.033491 0.003339 -0.066810
v 0.032492 0.003339 -0.065691
v 0.029003 0.003339 -0.064008
v 0.027600 0.003339 -0.064097
v 0.025280 0.003339 -0.065602
v 0.024624 0.003339 -0.066859
v 0.024624 0.003339 -0.076731
v 0.025280 0.003339 -0.077988
v 0.027601 0.011994 -0.077771
v 0.029003 0.012028 -0.077854
v 0.032492 0.011384 -0.076299
v 0.033491 0.010955 -0.075265
v 0.034990 0.009342 -0.071370
v 0.034990 0.008754 -0.069949
v 0.033491 0.007140 -0.066054
v 0.032492 0.006712 -0.065020
v 0.029003 0.006068 -0.063465
v 0.027600 0.006102 -0.063547
v 0.025280 0.006678 -0.064938
v 0.024624 0.007159 -0.066099
v 0.024624 0.010937 -0.075220
v 0.025280 0.011418 -0.076381
v 0.027601 0.019331 -0.072869
v 0.029003 0.019394 -0.072932
v 0.032492 0.018204 -0.071742
v 0.033491 0.017412 -0.070950
v 0.034990 0.014432 -0.067970
v 0.034990 0.013344 -0.066882
v 0.033491 0.010363 -0.063901
v 0.032492 0.009572 -0.063109
v 0.029003 0.008381 -0.061919
v 0.027600 0.008444 -0.061982
v 0.025280 0.009509 -0.063046
v 0.024624 0.010398 -0.063935
v 0.024624 0.017378 -0.070916
v 0.025280 0.018267 -0.071805
v 0.027601 0.024234 -0.065532
v 0.029003 0.024316 -0.065566
v 0.032492 0.022761 -0.064922
v 0.033491 0.021727 -0.064493
v 0.034990 0.017832 -0.062880
v 0.034990 0.016411 -0.062291
v 0.033491 0.012516 -0.060678
v 0.032492 0.011482 -0.060250
v 0.029003 0.009927 -0.059606
v 0.027600 0.010010 -0.059640
v 0.025280 0.011400 -0.060216
v 0.024624 0.012561 -0.060697
v 0.024624 0.021682 -0.064475
v 0.025280 0.022843 -0.064956
v 0.027601 0.025955 -0.056877
v 0.029003 0.026044 -0.056877
v 0.032492 0.024361 -0.056877
v 0.033491 0.023242 -0.056877
v 0.034990 0.019026 -0.056877
v 0.034990 0.017488 -0.056877
v 0.033491 0.013273 -0.056877
v 0.032492 0.012153 -0.056877
v 0.029003 0.010470 -0.056877
v 0.027600 0.010559 -0.056877
v 0.025280 0.012064 -0.056877
v 0.024624 0.013321 -0.056877
v 0.024624 0.023193 -0.056877
v 0.025280 0.024450 -0.056877
v 0.027601 0.024234 -0.048222
v 0.029003 0.024316 -0.048188
v 0.032492 0.022761 -0.048832
v 0.033491 0.021727 -0.049260
v 0.034990 0.017832 -0.050873
v 0.034990 0.016411 -0.051462
v 0.033491 0.012516 -0.053075
v 0.032492 0.011482 -0.053504
v 0.029003 0.009927 -0.054148
v 0.027600 0.010010 -0.054114
v 0.025280 0.011400 -0.053538
v 0.024624 0.012561 -0.053057
v 0.024624 0.021682 -0.049279
v 0.025280 0.022843 -0.048798
v 0.027601 0.019331 -0.040885
v 0.029003 0.019394 -0.040822
v 0.032492 0.018204 -0.042012
v 0.033491 0.017412 -0.042803
v 0.034990 0.014432 -0.045784
v 0.034990 0.013344 -0.046872
v 0.033491 0.010363 -0.049853
v 0.032492 0.009572 -0.050644
v 0.029003 0.008381 -0.051834
v 0.027600 0.008444 -0.051771
v 0.025280 0.009509 -0.050707
v 0.024624 0.010398 -0.049818
v 0.024624 0.017378 -0.042838
v 0.025280 0.018267 -0.041949
v 0.027601 0.011994 -0.035982
v 0.029003 0.012028 -0.035900
v 0.032492 0.011384 -0.037455
v 0.033491 0.010955 -0.038489
v 0.034990 0.009342 -0.042384
v 0.034990 0.008754 -0.043805
v 0.033491 0.007140 -0.047699
v 0.032492 0.006712 -0.048733
v 0.029003 0.006068 -0.050289
v 0.027600 0.006102 -0.050206
v 0.025280 0.006678 -0.048816
v 0.024624 0.007159 -0.047654
v 0.024624 0.010937 -0.038534
v 0.025280 0.011418 -0.037373
v 0.027601 0.003339 -0.034261
v 0.029003 0.003339 -0.034172
v 0.032492 0.003339 -0.035855
v 0.033491 0.003339 -0.036974
v 0.034990 0.003339 -0.041189
v 0.034990 0.003339 -0.042728
v 0.033491 0.003339 -0.046943
v 0.032492 0.003339 -0.048063
v 0.029003 0.003339 -0.049746
v 0.027600 0.003339 -0.049657
v 0.025280 0.003339 -0.048152
v 0.024624 0.003339 -0.046895
v 0.024624 0.003339 -0.037023
v 0.025280 0.003339 -0.035766
v 0.027601 -0.005316 -0.035982
v 0.029003 -0.005350 -0.035900
v 0.032492 -0.004706 -0.037455
v 0.033491 -0.004277 -0.038489
v 0.034990 -0.002664 -0.042384
v 0.034990 -0.002076 -0.043805
v 0.033491 -0.000462 -0.047699
v 0.032492 -0.000034 -0.048733
v 0.029003 0.000610 -0.050289
v 0.027600 0.000576 -0.050206
v 0.025280 0.000000 -0.048816
v 0.024624 -0.000481 -0.047654
v 0.024624 -0.004259 -0.038534
v 0.025280 -0.004740 -0.037373
v 0.027601 -0.012653 -0.040885
v 0.029003 -0.012716 -0.040822
v 0.032492 -0.011526 -0.042012
v 0.033491 -0.010734 -0.042803
v 0.034990 -0.007754 -0.045784
v 0.034990 -0.006666 -0.046872
v 0.033491 -0.003685 -0.049853
v 0.032492 -0.002894 -0.050644
v 0.029003 -0.001703 -0.051834
v 0.027600 -0.001766 -0.051771
v 0.025280 -0.002831 -0.050707
v 0.024624 -0.003720 -0.049818
v 0.024624 -0.010700 -0.042838
v 0.025280 -0.011589 -0.041949
v 0.029003 -0.017638 -0.048188
v 0.027601 -0.017556 -0.048222
v 0.032492 -0.016083 -0.048832
v 0.033491 -0.015049 -0.049260
v 0.034990 -0.009733 -0.051462
v 0.034990 -0.011154 -0.050873
v 0.032492 -0.004804 -0.053504
v 0.033491 -0.005838 -0.053075
v 0.027600 -0.003332 -0.054114
v 0.029003 -0.003249 -0.054148
v 0.024624 -0.005883 -0.053057
v 0.025280 -0.004722 -0.053538
v 0.025280 -0.016165 -0.048798
v 0.024624 -0.015004 -0.049279
v -0.027601 -0.019277 0.017761
v -0.029003 -0.019366 0.017761
v -0.032492 -0.017683 0.017761
v -0.033491 -0.016564 0.017761
v -0.034990 -0.010810 0.017761
v -0.034990 -0.012348 0.017761
v -0.032492 -0.005475 0.017761
v -0.033491 -0.006595 0.017761
v -0.029003 -0.003792 0.017761
v -0.027600 -0.003881 0.017761
v -0.025280 -0.005386 0.017761
v -0.024624 -0.006643 0.017761
v -0.025280 -0.017772 0.017761
v -0.024624 -0.016515 0.017761
v -0.029003 -0.017638 0.009072
v -0.027601 -0.017556 0.009107
v -0.033491 -0.015049 0.010145
v -0.032492 -0.016083 0.009717
v -0.034990 -0.009733 0.012347
v -0.034990 -0.011154 0.011758
v -0.032492 -0.004804 0.014388
v -0.033491 -0.005838 0.013960
v -0.027600 -0.003332 0.014998
v -0.029003 -0.003249 0.015032
v -0.024624 -0.005883 0.013941
v -0.025280 -0.004722 0.014422
v -0.024624 -0.015004 0.010164
v -0.025280 -0.016165 0.009682
v -0.029003 -0.012716 0.001706
v -0.027601 -0.012653 0.001769
v -0.033491 -0.010734 0.003688
v -0.032492 -0.011526 0.002897
v -0.034990 -0.007754 0.006669
v -0.034990 -0.006666 0.007757
v -0.033491 -0.003685 0.010737
v -0.032492 -0.002894 0.011529
v -0.027600 -0.001766 0.012656
v -0.029003 -0.001703 0.012719
v -0.024624 -0.003720 0.010703
v -0.025280 -0.002831 0.011592
v -0.025280 -0.011589 0.002834
v -0.024624 -0.010700 0.003722
v -0.029003 -0.005350 -0.003216
v -0.027601 -0.005316 -0.003133
v -0.033491 -0.004277 -0.000626
v -0.032492 -0.004706 -0.001660
v -0.034990 -0.002076 0.004689
v -0.034990 -0.002664 0.003268
v -0.032492 -0.000034 0.009618
v -0.033491 -0.000462 0.008584
v -0.027600 0.000576 0.011091
v -0.029003 0.000610 0.011173
v -0.024624 -0.000481 0.008539
v -0.025280 0.000000 0.009700
v -0.025280 -0.004740 -0.001743
v -0.024624 -0.004259 -0.000581
v -0.029003 0.003339 -0.004944
v -0.027601 0.003339 -0.004855
v -0.033491 0.003339 -0.002141
v -0.032492 0.003339 -0.003261
v -0.034990 0.003339 0.003612
v -0.034990 0.003339 0.002074
v -0.032492 0.003339 0.008947
v -0.033491 0.003339 0.007828
v -0.027600 0.003339 0.010541
v -0.029003 0.003339 0.010630
v -0.024624 0.003339 0.007779
v -0.025280 0.003339 0.009036
v -0.025280 0.003339 -0.003350
v -0.024624 0.003339 -0.002093
v -0.029003 0.012028 -0.003216
v -0.027601 0.011994 -0.003133
v -0.033491 0.010955 -0.000626
v -0.032492 0.011384 -0.001660
v -0.034990 0.008754 0.004689
v -0.034990 0.009342 0.003268
v -0.032492 0.006712 0.009618
v -0.033491 0.007140 0.008584
v -0.027600 0.006102 0.011091
v -0.029003 0.006068 0.011173
v -0.024624 0.007159 0.008539
v -0.025280 0.006678 0.009700
v -0.025280 0.011418 -0.001743
v -0.024624 0.010937 -0.000581
v -0.029003 0.019394 0.001706
v -0.027601 0.019331 0.001769
v -0.033491 0.017412 0.003688
v -0.032492 0.018204 0.002897
v -0.034990 0.013344 0.007757
v -0.034990 0.014432 0.006669
v -0.032492 0.009572 0.011529
v -0.033491 0.010363 0.010737
v -0.027600 0.008444 0.012656
v -0.029003 0.008381 0.012719
v -0.024624 0.010398 0.010703
v -0.025280 0.009509 0.011592
v -0.025280 0.018267 0.002834
v -0.024624 0.017378 0.003722
v -0.029003 0.024316 0.009072
v -0.027601 0.024234 0.009107
v -0.033491 0.021727 0.010145
v -0.032492 0.022761 0.009717
v -0.034990 0.016411 0.012347
v -0.034990 0.017832 0.011758
v -0.032492 0.011482 0.014388
v -0.033491 0.012516 0.013960
v -0.027600 0.010010 0.014998
v -0.029003 0.009927 0.015032
v -0.024624 0.012561 0.013941
v -0.025280 0.011400 0.014422
v -0.025280 0.022843 0.009682
v -0.024624 0.021682 0.010164
v -0.029003 0.026044 0.017761
v -0.027601 0.025955 0.017761
v -0.033491 0.023242 0.017761
v -0.032492 0.024361 0.017761
v -0.034990 0.017488 0.017761
v -0.034990 0.019026 0.017761
v -0.032492 0.012153 0.017761
v -0.033491 0.013273 0.017761
v -0.027600 0.010559 0.017761
v -0.029003 0.010470 0.017761
v -0.024624 0.013321 0.017761
v -0.025280 0.012064 0.017761
v -0.025280 0.024450 0.017761
v -0.024624 0.023193 0.017761
v -0.029003 0.024316 0.026450
v -0.027601 0.024234 0.026416
v -0.033491 0.021727 0.025378
v -0.032492 0.022761 0.025806
v -0.034990 0.016411 0.023176
v -0.034990 0.017832 0.023765
v -0.032492 0.011482 0.021134
v -0.033491 0.012516 0.021563
v -0.027600 0.010010 0.020524
v -0.029003 0.009927 0.020490
v -0.024624 0.012561 0.021581
v -0.025280 0.011400 0.021100
v -0.025280 0.022843 0.025840
v -0.024624 0.021682 0.025359
v -0.029003 0.019394 0.033816
v -0.027601 0.019331 0.033753
v -0.033491 0.017412 0.031835
v -0.032492 0.018204 0.032626
v -0.034990 0.013344 0.027766
v -0.034990 0.014432 0.028854
v -0.032492 0.009572 0.023994
v -0.033491 0.010363 0.024785
v -0.027600 0.008444 0.022867
v -0.029003 0.008381 0.022804
v -0.024624 0.010398 0.024820
v -0.025280 0.009509 0.023931
v -0.025280 0.018267 0.032689
v -0.024624 0.017378 0.031800
v -0.029003 0.012028 0.038738
v -0.027601 0.011994 0.038656
v -0.033491 0.010955 0.036149
v -0.032492 0.011384 0.037183
v -0.034990 0.008754 0.030833
v -0.034990 0.009342 0.032255
v -0.032492 0.006712 0.025905
v -0.033491 0.007140 0.026939
v -0.027600 0.006102 0.024432
v -0.029003 0.006068 0.024349
v -0.024624 0.007159 0.026984
v -0.025280 0.006678 0.025822
v -0.025280 0.011418 0.037266
v -0.024624 0.010937 0.036104
v -0.029003 0.003339 0.040467
v -0.027601 0.003339 0.040378
v -0.033491 0.003339 0.037664
v -0.032492 0.003339 0.038783
v -0.034990 0.003339 0.031910
v -0.034990 0.003339 0.033449
v -0.032492 0.003339 0.026576
v -0.033491 0.003339 0.027695
v -0.027600 0.003339 0.024982
v -0.029003 0.003339 0.024892
v -0.024624 0.003339 0.027744
v -0.025280 0.003339 0.026486
v -0.025280 0.003339 0.038872
v -0.024624 0.003339 0.037615
v -0.029003 -0.005350 0.038738
v -0.027601 -0.005316 0.038656
v -0.033491 -0.004277 0.036149
v -0.032492 -0.004706 0.037183
v -0.034990 -0.002076 0.030833
v -0.034990 -0.002664 0.032255
v -0.032492 -0.000034 0.025905
v -0.033491 -0.000462 0.026939
v -0.027600 0.000576 0.024432
v -0.029003 0.000610 0.024349
v -0.024624 -0.000481 0.026984
v -0.025280 0.000000 0.025822
v -0.025280 -0.004740 0.037266
v -0.024624 -0.004259 0.036104
v -0.029003 -0.012716 0.033816
v -0.027601 -0.012653 0.033753
v -0.033491 -0.010734 0.031835
v -0.032492 -0.011526 0.032626
v -0.034990 -0.006666 0.027766
v -0.034990 -0.007754 0.028854
v -0.032492 -0.002894 0.023994
v -0.033491 -0.003685 0.024785
v -0.027600 -0.001766 0.022867
v -0.029003 -0.001703 0.022804
v -0.024624 -0.003720 0.024820
v -0.025280 -0.002831 0.023931
v -0.025280 -0.011589 0.032689
v -0.024624 -0.010700 0.031800
v -0.029003 -0.017638 0.026450
v -0.027601 -0.017556 0.026416
v -0.032492 -0.016083 0.025806
v -0.033491 -0.015049 0.025378
v -0.034990 -0.009733 0.023176
v -0.034990 -0.011154 0.023765
v -0.032492 -0.004804 0.021134
v -0.033491 -0.005838 0.021563
v -0.027600 -0.003332 0.020524
v -0.029003 -0.003249 0.020490
v -0.024624 -0.005883 0.021581
v -0.025280 -0.004722 0.021100
v -0.025280 -0.016165 0.025840
v -0.024624 -0.015004 0.025359
v -0.029003 -0.019366 -0.056877
v -0.027601 -0.019277 -0.056877
v -0.033491 -0.016564 -0.056877
v -0.032492 -0.017683 -0.056877
v -0.034990 -0.010810 -0.056877
v -0.034990 -0.012348 -0.056877
v -0.032492 -0.005475 -0.056877
v -0.033491 -0.006595 -0.056877
v -0.029003 -0.003792 -0.056877
v -0.027600 -0.003881 -0.056877
v -0.024624 -0.006643 -0.056877
v -0.025280 -0.005386 -0.056877
v -0.025280 -0.017772 -0.056877
v -0.024624 -0.016515 -0.056877
v -0.029003 -0.017638 -0.065566
v -0.027601 -0.017556 -0.065532
v -0.033491 -0.015049 -0.064493
v -0.032492 -0.016083 -0.064922
v -0.034990 -0.009733 -0.062291
v -0.034990 -0.011154 -0.062880
v -0.032492 -0.004804 -0.060250
v -0.033491 -0.005838 -0.060678
v -0.027600 -0.003332 -0.059640
v -0.029003 -0.003249 -0.059606
v -0.024624 -0.005883 -0.060697
v -0.025280 -0.004722 -0.060216
v -0.025280 -0.016165 -0.064956
v -0.024624 -0.015004 -0.064475
v -0.029003 -0.012716 -0.072932
v -0.027601 -0.012653 -0.072869
v -0.033491 -0.010734 -0.070950
v -0.032492 -0.011526 -0.071742
v -0.034990 -0.006666 -0.066882
v -0.034990 -0.007754 -0.067970
v -0.032492 -0.002894 -0.063109
v -0.033491 -0.003685 -0.063901
v -0.027600 -0.001766 -0.061982
v -0.029003 -0.001703 -0.061919
v -0.024624 -0.003720 -0.063935
v -0.025280 -0.002831 -0.063046
v -0.025280 -0.011589 -0.071805
v -0.024624 -0.010700 -0.070916
v -0.029003 -0.005350 -0.077854
v -0.027601 -0.005316 -0.077771
v -0.033491 -0.004277 -0.075265
v -0.032492 -0.004706 -0.076299
v -0.034990 -0.002076 -0.069949
v -0.034990 -0.002664 -0.071370
v -0.032492 -0.000034 -0.065020
v -0.033491 -0.000462 -0.066054
v -0.027600 0.000576 -0.063547
v -0.029003 0.000610 -0.063465
v -0.024624 -0.000481 -0.066099
v -0.025280 0.000000 -0.064938
v -0.025280 -0.004740 -0.076381
v -0.024624 -0.004259 -0.075220
v -0.029003 0.003339 -0.079582
v -0.027601 0.003339 -0.079493
v -0.033491 0.003339 -0.076780
v -0.032492 0.003339 -0.077899
v -0.034990 0.003339 -0.071026
v -0.034990 0.003339 -0.072564
v -0.032492 0.003339 -0.065691
v -0.033491 0.003339 -0.066810
v -0.027600 0.003339 -0.064097
v -0.029003 0.003339 -0.064008
v -0.024624 0.003339 -0.066859
v -0.025280 0.003339 -0.065602
v -0.025280 0.003339 -0.077988
v -0.024624 0.003339 -0.076731
v -0.029003 0.012028 -0.077854
v -0.027601 0.011994 -0.077771
v -0.033491 0.010955 -0.075265
v -0.032492 0.011384 -0.076299
v -0.034990 0.008754 -0.069949
v -0.034990 0.009342 -0.071370
v -0.032492 0.006712 -0.065020
v -0.033491 0.007140 -0.066054
v -0.027600 0.006102 -0.063547
v -0.029003 0.006068 -0.063465
v -0.024624 0.007159 -0.066099
v -0.025280 0.006678 -0.064938
v -0.025280 0.011418 -0.076381
v -0.024624 0.010937 -0.075220
v -0.029003 0.019394 -0.072932
v -0.027601 0.019331 -0.072869
v -0.033491 0.017412 -0.070950
v -0.032492 0.018204 -0.071742
v -0.034990 0.013344 -0.066882
v -0.034990 0.014432 -0.067970
v -0.032492 0.009572 -0.063109
v -0.033491 0.010363 -0.063901
v -0.027600 0.008444 -0.061982
v -0.029003 0.008381 -0.061919
v -0.024624 0.010398 -0.063935
v -0.025280 0.009509 -0.063046
v -0.025280 0.018267 -0.071805
v -0.024624 0.017378 -0.070916
v -0.029003 0.024316 -0.065566
v -0.027601 0.024234 -0.065532
v -0.033491 0.021727 -0.064493
v -0.032492 0.022761 -0.064922
v -0.034990 0.016411 -0.062291
v -0.034990 0.017832 -0.062880
v -0.032492 0.011482 -0.060250
v -0.033491 0.012516 -0.060678
v -0.027600 0.010010 -0.059640
v -0.029003 0.009927 -0.059606
v -0.024624 0.012561 -0.060697
v -0.025280 0.011400 -0.060216
v -0.025280 0.022843 -0.064956
v -0.024624 0.021682 -0.064475
v -0.029003 0.026044 -0.056877
v -0.027601 0.025955 -0.056877
v -0.033491 0.023242 -0.056877
v -0.032492 0.024361 -0.056877
v -0.034990 0.017488 -0.056877
v -0.034990 0.019026 -0.056877
v -0.032492 0.012153 -0.056877
v -0.033491 0.013273 -0.056877
v -0.027600 0.010559 -0.056877
v -0.029003 0.010470 -0.056877
v -0.024624 0.013321 -0.056877
v -0.025280 0.012064 -0.056877
v -0.025280 0.024450 -0.056877
v -0.024624 0.023193 -0.056877
v -0.029003 0.024316 -0.048188
v -0.027601 0.024234 -0.048222
v -0.033491 0.021727 -0.049260
v -0.032492 0.022761 -0.048832
v -0.034990 0.016411 -0.051462
v -0.034990 0.017832 -0.050873
v -0.032492 0.011482 -0.053504
v -0.033491 0.012516 -0.053075
v -0.027600 0.010010 -0.054114
v -0.029003 0.009927 -0.054148
v -0.024624 0.012561 -0.053057
v -0.025280 0.011400 -0.053538
v -0.025280 0.022843 -0.048798
v -0.024624 0.021682 -0.049279
v -0.029003 0.019394 -0.040822
v -0.027601 0.019331 -0.040885
v -0.033491 0.017412 -0.042803
v -0.032492 0.018204 -0.042012
v -0.034990 0.013344 -0.046872
v -0.034990 0.014432 -0.045784
v -0.032492 0.009572 -0.050644
v -0.033491 0.010363 -0.049853
v -0.027600 0.008444 -0.051771
v -0.029003 0.008381 -0.051834
v -0.024624 0.010398 -0.049818
v -0.025280 0.009509 -0.050707
v -0.025280 0.018267 -0.041949
v -0.024624 0.017378 -0.042838
v -0.029003 0.012028 -0.035900
v -0.027601 0.011994 -0.035982
v -0.033491 0.010955 -0.038489
v -0.032492 0.011384 -0.037455
v -0.034990 0.008754 -0.043805
v -0.034990 0.009342 -0.042384
v -0.032492 0.006712 -0.048733
v -0.033491 0.007140 -0.047699
v -0.027600 0.006102 -0.050206
v -0.029003 0.006068 -0.050289
v -0.024624 0.007159 -0.047654
v -0.025280 0.006678 -0.048816
v -0.025280 0.011418 -0.037373
v -0.024624 0.010937 -0.038534
v -0.029003 0.003339 -0.034172
v -0.027601 0.003339 -0.034261
v -0.033491 0.003339 -0.036974
v -0.032492 0.003339 -0.035855
v -0.034990 0.003339 -0.042728
v -0.034990 0.003339 -0.041189
v -0.032492 0.003339 -0.048063
v -0.033491 0.003339 -0.046943
v -0.027600 0.003339 -0.049657
v -0.029003 0.003339 -0.049746
v -0.024624 0.003339 -0.046895
v -0.025280 0.003339 -0.048152
v -0.025280 0.003339 -0.035766
v -0.024624 0.003339 -0.037023
v -0.029003 -0.005350 -0.035900
v -0.027601 -0.005316 -0.035982
v -0.033491 -0.004277 -0.038489
v -0.032492 -0.004706 -0.037455
v -0.034990 -0.002076 -0.043805
v -0.034990 -0.002664 -0.042384
v -0.032492 -0.000034 -0.048733
v -0.033491 -0.000462 -0.047699
v -0.027600 0.000576 -0.050206
v -0.029003 0.000610 -0.050289
v -0.024624 -0.000481 -0.047654
v -0.025280 0.000000 -0.048816
v -0.025280 -0.004740 -0.037373
v -0.024624 -0.004259 -0.038534
v -0.029003 -0.012716 -0.040822
v -0.027601 -0.012653 -0.040885
v -0.033491 -0.010734 -0.042803
v -0.032492 -0.011526 -0.042012
v -0.034990 -0.006666 -0.046872
v -0.034990 -0.007754 -0.045784
v -0.032492 -0.002894 -0.050644
v -0.033491 -0.003685 -0.049853
v -0.027600 -0.001766 -0.051771
v -0.029003 -0.001703 -0.051834
v -0.024624 -0.003720 -0.049818
v -0.025280 -0.002831 -0.050707
v -0.025280 -0.011589 -0.041949
v -0.024624 -0.010700 -0.042838
v -0.027601 -0.017556 -0.048222
v -0.029003 -0.017638 -0.048188
v -0.032492 -0.016083 -0.048832
v -0.033491 -0.015049 -0.049260
v -0.034990 -0.011154 -0.050873
v -0.034990 -0.009733 -0.051462
v -0.033491 -0.005838 -0.053075
v -0.032492 -0.004804 -0.053504
v -0.027600 -0.003332 -0.054114
v -0.029003 -0.003249 -0.054148
v -0.025280 -0.004722 -0.053538
v -0.024624 -0.005883 -0.053057
v -0.024624 -0.015004 -0.049279
v -0.025280 -0.016165 -0.048798
v 0.000029 0.003234 0.012693
v 0.000832 0.003234 0.011854
v 0.000029 0.001367 0.013064
v 0.000832 0.001046 0.012289
v 0.000029 -0.000216 0.014122
v 0.000832 -0.000809 0.013528
v 0.000029 -0.001273 0.015704
v 0.000832 -0.002048 0.015383
v 0.000029 -0.001645 0.017572
v 0.000832 -0.002483 0.017572
v 0.000029 -0.001273 0.019439
v 0.000832 -0.002048 0.019760
v 0.000029 -0.000216 0.021021
v 0.000832 -0.000809 0.021615
v 0.000029 0.001367 0.022079
v 0.000832 0.001046 0.022854
v 0.000029 0.003234 0.022451
v 0.000832 0.003234 0.023289
v 0.000029 0.005101 0.022079
v 0.000832 0.005422 0.022854
v 0.000029 0.006684 0.021021
v 0.000832 0.007277 0.021615
v 0.000029 0.007742 0.019439
v 0.000832 0.008517 0.019760
v 0.000029 0.008113 0.017572
v 0.000832 0.008952 0.017572
v 0.000029 0.007742 0.015704
v 0.000832 0.008517 0.015383
v 0.000029 0.006684 0.014122
v 0.000832 0.007277 0.013528
v 0.000029 0.005101 0.013064
v 0.000832 0.005422 0.012289
v 0.034304 -0.007955 0.022206
v 0.032894 -0.007461 0.022002
v 0.032894 -0.008342 0.017572
v 0.034304 -0.008877 0.017572
v 0.034304 0.011798 0.026136
v 0.032894 0.011420 0.025757
v 0.032894 0.007664 0.028267
v 0.034304 0.007869 0.028761
v 0.034304 -0.007955 0.012937
v 0.032894 -0.007461 0.013141
v 0.034304 0.003234 0.029683
v 0.032894 0.003234 0.029148
v 0.032894 -0.004951 0.009386
v 0.034304 -0.005330 0.009007
v 0.032894 -0.001196 0.028267
v 0.034304 -0.001400 0.028761
v 0.032894 -0.001196 0.006876
v 0.034304 -0.001400 0.006382
v 0.032894 -0.004951 0.025757
v 0.034304 -0.005330 0.026136
v 0.032894 0.003234 0.005995
v 0.034304 0.003234 0.005460
v 0.034304 0.014424 0.022206
v 0.032894 0.013930 0.022002
v 0.032894 0.014811 0.017572
v 0.034304 0.015346 0.017572
v 0.034304 0.014424 0.012937
v 0.032894 0.013930 0.013141
v 0.034304 0.011798 0.009007
v 0.032894 0.011420 0.009386
v 0.034304 0.007869 0.006382
v 0.032894 0.007664 0.006876
v 0.035704 -0.007451 0.021998
v 0.034304 -0.007955 0.022206
v 0.034304 -0.008877 0.017572
v 0.035704 -0.008331 0.017572
v 0.035704 0.011412 0.025750
v 0.034304 0.011798 0.026136
v 0.034304 0.007869 0.028761
v 0.035704 0.007660 0.028257
v 0.035704 -0.007451 0.013146
v 0.034304 -0.007955 0.012937
v 0.035704 0.003234 0.029137
v 0.034304 0.003234 0.029683
v 0.034304 -0.005330 0.009007
v 0.035704 -0.004944 0.009393
v 0.034304 -0.001400 0.028761
v 0.035704 -0.001192 0.028257
v 0.034304 -0.001400 0.006382
v 0.035704 -0.001192 0.006886
v 0.034304 -0.005330 0.026136
v 0.035704 -0.004944 0.025750
v 0.034304 0.003234 0.005460
v 0.035704 0.003234 0.006006
v 0.035704 0.013920 0.021998
v 0.034304 0.014424 0.022206
v 0.034304 0.015346 0.017572
v 0.035704 0.014800 0.017572
v 0.035704 0.013920 0.013146
v 0.034304 0.014424 0.012937
v 0.035704 0.011412 0.009393
v 0.034304 0.011798 0.009007
v 0.035704 0.007660 0.006886
v 0.034304 0.007869 0.006382
v 0.037508 -0.005348 0.021126
v 0.036728 -0.006588 0.021640
v 0.036728 -0.007397 0.017572
v 0.037508 -0.006055 0.017572
v 0.037508 0.009803 0.024140
v 0.036728 0.010752 0.025089
v 0.036728 0.007303 0.027394
v 0.037508 0.006789 0.026153
v 0.037508 -0.005348 0.014017
v 0.036728 -0.006588 0.013503
v 0.037508 0.003234 0.026860
v 0.036728 0.003234 0.028203
v 0.036728 -0.004283 0.010054
v 0.037508 -0.003334 0.011003
v 0.036728 -0.000834 0.027394
v 0.037508 -0.000320 0.026153
v 0.036728 -0.000834 0.007749
v 0.037508 -0.000320 0.008990
v 0.036728 -0.004283 0.025089
v 0.037508 -0.003334 0.024140
v 0.036728 0.003234 0.006940
v 0.037508 0.003234 0.008283
v 0.037508 0.011816 0.021126
v 0.036728 0.013057 0.021640
v 0.036728 0.013866 0.017572
v 0.037508 0.012523 0.017572
v 0.037508 0.011816 0.014017
v 0.036728 0.013057 0.013503
v 0.037508 0.009803 0.011003
v 0.036728 0.010752 0.010054
v 0.037508 0.006789 0.008990
v 0.036728 0.007303 0.007749
v -0.000029 0.003234 0.012693
v -0.000832 0.003234 0.011854
v -0.000029 0.001367 0.013064
v -0.000832 0.001046 0.012289
v -0.000029 -0.000216 0.014122
v -0.000832 -0.000809 0.013528
v -0.000029 -0.001273 0.015704
v -0.000832 -0.002048 0.015383
v -0.000029 -0.001645 0.017572
v -0.000832 -0.002483 0.017572
v -0.000029 -0.001273 0.019439
v -0.000832 -0.002048 0.019760
v -0.000029 -0.000216 0.021021
v -0.000832 -0.000809 0.021615
v -0.000029 0.001367 0.022079
v -0.000832 0.001046 0.022854
v -0.000029 0.003234 0.022451
v -0.000832 0.003234 0.023289
v -0.000029 0.005101 0.022079
v -0.000832 0.005422 0.022854
v -0.000029 0.006684 0.021021
v -0.000832 0.007277 0.021615
v -0.000029 0.007742 0.019439
v -0.000832 0.008517 0.019760
v -0.000029 0.008113 0.017572
v -0.000832 0.008952 0.017572
v -0.000029 0.007742 0.015704
v -0.000832 0.008517 0.015383
v -0.000029 0.006684 0.014122
v -0.000832 0.007277 0.013528
v -0.000029 0.005101 0.013064
v -0.000832 0.005422 0.012289
v -0.032894 -0.007461 0.022002
v -0.034304 -0.007955 0.022206
v -0.034304 -0.008877 0.017572
v -0.032894 -0.008342 0.017572
v -0.032894 0.011420 0.025757
v -0.034304 0.011798 0.026136
v -0.034304 0.007869 0.028761
v -0.032894 0.007664 0.028267
v -0.032894 -0.007461 0.013141
v -0.034304 -0.007955 0.012937
v -0.032894 0.003234 0.029148
v -0.034304 0.003234 0.029683
v -0.034304 -0.005330 0.009007
v -0.032894 -0.004951 0.009386
v -0.034304 -0.001400 0.028761
v -0.032894 -0.001196 0.028267
v -0.034304 -0.001400 0.006382
v -0.032894 -0.001196 0.006876
v -0.034304 -0.005330 0.026136
v -0.032894 -0.004951 0.025757
v -0.034304 0.003234 0.005460
v -0.032894 0.003234 0.005995
v -0.032894 0.013930 0.022002
v -0.034304 0.014424 0.022206
v -0.034304 0.015346 0.017572
v -0.032894 0.014811 0.017572
v -0.032894 0.013930 0.013141
v -0.034304 0.014424 0.012937
v -0.032894 0.011420 0.009386
v -0.034304 0.011798 0.009007
v -0.032894 0.007664 0.006876
v -0.034304 0.007869 0.006382
v -0.034304 -0.007955 0.022206
v -0.035704 -0.007451 0.021998
v -0.035704 -0.008331 0.017572
v -0.034304 -0.008877 0.017572
v -0.034304 0.011798 0.026136
v -0.035704 0.011412 0.025750
v -0.035704 0.007660 0.028257
v -0.034304 0.007869 0.028761
v -0.034304 -0.007955 0.012937
v -0.035704 -0.007451 0.013146
v -0.034304 0.003234 0.029683
v -0.035704 0.003234 0.029137
v -0.035704 -0.004944 0.009393
v -0.034304 -0.005330 0.009007
v -0.035704 -0.001192 0.028257
v -0.034304 -0.001400 0.028761
v -0.035704 -0.001192 0.006886
v -0.034304 -0.001400 0.006382
v -0.035704 -0.004944 0.025750
v -0.034304 -0.005330 0.026136
v -0.035704 0.003234 0.006006
v -0.034304 0.003234 0.005460
v -0.034304 0.014424 0.022206
v -0.035704 0.013920 0.021998
v -0.035704 0.014800 0.017572
v -0.034304 0.015346 0.017572
v -0.034304 0.014424 0.012937
v -0.035704 0.013920 0.013146
v -0.034304 0.011798 0.009007
v -0.035704 0.011412 0.009393
v -0.034304 0.007869 0.006382
v -0.035704 0.007660 0.006886
v -0.036728 -0.006588 0.021640
v -0.037508 -0.005348 0.021126
v -0.037508 -0.006055 0.017572
v -0.036728 -0.007397 0.017572
v -0.036728 0.010752 0.025089
v -0.037508 0.009803 0.024140
v -0.037508 0.006789 0.026153
v -0.036728 0.007303 0.027394
v -0.036728 -0.006588 0.013503
v -0.037508 -0.005348 0.014017
v -0.036728 0.003234 0.028203
v -0.037508 0.003234 0.026860
v -0.037508 -0.003334 0.011003
v -0.036728 -0.004283 0.010054
v -0.037508 -0.000320 0.026153
v -0.036728 -0.000834 0.027394
v -0.037508 -0.000320 0.008990
v -0.036728 -0.000834 0.007749
v -0.037508 -0.003334 0.024140
v -0.036728 -0.004283 0.025089
v -0.037508 0.003234 0.008283
v -0.036728 0.003234 0.006940
v -0.036728 0.013057 0.021640
v -0.037508 0.011816 0.021126
v -0.037508 0.012523 0.017572
v -0.036728 0.013866 0.017572
v -0.036728 0.013057 0.013503
v -0.037508 0.011816 0.014017
v -0.036728 0.010752 0.010054
v -0.037508 0.009803 0.011003
v -0.036728 0.007303 0.007749
v -0.037508 0.006789 0.008990
v 0.000029 0.003234 -0.052197
v 0.000832 0.003234 -0.051358
v 0.000029 0.001367 -0.052569
v 0.000832 0.001046 -0.051794
v 0.000029 -0.000216 -0.053626
v 0.000832 -0.000809 -0.053033
v 0.000029 -0.001273 -0.055209
v 0.000832 -0.002048 -0.054888
v 0.000029 -0.001645 -0.057076
v 0.000832 -0.002483 -0.057076
v 0.000029 -0.001273 -0.058943
v 0.000832 -0.002048 -0.059264
v 0.000029 -0.000216 -0.060526
v 0.000832 -0.000809 -0.061119
v 0.000029 0.001367 -0.061584
v 0.000832 0.001046 -0.062359
v 0.000029 0.003234 -0.061955
v 0.000832 0.003234 -0.062794
v 0.000029 0.005101 -0.061584
v 0.000832 0.005422 -0.062359
v 0.000029 0.006684 -0.060526
v 0.000832 0.007277 -0.061119
v 0.000029 0.007742 -0.058943
v 0.000832 0.008517 -0.059264
v 0.000029 0.008113 -0.057076
v 0.000832 0.008952 -0.057076
v 0.000029 0.007742 -0.055209
v 0.000832 0.008517 -0.054888
v 0.000029 0.006684 -0.053626
v 0.000832 0.007277 -0.053033
v 0.000029 0.005101 -0.052569
v 0.000832 0.005422 -0.051794
v 0.034304 -0.007955 -0.061711
v 0.032894 -0.007461 -0.061506
v 0.034304 -0.008877 -0.057076
v 0.032894 -0.008342 -0.057076
v 0.032894 0.011420 -0.065262
v 0.034304 0.011798 -0.065640
v 0.034304 0.007869 -0.068266
v 0.032894 0.007664 -0.067771
v 0.032894 -0.007461 -0.052646
v 0.034304 -0.007955 -0.052441
v 0.032894 0.003234 -0.068653
v 0.034304 0.003234 -0.069188
v 0.034304 -0.005330 -0.048512
v 0.032894 -0.004951 -0.048890
v 0.034304 -0.001400 -0.068266
v 0.032894 -0.001196 -0.067771
v 0.034304 -0.001400 -0.045887
v 0.032894 -0.001196 -0.046381
v 0.034304 -0.005330 -0.065640
v 0.032894 -0.004951 -0.065262
v 0.034304 0.003234 -0.044965
v 0.032894 0.003234 -0.045500
v 0.032894 0.013930 -0.061506
v 0.034304 0.014424 -0.061711
v 0.034304 0.015346 -0.057076
v 0.032894 0.014811 -0.057076
v 0.032894 0.013930 -0.052646
v 0.034304 0.014424 -0.052441
v 0.032894 0.011420 -0.048890
v 0.034304 0.011798 -0.048512
v 0.032894 0.007664 -0.046381
v 0.034304 0.007869 -0.045887
v 0.035704 -0.007451 -0.061502
v 0.034304 -0.007955 -0.061711
v 0.035704 -0.008331 -0.057076
v 0.034304 -0.008877 -0.057076
v 0.034304 0.011798 -0.065640
v 0.035704 0.011412 -0.065254
v 0.035704 0.007660 -0.067761
v 0.034304 0.007869 -0.068266
v 0.034304 -0.007955 -0.052441
v 0.035704 -0.007451 -0.052650
v 0.034304 0.003234 -0.069188
v 0.035704 0.003234 -0.068642
v 0.035704 -0.004944 -0.048898
v 0.034304 -0.005330 -0.048512
v 0.035704 -0.001192 -0.067761
v 0.034304 -0.001400 -0.068266
v 0.035704 -0.001192 -0.046391
v 0.034304 -0.001400 -0.045887
v 0.035704 -0.004944 -0.065254
v 0.034304 -0.005330 -0.065640
v 0.035704 0.003234 -0.045511
v 0.034304 0.003234 -0.044965
v 0.034304 0.014424 -0.061711
v 0.035704 0.013920 -0.061502
v 0.035704 0.014800 -0.057076
v 0.034304 0.015346 -0.057076
v 0.034304 0.014424 -0.052441
v 0.035704 0.013920 -0.052650
v 0.034304 0.011798 -0.048512
v 0.035704 0.011412 -0.048898
v 0.034304 0.007869 -0.045887
v 0.035704 0.007660 -0.046391
v 0.036728 -0.006588 -0.061145
v 0.037508 -0.005348 -0.060631
v 0.037508 -0.006055 -0.057076
v 0.036728 -0.007397 -0.057076
v 0.037508 0.009803 -0.063644
v 0.036728 0.010752 -0.064594
v 0.037508 0.006789 -0.065658
v 0.036728 0.007303 -0.066898
v 0.036728 -0.006588 -0.053008
v 0.037508 -0.005348 -0.053521
v 0.036728 0.003234 -0.067708
v 0.037508 0.003234 -0.066365
v 0.037508 -0.003334 -0.050508
v 0.036728 -0.004283 -0.049558
v 0.037508 -0.000320 -0.065658
v 0.036728 -0.000834 -0.066898
v 0.037508 -0.000320 -0.048494
v 0.036728 -0.000834 -0.047254
v 0.037508 -0.003334 -0.063644
v 0.036728 -0.004283 -0.064594
v 0.037508 0.003234 -0.047787
v 0.036728 0.003234 -0.046445
v 0.036728 0.013057 -0.061145
v 0.037508 0.011816 -0.060631
v 0.037508 0.012523 -0.057076
v 0.036728 0.013866 -0.057076
v 0.036728 0.013057 -0.053008
v 0.037508 0.011816 -0.053521
v 0.036728 0.010752 -0.049558
v 0.037508 0.009803 -0.050508
v 0.036728 0.007303 -0.047254
v 0.037508 0.006789 -0.048494
v -0.000029 0.003234 -0.052197
v -0.000832 0.003234 -0.051358
v -0.000029 0.001367 -0.052569
v -0.000832 0.001046 -0.051794
v -0.000029 -0.000216 -0.053626
v -0.000832 -0.000809 -0.053033
v -0.000832 -0.002048 -0.054888
v -0.000029 -0.001273 -0.055209
v -0.000029 -0.001645 -0.057076
v -0.000832 -0.002483 -0.057076
v -0.000029 -0.001273 -0.058943
v -0.000832 -0.002048 -0.059264
v -0.000029 -0.000216 -0.060526
v -0.000832 -0.000809 -0.061119
v -0.000832 0.001046 -0.062359
v -0.000029 0.001367 -0.061584
v -0.000029 0.003234 -0.061955
v -0.000832 0.003234 -0.062794
v -0.000832 0.005422 -0.062359
v -0.000029 0.005101 -0.061584
v -0.000029 0.006684 -0.060526
v -0.000832 0.007277 -0.061119
v -0.000832 0.008517 -0.059264
v -0.000029 0.007742 -0.058943
v -0.000029 0.008113 -0.057076
v -0.000832 0.008952 -0.057076
v -0.000832 0.008517 -0.054888
v -0.000029 0.007742 -0.055209
v -0.000029 0.006684 -0.053626
v -0.000832 0.007277 -0.053033
v -0.000029 0.005101 -0.052569
v -0.000832 0.005422 -0.051794
v -0.034304 -0.007955 -0.061711
v -0.032894 -0.007461 -0.061506
v -0.032894 -0.008342 -0.057076
v -0.034304 -0.008877 -0.057076
v -0.032894 0.011420 -0.065262
v -0.034304 0.011798 -0.065640
v -0.032894 0.007664 -0.067771
v -0.034304 0.007869 -0.068266
v -0.034304 -0.007955 -0.052441
v -0.032894 -0.007461 -0.052646
v -0.034304 0.003234 -0.069188
v -0.032894 0.003234 -0.068653
v -0.032894 -0.004951 -0.048890
v -0.034304 -0.005330 -0.048512
v -0.032894 -0.001196 -0.067771
v -0.034304 -0.001400 -0.068266
v -0.032894 -0.001196 -0.046381
v -0.034304 -0.001400 -0.045887
v -0.032894 -0.004951 -0.065262
v -0.034304 -0.005330 -0.065640
v -0.032894 0.003234 -0.045500
v -0.034304 0.003234 -0.044965
v -0.034304 0.014424 -0.061711
v -0.032894 0.013930 -0.061506
v -0.032894 0.014811 -0.057076
v -0.034304 0.015346 -0.057076
v -0.034304 0.014424 -0.052441
v -0.032894 0.013930 -0.052646
v -0.034304 0.011798 -0.048512
v -0.032894 0.011420 -0.048890
v -0.034304 0.007869 -0.045887
v -0.032894 0.007664 -0.046381
v -0.034304 -0.007955 -0.061711
v -0.035704 -0.007451 -0.061502
v -0.034304 -0.008877 -0.057076
v -0.035704 -0.008331 -0.057076
v -0.035704 0.011412 -0.065254
v -0.034304 0.011798 -0.065640
v -0.034304 0.007869 -0.068266
v -0.035704 0.007660 -0.067761
v -0.035704 -0.007451 -0.052650
v -0.034304 -0.007955 -0.052441
v -0.035704 0.003234 -0.068642
v -0.034304 0.003234 -0.069188
v -0.034304 -0.005330 -0.048512
v -0.035704 -0.004944 -0.048898
v -0.034304 -0.001400 -0.068266
v -0.035704 -0.001192 -0.067761
v -0.034304 -0.001400 -0.045887
v -0.035704 -0.001192 -0.046391
v -0.034304 -0.005330 -0.065640
v -0.035704 -0.004944 -0.065254
v -0.034304 0.003234 -0.044965
v -0.035704 0.003234 -0.045511
v -0.035704 0.013920 -0.061502
v -0.034304 0.014424 -0.061711
v -0.034304 0.015346 -0.057076
v -0.035704 0.014800 -0.057076
v -0.035704 0.013920 -0.052650
v -0.034304 0.014424 -0.052441
v -0.035704 0.011412 -0.048898
v -0.034304 0.011798 -0.048512
v -0.035704 0.007660 -0.046391
v -0.034304 0.007869 -0.045887
v -0.037508 -0.005348 -0.060631
v -0.036728 -0.006588 -0.061145
v -0.036728 -0.007397 -0.057076
v -0.037508 -0.006055 -0.057076
v -0.037508 0.009803 -0.063644
v -0.036728 0.010752 -0.064594
v -0.036728 0.007303 -0.066898
v -0.037508 0.006789 -0.065658
v -0.037508 -0.005348 -0.053521
v -0.036728 -0.006588 -0.053008
v -0.037508 0.003234 -0.066365
v -0.036728 0.003234 -0.067708
v -0.036728 -0.004283 -0.049558
v -0.037508 -0.003334 -0.050508
v -0.036728 -0.000834 -0.066898
v -0.037508 -0.000320 -0.065658
v -0.036728 -0.000834 -0.047254
v -0.037508 -0.000320 -0.048494
v -0.036728 -0.004283 -0.064594
v -0.037508 -0.003334 -0.063644
v -0.036728 0.003234 -0.046445
v -0.037508 0.003234 -0.047787
v -0.037508 0.011816 -0.060631
v -0.036728 0.013057 -0.061145
v -0.036728 0.013866 -0.057076
v -0.037508 0.012523 -0.057076
v -0.037508 0.011816 -0.053521
v -0.036728 0.013057 -0.053008
v -0.037508 0.009803 -0.050508
v -0.036728 0.010752 -0.049558
v -0.037508 0.006789 -0.048494
v -0.036728 0.007303 -0.047254
v -0.023888 0.055824 -0.049398
v -0.023888 0.055021 -0.050201
v -0.024690 0.054218 -0.048511
v -0.024690 0.073462 -0.048508
v -0.023888 0.072973 -0.050201
v -0.023888 0.072171 -0.049398
v -0.023888 0.072973 -0.063152
v -0.024690 0.073462 -0.064845
v -0.023888 0.072171 -0.063955
v -0.023888 0.055021 -0.063152
v -0.023888 0.055824 -0.063955
v -0.024690 0.054218 -0.064842
v 0.023888 0.072171 -0.049398
v 0.023888 0.072973 -0.050201
v 0.024690 0.073211 -0.048965
v 0.023888 0.055824 -0.063955
v 0.023888 0.055021 -0.063152
v 0.024690 0.053847 -0.064361
v 0.023888 0.072973 -0.063152
v 0.023888 0.072171 -0.063955
v 0.024690 0.073211 -0.064388
v 0.024690 0.053847 -0.048992
v 0.023888 0.055021 -0.050201
v 0.023888 0.055824 -0.049398
v 0.024668 0.090235 -0.079772
v 0.025429 0.090533 -0.078969
v 0.027376 0.080136 -0.078969
v 0.026721 0.079348 -0.078969
v 0.026557 0.080150 -0.079772
v -0.018868 0.099453 -0.079772
v -0.019462 0.100016 -0.078969
v -0.010533 0.106352 -0.078969
v -0.010204 0.105601 -0.079772
v 0.025429 0.090533 -0.033666
v 0.024668 0.090235 -0.032863
v 0.026557 0.080150 -0.032863
v 0.026721 0.079348 -0.033666
v 0.027376 0.080136 -0.033666
v -0.019462 0.100016 -0.033666
v -0.018868 0.099453 -0.032863
v -0.010204 0.105601 -0.032863
v -0.010533 0.106352 -0.033666
v -0.000000 0.107756 -0.079772
v -0.000000 0.108576 -0.078969
v 0.010533 0.106352 -0.078969
v 0.010204 0.105601 -0.079772
v -0.026721 0.079348 -0.078969
v -0.027376 0.080136 -0.078969
v -0.026557 0.080150 -0.079772
v -0.000000 0.108576 -0.033666
v -0.000000 0.107756 -0.032863
v 0.010204 0.105601 -0.032863
v 0.010533 0.106352 -0.033666
v -0.026557 0.080150 -0.032863
v -0.027376 0.080136 -0.033666
v -0.026721 0.079348 -0.033666
v 0.019462 0.100016 -0.078969
v 0.018868 0.099453 -0.079772
v -0.025429 0.090533 -0.078969
v -0.024668 0.090235 -0.079772
v 0.018868 0.099453 -0.032863
v 0.019462 0.100016 -0.033666
v -0.024668 0.090235 -0.032863
v -0.025429 0.090533 -0.033666
vn 1.0000 -0.0000 -0.0000
vn -1.0000 -0.0000 -0.0000
vn 0.1602 0.9871 -0.0000
vn -0.0000 1.0000 -0.0000
vn -0.0000 -0.0000 -1.0000
vn 0.7071 0.7071 -0.0000
vn 0.9239 0.3827 -0.0000
vn 0.9239 -0.3827 -0.0000
vn 0.6716 -0.7410 -0.0000
vn 0.2430 -0.9700 -0.0000
vn -0.2430 -0.9700 -0.0000
vn 0.3827 0.9239 -0.0000
vn -0.0000 -1.0000 -0.0000
vn -0.9239 -0.3827 -0.0000
vn -0.9239 0.3827 -0.0000
vn -0.0000 -0.0208 -0.9998
vn -0.0000 -0.2479 -0.9688
vn 0.3707 -0.2479 -0.8950
vn 0.3826 -0.0208 -0.9237
vn -0.7071 0.7071 -0.0000
vn -0.3827 0.9239 -0.0000
vn -0.0000 -0.0000 1.0000
vn -0.6716 -0.7410 -0.0000
vn 0.3707 -0.2479 0.8950
vn 0.6850 -0.2479 0.6850
vn 0.6231 -0.4728 0.6231
vn 0.3372 -0.4728 0.8141
vn 0.8950 -0.2479 0.3707
vn 0.9688 -0.2479 -0.0000
vn 0.8811 -0.4728 -0.0000
vn 0.8141 -0.4728 0.3372
vn -0.7070 -0.0208 -0.7070
vn -0.6850 -0.2479 -0.6850
vn -0.3707 -0.2479 -0.8950
vn -0.3826 -0.0208 -0.9237
vn 0.7071 -0.0000 -0.7071
vn 0.9239 -0.0000 -0.3827
vn -0.3707 -0.2479 0.8950
vn -0.0000 -0.2479 0.9688
vn -0.0000 -0.4728 0.8811
vn -0.3372 -0.4728 0.8141
vn -0.9237 -0.0208 -0.3826
vn -0.8950 -0.2479 -0.3707
vn -0.6850 -0.2479 0.6850
vn -0.6231 -0.4728 0.6231
vn -0.9998 -0.0208 -0.0000
vn -0.9688 -0.2479 -0.0000
vn 0.9239 -0.0000 0.3827
vn -0.8141 -0.4728 -0.3372
vn -0.6231 -0.4728 -0.6231
vn -0.9237 -0.0208 0.3826
vn -0.8950 -0.2479 0.3707
vn 0.7071 -0.0000 0.7071
vn -0.3372 -0.4728 -0.8141
vn -0.0000 -0.4728 -0.8811
vn -0.7070 -0.0208 0.7070
vn 0.3827 -0.0000 0.9239
vn -0.8141 -0.4728 0.3372
vn -0.3826 -0.0208 0.9237
vn 0.6850 -0.2479 -0.6850
vn 0.3372 -0.4728 -0.8141
vn 0.6231 -0.4728 -0.6231
vn -0.0000 -0.0208 0.9998
vn -0.3827 -0.0000 0.9239
vn 0.8950 -0.2479 -0.3707
vn 0.8141 -0.4728 -0.3372
vn 0.3826 -0.0208 0.9237
vn -0.7071 -0.0000 0.7071
vn 0.7070 -0.0208 0.7070
vn -0.9239 -0.0000 0.3827
vn -0.8811 -0.4728 -0.0000
vn 0.9237 -0.0208 0.3826
vn -0.8181 -0.5750 -0.0000
vn -0.7558 -0.5751 -0.3131
vn 0.9998 -0.0208 -0.0000
vn -0.9239 -0.0000 -0.3827
vn 0.9237 -0.0208 -0.3826
vn -0.7071 -0.0000 -0.7071
vn -0.3827 -0.0000 -0.9239
vn 0.7070 -0.0208 -0.7070
vn 0.3827 -0.0000 -0.9239
vn 0.5785 -0.5750 0.5785
vn 0.7558 -0.5750 0.3131
vn 0.8051 -0.4906 0.3335
vn 0.6162 -0.4906 0.6162
vn 0.9854 -0.1704 -0.0000
vn 0.9104 -0.1704 -0.3771
vn 0.9149 0.1394 -0.3789
vn 0.9902 0.1394 -0.0000
vn 0.3131 -0.5750 0.7558
vn -0.0000 -0.5750 0.8181
vn -0.5785 -0.5750 -0.5785
vn 0.3131 -0.5750 -0.7558
vn 0.5785 -0.5750 -0.5785
vn -0.3131 -0.5750 -0.7558
vn 0.8181 -0.5750 -0.0000
vn -0.0000 -0.5750 -0.8181
vn -0.3131 -0.5750 0.7558
vn -0.5785 -0.5750 0.5785
vn 0.7558 -0.5750 -0.3131
vn -0.7558 -0.5750 0.3131
vn -0.0000 -0.4906 -0.8714
vn 0.3335 -0.4906 -0.8051
vn -0.9104 -0.1704 0.3771
vn -0.6968 -0.1704 0.6968
vn -0.7002 0.1394 0.7002
vn -0.9149 0.1394 0.3789
vn -0.3771 -0.1704 0.9104
vn -0.0000 -0.1704 0.9854
vn -0.0000 0.1394 0.9902
vn -0.3789 0.1394 0.9149
vn -0.9854 -0.1704 -0.0000
vn -0.9902 0.1394 -0.0000
vn 0.6968 -0.1704 -0.6968
vn 0.7002 0.1394 -0.7002
vn -0.9104 -0.1704 -0.3771
vn -0.9149 0.1394 -0.3789
vn 0.3771 -0.1704 0.9104
vn 0.3789 0.1394 0.9149
vn -0.6968 -0.1704 -0.6968
vn -0.7002 0.1394 -0.7002
vn 0.3771 -0.1704 -0.9104
vn 0.3789 0.1394 -0.9149
vn -0.3771 -0.1704 -0.9104
vn -0.3789 0.1394 -0.9149
vn 0.6968 -0.1704 0.6968
vn 0.7002 0.1394 0.7002
vn 0.9104 -0.1704 0.3771
vn 0.9149 0.1394 0.3789
vn -0.0000 -0.1704 -0.9854
vn -0.0000 0.1394 -0.9902
vn -0.6460 0.4068 -0.6460
vn -0.8440 0.4068 -0.3496
vn -0.6521 0.7084 -0.2701
vn -0.4991 0.7084 -0.4991
vn 0.8051 -0.4906 -0.3335
vn 0.8714 -0.4906 -0.0000
vn -0.8051 -0.4906 0.3335
vn -0.8714 -0.4906 -0.0000
vn -0.6162 -0.4906 0.6162
vn -0.3335 -0.4906 -0.8051
vn -0.3335 -0.4906 0.8051
vn -0.0000 -0.4906 0.8714
vn 0.6162 -0.4906 -0.6162
vn -0.8051 -0.4906 -0.3335
vn 0.3335 -0.4906 0.8051
vn -0.6162 -0.4906 -0.6162
vn 0.8440 0.4068 0.3496
vn 0.9135 0.4068 -0.0000
vn 0.7058 0.7084 -0.0000
vn 0.6521 0.7084 0.2701
vn 0.6521 0.7084 -0.2701
vn 0.3652 0.9186 -0.1513
vn 0.3953 0.9186 -0.0000
vn 0.6460 0.4068 -0.6460
vn 0.3496 0.4068 -0.8440
vn 0.2701 0.7084 -0.6521
vn 0.4991 0.7084 -0.4991
vn -0.3496 0.4068 -0.8440
vn -0.2701 0.7084 -0.6521
vn 0.3496 0.4068 0.8440
vn 0.6460 0.4068 0.6460
vn 0.4991 0.7084 0.4991
vn 0.2701 0.7084 0.6521
vn 0.1862 -0.9077 0.3760
vn 0.1862 -0.9825 -0.0000
vn 0.5905 -0.8071 -0.0000
vn 0.5905 -0.7456 0.3088
vn -0.0000 0.4068 -0.9135
vn -0.0000 0.7084 -0.7058
vn -0.9135 0.4068 -0.0000
vn -0.8440 0.4068 0.3496
vn -0.6521 0.7084 0.2701
vn -0.7058 0.7084 -0.0000
vn 0.8440 0.4068 -0.3496
vn -0.6460 0.4068 0.6460
vn -0.4991 0.7084 0.4991
vn -0.3496 0.4068 0.8440
vn -0.2701 0.7084 0.6521
vn -0.0000 0.4068 0.9135
vn -0.0000 0.7084 0.7058
vn 0.1513 0.9186 0.3652
vn 0.2795 0.9186 0.2795
vn 0.1032 0.9893 0.1032
vn 0.0558 0.9893 0.1348
vn -0.2795 0.9186 0.2795
vn -0.3652 0.9186 0.1513
vn -0.0000 0.9186 0.3953
vn -0.1513 0.9186 0.3652
vn -0.3953 0.9186 -0.0000
vn 0.2795 0.9186 -0.2795
vn -0.3652 0.9186 -0.1513
vn -0.2795 0.9186 -0.2795
vn 0.1513 0.9186 -0.3652
vn -0.1513 0.9186 -0.3652
vn 0.3652 0.9186 0.1513
vn -0.0000 0.9186 -0.3953
vn 0.1032 0.9893 -0.1032
vn 0.0558 0.9893 -0.1348
vn -0.0000 0.9893 -0.1459
vn -0.0558 0.9893 -0.1348
vn -0.1032 0.9893 -0.1032
vn -0.1348 0.9893 -0.0558
vn -0.1459 0.9893 -0.0000
vn -0.1348 0.9893 0.0558
vn -0.1032 0.9893 0.1032
vn -0.0558 0.9893 0.1348
vn -0.0000 0.9893 0.1459
vn 0.1348 0.9893 0.0558
vn 0.1459 0.9893 -0.0000
vn 0.1348 0.9893 -0.0558
vn -0.7242 -0.6371 0.2639
vn -0.7242 -0.6896 -0.0000
vn -0.3050 -0.9524 -0.0000
vn -0.3050 -0.8799 0.3645
vn 0.9888 0.1379 -0.0571
vn 0.9888 0.1492 -0.0000
vn 0.8707 0.4918 -0.0000
vn 0.8707 0.4544 -0.1882
vn 0.6138 0.7294 -0.3021
vn 0.6138 0.7895 -0.0000
vn 0.1980 0.9802 -0.0000
vn 0.1980 0.9056 -0.3751
vn -0.3238 0.8741 -0.3621
vn -0.3238 0.9461 -0.0000
vn -0.7558 0.6548 -0.0000
vn -0.7558 0.6049 -0.2506
vn -0.9808 0.1803 -0.0747
vn -0.9808 0.1952 -0.0000
vn -1.0000 0.0033 -0.0000
vn -1.0000 0.0030 -0.0013
vn -0.9670 -0.2547 -0.0000
vn -0.9670 -0.2353 0.0975
vn 0.1862 -0.9077 -0.3760
vn 0.1862 -0.6947 -0.6947
vn 0.5905 -0.5707 -0.5707
vn 0.5905 -0.7456 -0.3088
vn -0.7242 -0.6371 -0.2639
vn -0.7242 -0.4876 -0.4876
vn -0.3050 -0.6734 -0.6734
vn -0.3050 -0.8799 -0.3645
vn 0.9888 0.1379 0.0571
vn 0.9888 0.1055 0.1055
vn 0.8707 0.3478 0.3478
vn 0.8707 0.4544 0.1882
vn 0.6138 0.7294 0.3021
vn 0.6138 0.5582 0.5582
vn 0.1980 0.6931 0.6931
vn 0.1980 0.9056 0.3751
vn -0.3238 0.8741 0.3621
vn -0.3238 0.6690 0.6690
vn -0.7558 0.4630 0.4630
vn -0.7558 0.6049 0.2506
vn -0.9808 0.1803 0.0747
vn -0.9808 0.1380 0.1380
vn -1.0000 0.0023 0.0023
vn -1.0000 0.0030 0.0013
vn -0.9670 -0.1801 -0.1801
vn -0.9670 -0.2353 -0.0975
vn 0.1862 -0.3760 -0.9077
vn 0.5905 -0.3088 -0.7456
vn 0.8497 -0.4872 -0.2018
vn 0.8497 -0.3729 -0.3729
vn 0.9817 -0.1347 -0.1347
vn 0.9817 -0.1760 -0.0729
vn -0.7242 -0.2639 -0.6371
vn -0.3050 -0.3645 -0.8799
vn 0.9888 0.0571 0.1379
vn 0.8707 0.1882 0.4544
vn 0.6138 0.3021 0.7294
vn 0.1980 0.3751 0.9056
vn -0.3238 0.3621 0.8741
vn -0.7558 0.2506 0.6049
vn -0.9808 0.0747 0.1803
vn -1.0000 0.0013 0.0030
vn -0.9670 -0.0975 -0.2353
vn 0.1862 -0.0000 -0.9825
vn 0.5905 -0.0000 -0.8071
vn 0.8497 -0.2018 -0.4872
vn 0.9817 -0.0729 -0.1760
vn -0.7242 -0.0000 -0.6896
vn -0.3050 -0.0000 -0.9524
vn 0.9888 -0.0000 0.1492
vn 0.8707 -0.0000 0.4918
vn 0.6138 -0.0000 0.7895
vn 0.1980 -0.0000 0.9802
vn -0.3238 -0.0000 0.9461
vn -0.7558 -0.0000 0.6548
vn -0.9808 -0.0000 0.1952
vn -1.0000 -0.0000 0.0033
vn -0.9670 -0.0000 -0.2547
vn 0.1862 0.3760 -0.9077
vn 0.5905 0.3088 -0.7456
vn 0.8497 -0.0000 -0.5273
vn 0.9817 -0.0000 -0.1905
vn -0.7242 0.2639 -0.6371
vn -0.3050 0.3645 -0.8799
vn 0.9888 -0.0571 0.1379
vn 0.8707 -0.1882 0.4544
vn 0.6138 -0.3021 0.7294
vn 0.1980 -0.3751 0.9056
vn -0.3238 -0.3621 0.8741
vn -0.7558 -0.2506 0.6049
vn -0.9808 -0.0747 0.1803
vn -1.0000 -0.0013 0.0030
vn -0.9670 0.0975 -0.2353
vn 0.1862 0.6947 -0.6947
vn 0.5905 0.5707 -0.5707
vn 0.8497 0.2018 -0.4872
vn 0.9817 0.0729 -0.1760
vn -0.7242 0.4876 -0.4876
vn -0.3050 0.6734 -0.6734
vn 0.9888 -0.1055 0.1055
vn 0.8707 -0.3478 0.3478
vn 0.6138 -0.5582 0.5582
vn 0.1980 -0.6931 0.6931
vn -0.3238 -0.6690 0.6690
vn -0.7558 -0.4630 0.4630
vn -0.9808 -0.1380 0.1380
vn -1.0000 -0.0023 0.0023
vn -0.9670 0.1801 -0.1801
vn 0.1862 0.9077 -0.3760
vn 0.5905 0.7456 -0.3088
vn 0.8497 0.3729 -0.3729
vn 0.9817 0.1347 -0.1347
vn -0.7242 0.6371 -0.2639
vn -0.3050 0.8799 -0.3645
vn 0.9888 -0.1379 0.0571
vn 0.8707 -0.4544 0.1882
vn 0.6138 -0.7294 0.3021
vn 0.1980 -0.9056 0.3751
vn -0.3238 -0.8741 0.3621
vn -0.7558 -0.6049 0.2506
vn -0.9808 -0.1803 0.0747
vn -1.0000 -0.0030 0.0013
vn -0.9670 0.2353 -0.0975
vn 0.1862 0.9825 -0.0000
vn 0.5905 0.8071 -0.0000
vn 0.8497 0.4872 -0.2018
vn 0.9817 0.1760 -0.0729
vn -0.7242 0.6896 -0.0000
vn -0.3050 0.9524 -0.0000
vn 0.9888 -0.1492 -0.0000
vn 0.8707 -0.4918 -0.0000
vn 0.6138 -0.7895 -0.0000
vn 0.1980 -0.9802 -0.0000
vn -0.3238 -0.9461 -0.0000
vn -0.7558 -0.6548 -0.0000
vn -0.9808 -0.1952 -0.0000
vn -1.0000 -0.0033 -0.0000
vn -0.9670 0.2547 -0.0000
vn -0.7242 0.6371 0.2639
vn -0.3050 0.8799 0.3645
vn 0.8497 0.5273 -0.0000
vn 0.9817 0.1905 -0.0000
vn 0.8497 0.4872 0.2018
vn 0.9817 0.1760 0.0729
vn 0.9888 -0.1379 -0.0571
vn 0.8707 -0.4544 -0.1882
vn 0.6138 -0.7294 -0.3021
vn 0.1980 -0.9056 -0.3751
vn -0.3238 -0.8741 -0.3621
vn -0.7558 -0.6049 -0.2506
vn -0.9808 -0.1804 -0.0747
vn -1.0000 -0.0030 -0.0013
vn -0.9670 0.2353 0.0975
vn 0.1862 0.9077 0.3760
vn 0.1862 0.6947 0.6947
vn 0.5905 0.5707 0.5707
vn 0.5905 0.7456 0.3088
vn -0.7242 0.4876 0.4876
vn -0.3050 0.6734 0.6734
vn 0.9888 -0.1055 -0.1055
vn 0.8707 -0.3478 -0.3478
vn 0.6138 -0.5582 -0.5582
vn 0.1980 -0.6931 -0.6931
vn -0.3238 -0.6690 -0.6690
vn -0.7558 -0.4630 -0.4630
vn -0.9808 -0.1380 -0.1380
vn -1.0000 -0.0023 -0.0023
vn -0.9670 0.1801 0.1801
vn 0.1862 0.3760 0.9077
vn 0.5905 0.3088 0.7456
vn 0.8497 0.3729 0.3729
vn 0.9817 0.1347 0.1347
vn -0.7242 0.2639 0.6371
vn -0.3050 0.3645 0.8799
vn 0.9888 -0.0571 -0.1379
vn 0.8707 -0.1882 -0.4544
vn 0.6138 -0.3021 -0.7294
vn 0.1980 -0.3751 -0.9056
vn -0.3238 -0.3621 -0.8741
vn -0.7558 -0.2506 -0.6049
vn -0.9808 -0.0747 -0.1803
vn -1.0000 -0.0013 -0.0030
vn -0.9670 0.0975 0.2353
vn 0.1862 -0.0000 0.9825
vn 0.5905 -0.0000 0.8071
vn 0.8497 0.2018 0.4872
vn 0.9817 0.0729 0.1760
vn -0.7242 -0.0000 0.6896
vn -0.3050 -0.0000 0.9524
vn 0.9888 -0.0000 -0.1492
vn 0.8707 -0.0000 -0.4918
vn 0.6138 -0.0000 -0.7895
vn 0.1980 -0.0000 -0.9802
vn -0.3238 -0.0000 -0.9461
vn -0.7558 -0.0000 -0.6548
vn -0.9808 -0.0000 -0.1952
vn -1.0000 -0.0000 -0.0033
vn -0.9670 -0.0000 0.2547
vn 0.1862 -0.3760 0.9077
vn 0.5905 -0.3088 0.7456
vn 0.8497 -0.0000 0.5273
vn 0.9817 -0.0000 0.1905
vn -0.7242 -0.2639 0.6371
vn -0.3050 -0.3645 0.8799
vn 0.9888 0.0571 -0.1379
vn 0.8707 0.1882 -0.4544
vn 0.6138 0.3021 -0.7294
vn 0.1980 0.3751 -0.9056
vn -0.3238 0.3621 -0.8741
vn -0.7558 0.2506 -0.6049
vn -0.9808 0.0747 -0.1804
vn -1.0000 0.0013 -0.0030
vn -0.9670 -0.0975 0.2353
vn 0.1862 -0.6947 0.6947
vn 0.5905 -0.5707 0.5707
vn 0.8497 -0.2018 0.4872
vn 0.9817 -0.0729 0.1760
vn -0.7242 -0.4876 0.4876
vn -0.3050 -0.6734 0.6734
vn 0.9888 0.1055 -0.1055
vn 0.8707 0.3478 -0.3478
vn 0.6138 0.5582 -0.5582
vn 0.1980 0.6931 -0.6931
vn -0.3238 0.6690 -0.6690
vn -0.7558 0.4630 -0.4630
vn -0.9808 0.1380 -0.1380
vn -1.0000 0.0023 -0.0023
vn -0.9670 -0.1801 0.1801
vn 0.8497 -0.3729 0.3729
vn 0.9817 -0.1347 0.1347
vn 0.8497 -0.4872 0.2018
vn 0.9817 -0.1760 0.0729
vn 0.8497 -0.5273 -0.0000
vn 0.9817 -0.1905 -0.0000
vn -0.9808 0.1804 -0.0747
vn -0.9808 -0.1804 0.0747
vn -0.9808 -0.1803 -0.0747
vn -0.9808 0.0747 -0.1803
vn -0.1862 -0.9077 0.3760
vn -0.5905 -0.7456 0.3088
vn -0.5905 -0.8071 -0.0000
vn -0.1862 -0.9825 -0.0000
vn 0.7242 -0.6371 0.2639
vn 0.3050 -0.8799 0.3645
vn 0.3050 -0.9524 -0.0000
vn 0.7242 -0.6896 -0.0000
vn -0.9888 0.1379 -0.0571
vn -0.8707 0.4544 -0.1882
vn -0.8707 0.4918 -0.0000
vn -0.9888 0.1492 -0.0000
vn -0.6138 0.7294 -0.3021
vn -0.1980 0.9056 -0.3751
vn -0.1980 0.9802 -0.0000
vn -0.6138 0.7895 -0.0000
vn 0.3238 0.8741 -0.3621
vn 0.7558 0.6049 -0.2506
vn 0.7558 0.6548 -0.0000
vn 0.3238 0.9461 -0.0000
vn 0.9808 0.1803 -0.0747
vn 1.0000 0.0030 -0.0013
vn 1.0000 0.0033 -0.0000
vn 0.9808 0.1952 -0.0000
vn 0.9670 -0.2353 0.0975
vn 0.9670 -0.2547 -0.0000
vn -0.1862 -0.9077 -0.3760
vn -0.5905 -0.7456 -0.3088
vn -0.5905 -0.5707 -0.5707
vn -0.1862 -0.6947 -0.6947
vn -0.8497 -0.4872 0.2018
vn -0.9817 -0.1760 0.0729
vn -0.9817 -0.1905 -0.0000
vn -0.8497 -0.5273 -0.0000
vn 0.7242 -0.6371 -0.2639
vn 0.3050 -0.8799 -0.3645
vn 0.3050 -0.6734 -0.6734
vn 0.7242 -0.4876 -0.4876
vn -0.9888 0.1379 0.0571
vn -0.8707 0.4544 0.1882
vn -0.8707 0.3478 0.3478
vn -0.9888 0.1055 0.1055
vn -0.6138 0.7294 0.3021
vn -0.1980 0.9056 0.3751
vn -0.1980 0.6931 0.6931
vn -0.6138 0.5582 0.5582
vn 0.3238 0.8741 0.3621
vn 0.7558 0.6049 0.2506
vn 0.7558 0.4630 0.4630
vn 0.3238 0.6690 0.6690
vn 0.9808 0.1803 0.0747
vn 1.0000 0.0030 0.0013
vn 1.0000 0.0023 0.0023
vn 0.9808 0.1380 0.1380
vn 0.9670 -0.2353 -0.0975
vn 0.9670 -0.1801 -0.1801
vn -0.5905 -0.3088 -0.7456
vn -0.1862 -0.3760 -0.9077
vn -0.8497 -0.4872 -0.2018
vn -0.9817 -0.1760 -0.0729
vn -0.9817 -0.1347 -0.1347
vn -0.8497 -0.3729 -0.3729
vn 0.3050 -0.3645 -0.8799
vn 0.7242 -0.2639 -0.6371
vn -0.8707 0.1882 0.4544
vn -0.9888 0.0571 0.1379
vn -0.1980 0.3751 0.9056
vn -0.6138 0.3021 0.7294
vn 0.7558 0.2506 0.6049
vn 0.3238 0.3621 0.8741
vn 1.0000 0.0013 0.0030
vn 0.9808 0.0747 0.1803
vn 0.9670 -0.0975 -0.2353
vn -0.5905 -0.0000 -0.8071
vn -0.1862 -0.0000 -0.9825
vn -0.9817 -0.0729 -0.1760
vn -0.8497 -0.2018 -0.4872
vn 0.3050 -0.0000 -0.9524
vn 0.7242 -0.0000 -0.6896
vn -0.8707 -0.0000 0.4918
vn -0.9888 -0.0000 0.1492
vn -0.1980 -0.0000 0.9802
vn -0.6138 -0.0000 0.7895
vn 0.7558 -0.0000 0.6548
vn 0.3238 -0.0000 0.9461
vn 1.0000 -0.0000 0.0033
vn 0.9808 -0.0000 0.1952
vn 0.9670 -0.0000 -0.2547
vn -0.5905 0.3088 -0.7456
vn -0.1862 0.3760 -0.9077
vn -0.9817 -0.0000 -0.1905
vn -0.8497 -0.0000 -0.5273
vn 0.3050 0.3645 -0.8799
vn 0.7242 0.2639 -0.6371
vn -0.8707 -0.1882 0.4544
vn -0.9888 -0.0571 0.1379
vn -0.1980 -0.3751 0.9056
vn -0.6138 -0.3021 0.7294
vn 0.7558 -0.2506 0.6049
vn 0.3238 -0.3621 0.8741
vn 1.0000 -0.0013 0.0030
vn 0.9808 -0.0747 0.1803
vn 0.9670 0.0975 -0.2353
vn -0.5905 0.5707 -0.5707
vn -0.1862 0.6947 -0.6947
vn -0.9817 0.0729 -0.1760
vn -0.8497 0.2018 -0.4872
vn 0.3050 0.6734 -0.6734
vn 0.7242 0.4876 -0.4876
vn -0.8707 -0.3478 0.3478
vn -0.9888 -0.1055 0.1055
vn -0.1980 -0.6931 0.6931
vn -0.6138 -0.5582 0.5582
vn 0.7558 -0.4630 0.4630
vn 0.3238 -0.6690 0.6690
vn 1.0000 -0.0023 0.0023
vn 0.9808 -0.1380 0.1380
vn 0.9670 0.1801 -0.1801
vn -0.5905 0.7456 -0.3088
vn -0.1862 0.9077 -0.3760
vn -0.9817 0.1347 -0.1347
vn -0.8497 0.3729 -0.3729
vn 0.3050 0.8799 -0.3645
vn 0.7242 0.6371 -0.2639
vn -0.8707 -0.4544 0.1882
vn -0.9888 -0.1379 0.0571
vn -0.1980 -0.9056 0.3751
vn -0.6138 -0.7294 0.3021
vn 0.7558 -0.6049 0.2506
vn 0.3238 -0.8741 0.3621
vn 1.0000 -0.0030 0.0013
vn 0.9808 -0.1803 0.0747
vn 0.9670 0.2353 -0.0975
vn -0.5905 0.8071 -0.0000
vn -0.1862 0.9825 -0.0000
vn -0.9817 0.1760 -0.0729
vn -0.8497 0.4872 -0.2018
vn 0.3050 0.9524 -0.0000
vn 0.7242 0.6896 -0.0000
vn -0.8707 -0.4918 -0.0000
vn -0.9888 -0.1492 -0.0000
vn -0.1980 -0.9802 -0.0000
vn -0.6138 -0.7895 -0.0000
vn 0.7558 -0.6548 -0.0000
vn 0.3238 -0.9461 -0.0000
vn 1.0000 -0.0033 -0.0000
vn 0.9808 -0.1952 -0.0000
vn 0.9670 0.2547 -0.0000
vn -0.5905 0.7456 0.3088
vn -0.1862 0.9077 0.3760
vn -0.9817 0.1905 -0.0000
vn -0.8497 0.5273 -0.0000
vn 0.3050 0.8799 0.3645
vn 0.7242 0.6371 0.2639
vn -0.8707 -0.4544 -0.1882
vn -0.9888 -0.1379 -0.0571
vn -0.1980 -0.9056 -0.3751
vn -0.6138 -0.7294 -0.3021
vn 0.7558 -0.6049 -0.2506
vn 0.3238 -0.8741 -0.3621
vn 1.0000 -0.0030 -0.0013
vn 0.9808 -0.1804 -0.0747
vn 0.9670 0.2353 0.0975
vn -0.5905 0.5707 0.5707
vn -0.1862 0.6947 0.6947
vn -0.9817 0.1760 0.0729
vn -0.8497 0.4872 0.2018
vn 0.3050 0.6734 0.6734
vn 0.7242 0.4876 0.4876
vn -0.8707 -0.3478 -0.3478
vn -0.9888 -0.1055 -0.1055
vn -0.1980 -0.6931 -0.6931
vn -0.6138 -0.5582 -0.5582
vn 0.7558 -0.4630 -0.4630
vn 0.3238 -0.6690 -0.6690
vn 1.0000 -0.0023 -0.0023
vn 0.9808 -0.1380 -0.1380
vn 0.9670 0.1801 0.1801
vn -0.5905 0.3088 0.7456
vn -0.1862 0.3760 0.9077
vn -0.9817 0.1347 0.1347
vn -0.8497 0.3729 0.3729
vn 0.3050 0.3645 0.8799
vn 0.7242 0.2639 0.6371
vn -0.8707 -0.1882 -0.4544
vn -0.9888 -0.0571 -0.1379
vn -0.1980 -0.3751 -0.9056
vn -0.6138 -0.3021 -0.7294
vn 0.7558 -0.2506 -0.6049
vn 0.3238 -0.3621 -0.8741
vn 1.0000 -0.0013 -0.0030
vn 0.9808 -0.0747 -0.1803
vn 0.9670 0.0975 0.2353
vn -0.5905 -0.0000 0.8071
vn -0.1862 -0.0000 0.9825
vn -0.9817 0.0729 0.1760
vn -0.8497 0.2018 0.4872
vn 0.3050 -0.0000 0.9524
vn 0.7242 -0.0000 0.6896
vn -0.8707 -0.0000 -0.4918
vn -0.9888 -0.0000 -0.1492
vn -0.1980 -0.0000 -0.9802
vn -0.6138 -0.0000 -0.7895
vn 0.7558 -0.0000 -0.6548
vn 0.3238 -0.0000 -0.9461
vn 1.0000 -0.0000 -0.0033
vn 0.9808 -0.0000 -0.1952
vn 0.9670 -0.0000 0.2547
vn -0.5905 -0.3088 0.7456
vn -0.1862 -0.3760 0.9077
vn -0.9817 -0.0000 0.1905
vn -0.8497 -0.0000 0.5273
vn 0.3050 -0.3645 0.8799
vn 0.7242 -0.2639 0.6371
vn -0.8707 0.1882 -0.4544
vn -0.9888 0.0571 -0.1379
vn -0.1980 0.3751 -0.9056
vn -0.6138 0.3021 -0.7294
vn 0.7558 0.2506 -0.6049
vn 0.3238 0.3621 -0.8741
vn 1.0000 0.0013 -0.0030
vn 0.9808 0.0747 -0.1803
vn 0.9670 -0.0975 0.2353
vn -0.5905 -0.5707 0.5707
vn -0.1862 -0.6947 0.6947
vn -0.9817 -0.0729 0.1760
vn -0.8497 -0.2018 0.4872
vn 0.3050 -0.6734 0.6734
vn 0.7242 -0.4876 0.4876
vn -0.8707 0.3478 -0.3478
vn -0.9888 0.1055 -0.1055
vn -0.1980 0.6931 -0.6931
vn -0.6138 0.5582 -0.5582
vn 0.7558 0.4630 -0.4630
vn 0.3238 0.6690 -0.6690
vn 1.0000 0.0023 -0.0023
vn 0.9808 0.1380 -0.1380
vn 0.9670 -0.1801 0.1801
vn -0.9817 -0.1347 0.1347
vn -0.8497 -0.3729 0.3729
vn 0.9808 0.1804 -0.0747
vn 0.9808 -0.1804 0.0747
vn 0.9808 -0.1803 -0.0747
vn -0.0256 -0.0000 -0.9997
vn -0.2502 -0.0000 -0.9682
vn -0.2502 -0.3705 -0.8945
vn -0.0256 -0.3826 -0.9236
vn -0.2502 -0.3705 0.8945
vn -0.2502 -0.6846 0.6846
vn -0.4764 -0.6217 0.6217
vn -0.4764 -0.3365 0.8123
vn -0.2502 -0.8945 0.3705
vn -0.2502 -0.9682 -0.0000
vn -0.4764 -0.8792 -0.0000
vn -0.4764 -0.8123 0.3365
vn -0.0256 0.7069 -0.7069
vn -0.2502 0.6846 -0.6846
vn -0.2502 0.3705 -0.8945
vn -0.0256 0.3826 -0.9236
vn -0.2502 0.3705 0.8945
vn -0.2502 -0.0000 0.9682
vn -0.4764 -0.0000 0.8792
vn -0.4764 0.3365 0.8123
vn -0.0256 0.9236 -0.3826
vn -0.2502 0.8945 -0.3705
vn -0.2502 0.6846 0.6846
vn -0.4764 0.6217 0.6217
vn -0.0256 0.9997 -0.0000
vn -0.2502 0.9682 -0.0000
vn -0.4764 0.8123 -0.3365
vn -0.4764 0.6217 -0.6217
vn -0.0256 0.9236 0.3826
vn -0.2502 0.8945 0.3705
vn -0.4764 0.3365 -0.8123
vn -0.4764 -0.0000 -0.8792
vn -0.0256 0.7069 0.7069
vn -0.4764 0.8123 0.3365
vn -0.0256 0.3826 0.9236
vn -0.2502 -0.6846 -0.6846
vn -0.4764 -0.3365 -0.8123
vn -0.4764 -0.6217 -0.6217
vn -0.0256 -0.0000 0.9997
vn -0.2502 -0.8945 -0.3705
vn -0.4764 -0.8123 -0.3365
vn -0.0256 -0.3826 0.9236
vn -0.0257 -0.7069 0.7069
vn -0.4764 0.8792 -0.0000
vn -0.0257 -0.9236 0.3826
vn -0.5893 0.8079 -0.0000
vn -0.5893 0.7464 -0.3092
vn -0.0257 -0.9997 -0.0000
vn -0.0257 -0.7069 -0.7069
vn -0.0257 -0.9236 -0.3826
vn -0.5893 -0.5713 0.5713
vn -0.5893 -0.7464 0.3092
vn -0.5067 -0.7965 0.3299
vn -0.5067 -0.6096 0.6096
vn -0.5893 -0.3092 0.7464
vn -0.5893 -0.0000 0.8079
vn -0.5893 0.5713 -0.5713
vn -0.5893 -0.3092 -0.7464
vn -0.5893 -0.5713 -0.5713
vn -0.5893 0.3092 -0.7464
vn -0.5893 -0.8079 -0.0000
vn -0.5893 -0.0000 -0.8079
vn -0.5893 0.3092 0.7464
vn -0.5893 0.5713 0.5713
vn -0.5893 -0.7464 -0.3092
vn -0.5893 0.7464 0.3092
vn -0.5067 -0.0000 -0.8621
vn -0.5067 -0.3299 -0.7965
vn -0.1781 0.9675 0.1796
vn 0.1823 0.9668 0.1790
vn -0.1748 0.9846 -0.0000
vn 0.1789 0.9839 -0.0000
vn -0.1781 0.9675 -0.1796
vn 0.1823 0.9668 -0.1790
vn 0.5176 0.6050 -0.6050
vn 0.5176 0.7905 -0.3274
vn 0.7692 0.5904 -0.2445
vn 0.7692 0.4518 -0.4518
vn -0.5067 -0.7965 -0.3299
vn -0.5067 -0.8621 -0.0000
vn -0.5067 0.7965 0.3299
vn -0.5067 0.8621 -0.0000
vn -0.5067 0.6096 0.6096
vn -0.5067 0.3299 -0.7965
vn -0.5067 0.3299 0.7965
vn -0.5067 -0.0000 0.8621
vn -0.5067 -0.6096 -0.6096
vn -0.5067 0.7965 -0.3299
vn -0.5067 -0.3299 0.7965
vn -0.5067 0.6096 -0.6096
vn 0.5176 -0.7905 0.3274
vn 0.5176 -0.8556 -0.0000
vn 0.7692 -0.6390 -0.0000
vn 0.7692 -0.5904 0.2445
vn 0.9237 0.2709 0.2709
vn 0.9237 0.1466 0.3539
vn 0.9712 0.0913 0.2203
vn 0.9712 0.1686 0.1686
vn 0.5176 -0.6050 -0.6050
vn 0.5176 -0.3274 -0.7905
vn 0.7692 -0.2445 -0.5904
vn 0.7692 -0.4518 -0.4518
vn 0.5176 0.3274 -0.7905
vn 0.7692 0.2445 -0.5904
vn 0.5176 -0.3274 0.7905
vn 0.5176 -0.6050 0.6050
vn 0.7692 -0.4518 0.4518
vn 0.7692 -0.2445 0.5904
vn 0.9237 -0.3539 0.1466
vn 0.9237 -0.3831 -0.0000
vn 0.9712 -0.2385 -0.0000
vn 0.9712 -0.2203 0.0913
vn 0.5176 -0.0000 -0.8556
vn 0.7692 -0.0000 -0.6390
vn 0.5176 0.8556 -0.0000
vn 0.5176 0.7905 0.3274
vn 0.7692 0.5904 0.2445
vn 0.7692 0.6390 -0.0000
vn 0.5176 -0.7905 -0.3274
vn 0.7692 -0.5904 -0.2445
vn 0.5176 0.6050 0.6050
vn 0.7692 0.4518 0.4518
vn 0.5176 0.3274 0.7905
vn 0.7692 0.2445 0.5904
vn 0.5176 -0.0000 0.8556
vn 0.7692 -0.0000 0.6390
vn 0.9712 -0.0913 0.2203
vn 0.9712 -0.1686 0.1686
vn 0.9893 -0.1032 0.1032
vn 0.9893 -0.0558 0.1348
vn 0.9237 -0.0000 0.3831
vn 0.9712 -0.0000 0.2385
vn 0.9237 -0.3539 -0.1466
vn 0.9237 -0.2709 -0.2709
vn 0.9712 -0.1686 -0.1686
vn 0.9712 -0.2203 -0.0913
vn 0.9237 0.3539 -0.1466
vn 0.9237 0.3831 -0.0000
vn 0.9712 0.2385 -0.0000
vn 0.9712 0.2203 -0.0913
vn 0.9237 -0.1466 0.3539
vn 0.9237 0.2709 -0.2709
vn 0.9712 0.1686 -0.1686
vn 0.9237 -0.1466 -0.3539
vn 0.9712 -0.0913 -0.2203
vn 0.9237 0.1466 -0.3539
vn 0.9712 0.0913 -0.2203
vn 0.9237 -0.2709 0.2709
vn 0.0256 -0.0000 -0.9997
vn 0.0256 -0.3826 -0.9236
vn 0.2502 -0.3705 -0.8945
vn 0.2502 -0.0000 -0.9682
vn 0.9237 -0.0000 -0.3831
vn 0.9712 -0.0000 -0.2385
vn 0.9237 0.3539 0.1466
vn 0.9712 0.2203 0.0913
vn 0.9893 -0.0000 -0.1459
vn 0.9893 0.0558 -0.1348
vn 0.9893 0.1032 -0.1032
vn 0.9893 0.1348 -0.0558
vn 0.9893 0.1459 -0.0000
vn 0.9893 0.1348 0.0558
vn 0.9893 0.1032 0.1032
vn 0.9893 0.0558 0.1348
vn 0.9893 -0.0000 0.1459
vn 0.9893 -0.1348 0.0558
vn 0.9893 -0.1459 -0.0000
vn 0.9893 -0.1348 -0.0558
vn 0.9893 -0.1032 -0.1032
vn 0.9893 -0.0558 -0.1348
vn 0.2502 -0.3705 0.8945
vn 0.4764 -0.3365 0.8123
vn 0.4764 -0.6217 0.6217
vn 0.2502 -0.6846 0.6846
vn 0.2502 -0.8945 0.3705
vn 0.4764 -0.8123 0.3365
vn 0.4764 -0.8792 -0.0000
vn 0.2502 -0.9682 -0.0000
vn 0.0256 0.7069 -0.7069
vn 0.0256 0.3826 -0.9236
vn 0.2502 0.3705 -0.8945
vn 0.2502 0.6846 -0.6846
vn 0.2502 0.3705 0.8945
vn 0.4764 0.3365 0.8123
vn 0.4764 -0.0000 0.8792
vn 0.2502 -0.0000 0.9682
vn 0.0256 0.9236 -0.3826
vn 0.2502 0.8945 -0.3705
vn 0.2502 0.6846 0.6846
vn 0.4764 0.6217 0.6217
vn 0.0256 0.9997 -0.0000
vn 0.2502 0.9682 -0.0000
vn 0.4764 0.6217 -0.6217
vn 0.4764 0.8123 -0.3365
vn 0.0256 0.9236 0.3826
vn 0.2502 0.8945 0.3705
vn 0.4764 -0.0000 -0.8792
vn 0.4764 0.3365 -0.8123
vn 0.0256 0.7069 0.7069
vn 0.4764 0.8123 0.3365
vn 0.0256 0.3826 0.9236
vn 0.2502 -0.6846 -0.6846
vn 0.4764 -0.6217 -0.6217
vn 0.4764 -0.3365 -0.8123
vn 0.0256 -0.0000 0.9997
vn 0.2502 -0.8945 -0.3705
vn 0.4764 -0.8123 -0.3365
vn 0.0256 -0.3826 0.9236
vn 0.0256 -0.7069 0.7069
vn 0.4764 0.8792 -0.0000
vn 0.0257 -0.9236 0.3826
vn 0.5893 0.7464 -0.3092
vn 0.5893 0.8079 -0.0000
vn 0.0257 -0.9997 -0.0000
vn 0.0257 -0.9236 -0.3826
vn 0.0257 -0.7069 -0.7069
vn 0.5893 -0.5713 0.5713
vn 0.5067 -0.6096 0.6096
vn 0.5067 -0.7965 0.3299
vn 0.5893 -0.7464 0.3092
vn 0.5893 -0.0000 0.8079
vn 0.5893 -0.3092 0.7464
vn 0.5893 0.5713 -0.5713
vn 0.5893 -0.5713 -0.5713
vn 0.5893 -0.3092 -0.7464
vn 0.5893 0.3092 -0.7464
vn 0.5893 -0.8079 -0.0000
vn 0.5893 -0.0000 -0.8079
vn 0.5893 0.5713 0.5713
vn 0.5893 0.3092 0.7464
vn 0.5893 -0.7464 -0.3092
vn 0.5893 0.7464 0.3092
vn 0.5067 0.3299 0.7965
vn 0.5067 -0.0000 0.8621
vn 0.1748 0.9846 -0.0000
vn -0.1789 0.9839 -0.0000
vn -0.1823 0.9668 0.1790
vn 0.1781 0.9675 0.1796
vn 0.1781 0.9675 -0.1796
vn -0.1823 0.9668 -0.1790
vn 0.5067 -0.8621 -0.0000
vn 0.5067 -0.0000 -0.8621
vn 0.5067 0.3299 -0.7965
vn -0.5176 0.6050 -0.6050
vn -0.7692 0.4518 -0.4518
vn -0.7692 0.5904 -0.2445
vn -0.5176 0.7905 -0.3274
vn 0.5067 -0.7965 -0.3299
vn 0.5067 0.8621 -0.0000
vn 0.5067 0.7965 0.3299
vn 0.5067 0.6096 0.6096
vn 0.5067 -0.3299 -0.7965
vn 0.5067 -0.6096 -0.6096
vn 0.5067 0.7965 -0.3299
vn 0.5067 -0.3299 0.7965
vn 0.5067 0.6096 -0.6096
vn -0.5176 -0.7905 0.3274
vn -0.7692 -0.5904 0.2445
vn -0.7692 -0.6390 -0.0000
vn -0.5176 -0.8556 -0.0000
vn -0.9237 0.2709 0.2709
vn -0.9712 0.1686 0.1686
vn -0.9712 0.0913 0.2203
vn -0.9237 0.1466 0.3539
vn -0.5176 -0.6050 -0.6050
vn -0.7692 -0.4518 -0.4518
vn -0.7692 -0.2445 -0.5904
vn -0.5176 -0.3274 -0.7905
vn -0.5176 0.3274 -0.7905
vn -0.7692 0.2445 -0.5904
vn -0.5176 -0.3274 0.7905
vn -0.7692 -0.2445 0.5904
vn -0.7692 -0.4518 0.4518
vn -0.5176 -0.6050 0.6050
vn -0.9237 -0.3539 0.1466
vn -0.9712 -0.2203 0.0913
vn -0.9712 -0.2385 -0.0000
vn -0.9237 -0.3831 -0.0000
vn -0.7692 -0.0000 -0.6390
vn -0.5176 -0.0000 -0.8556
vn -0.5176 0.8556 -0.0000
vn -0.7692 0.6390 -0.0000
vn -0.7692 0.5904 0.2445
vn -0.5176 0.7905 0.3274
vn -0.7692 -0.5904 -0.2445
vn -0.5176 -0.7905 -0.3274
vn -0.7692 0.4518 0.4518
vn -0.5176 0.6050 0.6050
vn -0.7692 0.2445 0.5904
vn -0.5176 0.3274 0.7905
vn -0.7692 -0.0000 0.6390
vn -0.5176 -0.0000 0.8556
vn -0.9712 -0.0913 0.2203
vn -0.9893 -0.0558 0.1348
vn -0.9893 -0.1032 0.1032
vn -0.9712 -0.1686 0.1686
vn -0.9712 -0.0000 0.2385
vn -0.9237 -0.0000 0.3831
vn -0.9237 -0.3539 -0.1466
vn -0.9712 -0.2203 -0.0913
vn -0.9712 -0.1686 -0.1686
vn -0.9237 -0.2709 -0.2709
vn -0.9237 0.3539 -0.1466
vn -0.9712 0.2203 -0.0913
vn -0.9712 0.2385 -0.0000
vn -0.9237 0.3831 -0.0000
vn -0.9237 -0.1466 0.3539
vn -0.9237 0.2709 -0.2709
vn -0.9712 0.1686 -0.1686
vn -0.9712 -0.0913 -0.2203
vn -0.9237 -0.1466 -0.3539
vn -0.9237 0.1466 -0.3539
vn -0.9712 0.0913 -0.2203
vn -0.9237 -0.2709 0.2709
vn -0.9712 -0.0000 -0.2385
vn -0.9237 -0.0000 -0.3831
vn -0.9712 0.2203 0.0913
vn -0.9237 0.3539 0.1466
vn -0.9893 0.1032 0.1032
vn -0.9893 0.1348 0.0558
vn -0.9893 0.1459 -0.0000
vn -0.9893 0.1348 -0.0558
vn -0.9893 0.1032 -0.1032
vn -0.9893 0.0558 -0.1348
vn -0.9893 -0.0000 -0.1459
vn -0.9893 -0.0558 -0.1348
vn -0.9893 -0.1032 -0.1032
vn -0.9893 -0.1348 -0.0558
vn -0.9893 -0.1459 -0.0000
vn -0.9893 -0.1348 0.0558
vn -0.9893 -0.0000 0.1459
vn -0.9893 0.0558 0.1348
vn -0.0256 -0.7069 -0.7069
vn -0.0256 -0.9236 -0.3826
vn -0.0256 -0.9997 -0.0000
vn -0.0256 -0.9236 0.3826
vn -0.0256 -0.7069 0.7069
vn 0.0256 -0.7069 -0.7069
vn 0.0256 -0.9236 -0.3826
vn 0.0256 -0.9997 -0.0000
vn 0.0256 -0.9236 0.3826
vn 0.3017 0.0004 -0.9534
vn 0.2891 0.0004 -0.9573
vn 0.3017 0.0004 0.9534
vn 0.2891 0.0004 0.9573
vn 0.1773 -0.9842 -0.0000
vn 0.9311 0.3648 -0.0000
vn 0.9829 0.1841 -0.0000
vn 0.2043 0.0001 0.9789
vn 0.2740 0.0001 0.9617
vn 0.7265 0.6872 -0.0000
vn -0.9311 0.3648 -0.0000
vn -0.7265 0.6872 -0.0000
vn 0.4010 0.9161 -0.0000
vn -0.4010 0.9161 -0.0000
vn -0.9829 0.1841 -0.0000
vn -0.0407 0.7065 -0.7065
vn -0.0472 0.7063 -0.7063
vn -0.1154 0.7024 -0.7024
vn 0.5653 -0.5833 -0.5833
vn -0.0472 0.7063 0.7063
vn -0.0407 0.7065 0.7065
vn -0.1154 0.7024 0.7024
vn 0.5653 -0.5833 0.5833
vn -0.2077 0.6917 -0.6917
vn -0.1584 0.6982 -0.6982
vn -0.4529 0.6304 -0.6304
vn -0.6158 -0.5571 -0.5571
vn -0.1584 0.6982 0.6982
vn -0.2077 0.6917 0.6917
vn -0.4529 0.6304 0.6304
vn -0.6158 -0.5571 0.5571
vn 0.5774 -0.5773 -0.5773
vn 0.5774 0.5773 -0.5773
vn 0.3428 -0.6414 -0.6863
vn 0.5340 -0.5167 -0.6692
vn 0.1330 -0.7311 -0.6692
vn 0.3428 -0.6414 0.6863
vn 0.1330 -0.7311 0.6692
vn 0.5340 -0.5167 0.6692
vn -0.1330 -0.7311 -0.6692
vn -0.5340 -0.5167 -0.6692
vn -0.3428 -0.6414 -0.6863
vn -0.1330 -0.7311 0.6692
vn -0.3428 -0.6414 0.6863
vn -0.5340 -0.5167 0.6692
vn 0.5773 0.5774 0.5774
vn 0.5774 -0.5774 0.5774
vn -0.5774 0.5773 -0.5773
vn -0.5774 -0.5773 -0.5773
vn -0.5773 0.5774 0.5774
vn -0.5774 -0.5774 0.5774
vn -0.8242 0.1041 -0.5566
vn -0.9101 0.2931 -0.2931
vn -0.8487 0.1426 -0.5092
vn -0.8334 -0.1522 -0.5312
vn -0.8871 -0.3264 -0.3264
vn -0.8197 -0.1245 -0.5590
vn -0.8871 -0.3263 0.3263
vn -0.8334 -0.1522 0.5312
vn -0.8197 -0.1245 0.5590
vn -0.9101 0.2931 0.2931
vn -0.8242 0.1041 0.5566
vn -0.8487 0.1426 0.5092
vn 0.7922 -0.4315 -0.4315
vn 0.9028 0.3041 0.3041
vn 0.8747 0.4679 0.1261
vn 0.8730 0.4726 0.1204
vn 0.7922 -0.4315 0.4315
vn 0.8730 0.4726 -0.1204
vn 0.8747 0.4679 -0.1261
vn 0.9028 0.3041 -0.3041
vn 0.6019 -0.4997 -0.6229
vn 0.6020 -0.4997 0.6229
vn -0.6019 -0.4997 -0.6229
vn -0.6020 -0.4997 0.6229
vn 0.4631 0.0002 -0.8863
vn 0.2043 0.0001 -0.9789
vn 0.2740 0.0001 -0.9617
vn 0.2839 0.9588 -0.0000
vn 0.6469 0.2680 -0.7139
vn 0.7002 -0.0000 -0.7139
vn -0.6469 -0.2680 -0.7139
vn -0.4951 0.4951 -0.7139
vn -0.2680 0.6469 -0.7139
vn 0.7071 -0.7071 -0.0000
vn -0.0000 -0.7071 -0.7071
vn -0.7227 0.4887 0.4887
vn -0.7227 0.2645 0.6386
vn 0.6525 0.2556 -0.7134
vn 0.6950 0.1302 -0.7071
vn -0.5087 0.4812 -0.7139
vn -0.2806 0.6409 -0.7145
vn -0.3548 -0.8638 0.3578
vn -0.3548 -0.6611 0.6611
vn 0.2680 -0.7139 -0.6469
vn 0.4951 -0.7139 -0.4951
vn 0.6469 -0.7139 0.2680
vn 0.4951 -0.7139 0.4951
vn -0.2680 -0.7139 0.6469
vn -0.4951 -0.7139 0.4951
vn -0.6469 -0.7139 -0.2680
vn -0.4951 -0.7139 -0.4951
vn 0.4900 -0.7210 -0.4900
vn 0.6402 -0.7210 -0.2652
vn 0.4900 -0.7210 0.4900
vn 0.2652 -0.7210 0.6402
vn -0.4900 -0.7210 0.4900
vn -0.6402 -0.7210 0.2652
vn -0.4900 -0.7210 -0.4900
vn -0.2652 -0.7210 -0.6402
vn 0.7227 -0.4887 -0.4887
vn 0.7227 -0.2645 -0.6386
vn 0.7227 0.4887 0.4887
vn 0.7227 0.2645 0.6386
vn -0.3631 -0.8608 0.3566
vn -0.3631 -0.6588 0.6588
vn -0.7227 -0.4887 0.4887
vn -0.7227 -0.6386 0.2645
vn 0.3631 -0.6588 0.6588
vn 0.3631 -0.8608 0.3566
vn 0.4635 0.0007 -0.8861
vn -0.7227 -0.4887 -0.4887
vn -0.7227 -0.2645 -0.6386
vn -0.7227 0.4887 -0.4887
vn -0.7227 0.6386 -0.2645
vn 0.7227 -0.4887 0.4887
vn 0.7227 -0.6386 0.2645
vn 0.7227 0.4887 -0.4887
vn 0.7227 0.6386 -0.2645
vn -0.7227 -0.6386 -0.2645
vn -0.7227 -0.2645 0.6386
vn -0.7227 0.6386 0.2645
vn -0.7227 0.2645 -0.6386
vn 0.3548 -0.6611 0.6611
vn 0.3548 -0.8638 0.3578
vn -0.3548 -0.6611 -0.6611
vn -0.3548 -0.8638 -0.3578
vn 0.3631 -0.8608 -0.3566
vn 0.3631 -0.6588 -0.6588
vn 0.7227 -0.6386 -0.2645
vn 0.7227 -0.2645 0.6386
vn 0.7227 0.6386 0.2645
vn 0.7227 0.2645 -0.6386
vn 0.2839 -0.9588 -0.0000
vn 0.3548 -0.8638 -0.3578
vn 0.3548 -0.6611 -0.6611
vn -0.3631 -0.6588 -0.6588
vn -0.3631 -0.8608 -0.3566
vn 0.4635 0.0007 0.8861
vn 0.3548 -0.3578 -0.8638
vn 0.3548 -0.0000 -0.9349
vn 0.3548 0.6611 0.6611
vn 0.8256 -0.5642 -0.0000
vn 0.6469 0.2680 0.7139
vn 0.7002 -0.0000 0.7139
vn -0.6469 -0.2680 0.7139
vn -0.4951 0.4951 0.7139
vn -0.2680 0.6469 0.7139
vn -0.0000 0.7071 -0.7071
vn 0.6525 0.2556 0.7134
vn 0.6950 0.1302 0.7071
vn -0.5087 0.4812 0.7139
vn -0.2806 0.6409 0.7145
vn 0.2680 0.7139 -0.6469
vn 0.4951 0.7139 -0.4951
vn 0.6469 0.7139 0.2680
vn 0.4951 0.7139 0.4951
vn -0.2680 0.7139 0.6469
vn -0.4951 0.7139 0.4951
vn -0.3548 0.6611 0.6611
vn -0.6469 0.7139 -0.2680
vn -0.4951 0.7139 -0.4951
vn 0.3631 0.6588 0.6588
vn -0.3631 0.6588 0.6588
vn -0.3631 -0.0000 -0.9317
vn -0.3631 -0.3566 -0.8608
vn 0.3631 -0.3566 -0.8608
vn 0.3631 -0.0000 -0.9317
vn -0.3548 -0.3578 0.8638
vn -0.3548 -0.0000 0.9349
vn -0.3548 0.6611 -0.6611
vn 0.3631 -0.0000 0.9317
vn 0.3631 -0.3566 0.8608
vn 0.3631 0.6588 -0.6588
vn 0.3548 -0.0000 0.9349
vn 0.3548 -0.3578 0.8638
vn 0.3548 0.6611 -0.6611
vn -0.3631 -0.3566 0.8608
vn -0.3631 -0.0000 0.9317
vn -0.3631 0.6588 -0.6588
vn -0.3548 -0.0000 -0.9349
vn -0.3548 -0.3578 -0.8638
vn -0.3548 0.3578 0.8638
vn -0.7227 -0.6912 -0.0000
vn -0.7227 -0.0000 0.6912
vn -0.7227 0.6912 -0.0000
vn -0.3548 0.3578 -0.8638
vn 0.7227 -0.6912 -0.0000
vn 0.3631 0.3566 -0.8608
vn 0.7227 0.6912 -0.0000
vn 0.7227 -0.0000 0.6912
vn 0.3548 0.3578 -0.8638
vn -0.3631 0.3566 -0.8608
vn 0.4631 0.0002 0.8863
vn -0.0000 0.7002 -0.7139
vn 0.2680 0.6469 -0.7139
vn 0.3548 0.3578 0.8638
vn 0.6469 -0.2680 -0.7139
vn -0.7002 -0.0000 -0.7139
vn -0.0000 0.6993 -0.7148
vn 0.2806 0.6409 -0.7145
vn 0.7694 -0.6387 -0.0000
vn 0.6469 -0.7139 -0.2680
vn 0.2680 -0.7139 0.6469
vn -0.6469 -0.7139 0.2680
vn -0.2680 -0.7139 -0.6469
vn 0.6929 -0.7210 -0.0000
vn -0.0000 -0.7210 0.6929
vn -0.6929 -0.7210 -0.0000
vn 0.7227 -0.0000 -0.6912
vn 0.3631 0.3566 0.8608
vn -0.3631 0.3566 0.8608
vn -0.7227 -0.0000 -0.6912
vn -0.0000 -0.7071 0.7071
vn -0.0000 0.7002 0.7139
vn 0.2680 0.6469 0.7139
vn 0.6469 -0.2680 0.7139
vn -0.7002 -0.0000 0.7139
vn -0.0000 0.6993 0.7148
vn 0.2806 0.6409 0.7145
vn 0.6469 0.7139 -0.2680
vn 0.2680 0.7139 0.6469
vn -0.6469 0.7139 0.2680
vn -0.2680 0.7139 -0.6469
vn -0.7422 -0.0000 -0.6702
vn -0.5201 0.8541 -0.0000
vn 0.4951 0.4951 -0.7139
vn -0.6469 0.2680 -0.7139
vn -0.0000 0.7071 0.7071
vn 0.5087 0.4812 -0.7139
vn -0.7694 -0.6387 -0.0000
vn -0.6950 0.1302 -0.7071
vn -0.6525 0.2556 -0.7134
vn 0.7002 -0.7139 -0.0000
vn -0.0000 -0.7139 0.7002
vn -0.7002 -0.7139 -0.0000
vn 0.6402 -0.7210 0.2652
vn -0.2652 -0.7210 0.6402
vn -0.6402 -0.7210 -0.2652
vn 0.3548 -0.9349 -0.0000
vn -0.3548 -0.9349 -0.0000
vn 0.3631 -0.9317 -0.0000
vn -0.3631 -0.9317 -0.0000
vn -0.5201 -0.8541 -0.0000
vn -0.7071 -0.7071 -0.0000
vn 0.4951 0.4951 0.7139
vn -0.6469 0.2680 0.7139
vn 0.5087 0.4812 0.7139
vn -0.6950 0.1302 0.7071
vn -0.6525 0.2556 0.7134
vn 0.7002 0.7139 -0.0000
vn -0.0000 0.7139 0.7002
vn -0.7002 0.7139 -0.0000
vn -0.0000 -0.7210 -0.6929
vn 0.2652 -0.7210 -0.6402
vn -0.7422 -0.0000 0.6702
vn -0.0000 -0.7139 -0.7002
vn -0.0000 0.7139 -0.7002
vt 0.519369 0.577022
vt 0.379750 0.502534
vt 0.624039 0.502704
vt 0.597681 0.576852
vt 0.598696 0.176003
vt 0.623024 0.244441
vt 0.378246 0.244462
vt 0.378246 0.005538
vt 0.623024 0.005559
vt 0.598696 0.073997
vt 0.520873 0.074018
vt 0.520873 0.175982
vt 0.623024 0.005559
vt 0.387326 0.501647
vt 0.612674 0.501647
vt 0.612674 0.748353
vt 0.387326 0.748353
vt 0.597681 0.673148
vt 0.624039 0.747296
vt 0.379750 0.747466
vt 0.519369 0.672978
vt 0.519369 0.672978
vt 0.379750 0.502534
vt 0.629063 0.505011
vt 0.870937 0.505011
vt 0.870937 0.744989
vt 0.629063 0.744989
vt 0.597681 0.576852
vt 0.624039 0.502704
vt 0.624039 0.747296
vt 0.597681 0.673148
vt 0.375893 0.500000
vt 0.316349 0.500000
vt 0.255571 0.500000
vt 0.195130 0.500000
vt 0.135323 0.500000
vt 0.077083 0.500000
vt 0.059189 0.500000
vt 0.878378 0.500000
vt 0.860460 0.500000
vt 0.802206 0.500000
vt 0.742390 0.500000
vt 0.681943 0.500000
vt 0.622832 0.500000
vt 0.875000 0.505116
vt 0.875000 0.994884
vt 0.812500 0.994884
vt 0.812500 0.505116
vt 0.750000 0.994884
vt 0.750000 0.505116
vt 0.687500 0.994884
vt 0.687500 0.505116
vt 0.630506 0.994884
vt 0.630506 0.505116
vt 0.618923 0.505116
vt 0.618923 0.994885
vt 0.381077 0.994884
vt 0.381077 0.505116
vt 0.937500 0.505116
vt 0.937500 0.994884
vt 0.629063 0.501647
vt 0.870937 0.501647
vt 0.870937 0.748353
vt 0.629063 0.748353
vt 0.129063 0.501647
vt 0.370937 0.501647
vt 0.370937 0.748353
vt 0.129063 0.748353
vt 0.312500 0.505116
vt 0.312500 0.994884
vt 0.250000 0.994884
vt 0.250000 0.505116
vt 0.387326 0.254063
vt 0.612674 0.254063
vt 0.612674 0.495937
vt 0.387326 0.495937
vt 0.187500 0.994884
vt 0.187500 0.505116
vt 1.000000 0.513715
vt 1.000000 1.000000
vt 0.937500 1.000000
vt 0.937500 0.513715
vt 0.125000 0.994884
vt 0.125000 0.505116
vt 0.387326 0.001647
vt 0.612674 0.001647
vt 0.612674 0.248353
vt 0.387326 0.248353
vt 0.062500 0.994884
vt 0.062500 0.505116
vt 0.000000 0.994884
vt 0.000000 0.505116
vt 0.387326 0.754063
vt 0.612674 0.754063
vt 0.612674 0.995937
vt 0.387326 0.995937
vt 1.000000 0.505116
vt 1.000000 0.994884
vt 0.369494 0.505116
vt 0.369494 0.994884
vt 0.076771 0.500000
vt 0.044027 0.500000
vt 0.894033 0.500000
vt 0.861705 0.500000
vt 0.894033 0.500000
vt 0.859654 0.500000
vt 0.848241 0.500000
vt 0.801948 0.500000
vt 0.794101 0.500000
vt 0.745389 0.500000
vt 0.741960 0.500000
vt 0.255468 0.500000
vt 0.201957 0.500000
vt 0.143807 0.500000
vt 0.089926 0.500000
vt 0.074150 1.000000
vt 0.088990 1.000000
vt 0.143165 1.000000
vt 0.201464 1.000000
vt 0.255281 1.000000
vt 0.742234 1.000000
vt 0.794729 1.000000
vt 0.849154 1.000000
vt 0.864292 1.000000
vt 0.253136 0.500000
vt 0.195791 0.500000
vt 0.135786 0.500000
vt 0.078228 0.500000
vt 0.745389 1.000000
vt 0.801948 1.000000
vt 0.059189 1.000000
vt 0.077083 1.000000
vt 0.135323 1.000000
vt 0.195130 1.000000
vt 0.255571 1.000000
vt 0.316349 1.000000
vt 0.375893 1.000000
vt 0.622832 1.000000
vt 0.681943 1.000000
vt 0.742390 1.000000
vt 0.802206 1.000000
vt 0.860460 1.000000
vt 0.878378 1.000000
vt 0.562500 1.000000
vt 0.625000 1.000000
vt 0.687500 1.000000
vt 0.750000 1.000000
vt 0.668276 0.447298
vt 0.750000 0.463554
vt 0.831723 0.447298
vt 0.901005 0.401005
vt 0.947298 0.331723
vt 0.963554 0.250000
vt 0.947298 0.168277
vt 0.901005 0.098995
vt 0.831723 0.052702
vt 0.750000 0.036446
vt 0.668276 0.052702
vt 0.598995 0.098995
vt 0.552702 0.168277
vt 0.536446 0.250000
vt 0.552702 0.331723
vt 0.598995 0.401005
vt 0.125000 0.513715
vt 0.125000 1.000000
vt 0.062500 1.000000
vt 0.062500 0.513715
vt 0.875000 0.513718
vt 0.875000 0.986282
vt 0.812500 0.986282
vt 0.812500 0.513718
vt 0.437500 1.000000
vt 0.500000 1.000000
vt 0.187500 0.513715
vt 0.187500 1.000000
vt 0.750000 0.986282
vt 0.750000 0.513718
vt 0.375000 1.000000
vt 0.250000 0.513715
vt 0.250000 1.000000
vt 0.187500 0.513715
vt 0.687500 0.986282
vt 0.687500 0.513718
vt 0.312500 0.513715
vt 0.312500 1.000000
vt 0.250000 0.513715
vt 0.625000 0.986282
vt 0.625000 0.513718
vt 0.000000 1.000000
vt 0.375000 0.513715
vt 0.312500 0.513715
vt 0.562500 0.986282
vt 0.562500 0.513718
vt 0.437500 0.513715
vt 0.500000 0.986282
vt 0.500000 0.513718
vt 0.875000 1.000000
vt 0.500000 0.513715
vt 0.437500 0.513715
vt 0.437500 0.986282
vt 0.437500 0.513718
vt 0.812500 1.000000
vt 0.562500 0.513715
vt 0.375000 0.986282
vt 0.375000 0.513718
vt 0.625000 0.513715
vt 0.312500 0.986282
vt 0.312500 0.513718
vt 0.687500 0.513715
vt 0.250000 0.986282
vt 0.250000 0.513718
vt 0.750000 0.513715
vt 0.687500 0.513715
vt 0.187500 0.986282
vt 0.187500 0.513718
vt 0.062500 0.513715
vt 0.000000 0.513715
vt 0.812500 0.513715
vt 0.750000 0.513715
vt 0.125000 0.986282
vt 0.125000 0.513718
vt 0.062500 0.513718
vt 0.062500 0.986282
vt 0.000000 0.986282
vt 0.000000 0.513718
vt 0.875000 0.513715
vt 0.812500 0.513715
vt 0.937500 0.513718
vt 0.937500 0.986282
vt 0.939884 0.171348
vt 0.895331 0.104669
vt 0.828652 0.060116
vt 0.750000 0.044471
vt 0.671347 0.060116
vt 0.604669 0.104669
vt 0.560116 0.171348
vt 0.544471 0.250000
vt 0.560116 0.328652
vt 0.604669 0.395331
vt 0.671348 0.439884
vt 0.750000 0.455529
vt 0.828653 0.439884
vt 0.895331 0.395331
vt 0.939884 0.328652
vt 0.955529 0.250000
vt 0.937500 0.513715
vt 1.000000 0.513718
vt 1.000000 0.986282
vt 0.250000 0.036446
vt 0.331723 0.052702
vt 0.401005 0.098995
vt 0.447298 0.168277
vt 0.463554 0.250000
vt 0.447298 0.331723
vt 0.401005 0.401005
vt 0.331723 0.447298
vt 0.250000 0.463554
vt 0.168277 0.447298
vt 0.098995 0.401005
vt 0.052702 0.331723
vt 0.036446 0.250000
vt 0.052702 0.168277
vt 0.098995 0.098995
vt 0.168277 0.052702
vt 0.937500 1.000000
vt 0.437500 0.518359
vt 0.500000 0.518359
vt 0.500000 0.606642
vt 0.437500 0.606642
vt 0.375000 1.000000
vt 0.875000 1.000000
vt 0.419706 0.419706
vt 0.341844 0.471731
vt 0.250000 0.490000
vt 0.158156 0.471731
vt 0.080294 0.419706
vt 0.028269 0.341844
vt 0.010000 0.250000
vt 0.028269 0.158156
vt 0.080294 0.080294
vt 0.158156 0.028269
vt 0.250000 0.010000
vt 0.341844 0.028269
vt 0.419706 0.080294
vt 0.471731 0.158156
vt 0.490000 0.250000
vt 0.471731 0.341844
vt 0.437500 0.398032
vt 0.500000 0.398032
vt 0.500000 0.476968
vt 0.437500 0.476968
vt 0.437500 0.766712
vt 0.500000 0.766712
vt 0.500000 0.858288
vt 0.437500 0.858288
vt 0.437500 0.893356
vt 0.500000 0.893356
vt 0.500000 0.981644
vt 0.437500 0.981644
vt 0.437500 0.023035
vt 0.500000 0.023035
vt 0.500000 0.101965
vt 0.437500 0.101965
vt 0.437500 0.142771
vt 0.500000 0.142771
vt 0.500000 0.250000
vt 0.437500 0.250000
vt 0.500000 0.357229
vt 0.437500 0.357229
vt 0.562500 0.518359
vt 0.625000 0.518358
vt 0.625000 0.606642
vt 0.562500 0.606642
vt 0.500000 0.518359
vt 0.562500 0.398032
vt 0.625000 0.398032
vt 0.625000 0.476968
vt 0.562500 0.476968
vt 0.562500 0.766712
vt 0.625000 0.766712
vt 0.625000 0.858288
vt 0.562500 0.858288
vt 0.562500 0.893356
vt 0.625000 0.893356
vt 0.625000 0.981644
vt 0.562500 0.981644
vt 0.562500 0.023035
vt 0.625000 0.023035
vt 0.625000 0.101965
vt 0.562500 0.101965
vt 0.562500 0.142771
vt 0.625000 0.142771
vt 0.625000 0.250000
vt 0.562500 0.250000
vt 0.625000 0.357229
vt 0.562500 0.357229
vt 0.625000 0.518358
vt 0.687500 0.518358
vt 0.687500 0.606642
vt 0.562500 0.641712
vt 0.625000 0.641712
vt 0.625000 0.733288
vt 0.562500 0.733288
vt 0.625000 0.398032
vt 0.687500 0.398032
vt 0.687500 0.476968
vt 0.625000 0.476968
vt 0.687500 0.766712
vt 0.687500 0.858288
vt 0.687500 0.893356
vt 0.687500 0.981644
vt 0.625000 0.981644
vt 0.625000 0.023035
vt 0.687500 0.023035
vt 0.687500 0.101965
vt 0.625000 0.142771
vt 0.687500 0.142771
vt 0.687500 0.250000
vt 0.687500 0.357229
vt 0.625000 0.357229
vt 0.687500 0.518359
vt 0.750000 0.518359
vt 0.750000 0.606642
vt 0.625000 0.641712
vt 0.687500 0.641712
vt 0.687500 0.733288
vt 0.687500 0.398032
vt 0.750000 0.398032
vt 0.750000 0.476968
vt 0.687500 0.476968
vt 0.750000 0.766712
vt 0.750000 0.858288
vt 0.687500 0.858288
vt 0.750000 0.893356
vt 0.750000 0.981644
vt 0.687500 0.981644
vt 0.687500 0.023035
vt 0.750000 0.023035
vt 0.750000 0.101965
vt 0.687500 0.101965
vt 0.687500 0.142771
vt 0.750000 0.142771
vt 0.750000 0.250000
vt 0.750000 0.357229
vt 0.687500 0.357229
vt 0.812500 0.518359
vt 0.812500 0.606642
vt 0.750000 0.641712
vt 0.750000 0.733288
vt 0.750000 0.398032
vt 0.812500 0.398032
vt 0.812500 0.476968
vt 0.750000 0.476968
vt 0.812500 0.766712
vt 0.812500 0.858288
vt 0.750000 0.858288
vt 0.812500 0.893356
vt 0.812500 0.981644
vt 0.750000 0.023035
vt 0.812500 0.023035
vt 0.812500 0.101965
vt 0.750000 0.101965
vt 0.750000 0.142771
vt 0.812500 0.142771
vt 0.812500 0.250000
vt 0.812500 0.357229
vt 0.750000 0.357229
vt 0.875000 0.518359
vt 0.875000 0.606641
vt 0.812500 0.606641
vt 0.812500 0.641712
vt 0.812500 0.733288
vt 0.812500 0.398032
vt 0.875000 0.398032
vt 0.875000 0.476968
vt 0.875000 0.766712
vt 0.875000 0.858288
vt 0.812500 0.893356
vt 0.875000 0.893356
vt 0.875000 0.981644
vt 0.812500 0.023035
vt 0.875000 0.023035
vt 0.875000 0.101965
vt 0.812500 0.101965
vt 0.875000 0.142771
vt 0.875000 0.250000
vt 0.875000 0.357229
vt 0.812500 0.357229
vt 0.937500 0.518359
vt 0.937500 0.606641
vt 0.875000 0.606641
vt 0.812500 0.641712
vt 0.875000 0.641712
vt 0.875000 0.733288
vt 0.812500 0.733288
vt 0.875000 0.398032
vt 0.937500 0.398032
vt 0.937500 0.476968
vt 0.875000 0.476968
vt 0.937500 0.766712
vt 0.937500 0.858288
vt 0.875000 0.858288
vt 0.937500 0.893356
vt 0.937500 0.981644
vt 0.875000 0.981644
vt 0.875000 0.023035
vt 0.937500 0.023035
vt 0.937500 0.101965
vt 0.875000 0.101965
vt 0.937500 0.142771
vt 0.937500 0.250000
vt 0.937500 0.357229
vt 1.000000 0.518358
vt 1.000000 0.606641
vt 0.937500 0.606642
vt 0.937500 0.641712
vt 0.937500 0.733288
vt 0.937500 0.398032
vt 1.000000 0.398032
vt 1.000000 0.476968
vt 0.937500 0.476968
vt 1.000000 0.766712
vt 1.000000 0.858288
vt 1.000000 0.893356
vt 1.000000 0.981644
vt 0.937500 0.981644
vt 0.937500 0.023035
vt 1.000000 0.023035
vt 1.000000 0.101965
vt 0.937500 0.101965
vt 1.000000 0.142771
vt 1.000000 0.250000
vt 1.000000 0.357229
vt 0.937500 0.357229
vt 0.000000 0.398032
vt 0.062500 0.398032
vt 0.062500 0.476968
vt 0.000000 0.476968
vt 1.000000 0.641712
vt 1.000000 0.733288
vt 0.000000 0.641712
vt 0.062500 0.641712
vt 0.062500 0.733288
vt 0.000000 0.733288
vt 0.000000 0.766712
vt 0.062500 0.766712
vt 0.062500 0.858288
vt 0.000000 0.858288
vt 0.000000 0.893356
vt 0.062500 0.893356
vt 0.062500 0.981644
vt 0.000000 0.981644
vt 0.000000 0.023035
vt 0.062500 0.023035
vt 0.062500 0.101965
vt 0.000000 0.101965
vt 0.000000 0.142771
vt 0.062500 0.142771
vt 0.062500 0.250000
vt 0.000000 0.250000
vt 0.062500 0.357229
vt 0.000000 0.357229
vt 0.062500 0.518359
vt 0.125000 0.518359
vt 0.125000 0.606641
vt 0.062500 0.606641
vt 0.000000 0.518359
vt 0.062500 0.518359
vt 0.062500 0.606642
vt 0.000000 0.606642
vt 0.125000 0.398032
vt 0.125000 0.476968
vt 0.062500 0.476968
vt 0.125000 0.766712
vt 0.125000 0.858288
vt 0.125000 0.893356
vt 0.125000 0.981644
vt 0.062500 0.023035
vt 0.125000 0.023035
vt 0.125000 0.101965
vt 0.062500 0.101965
vt 0.062500 0.142771
vt 0.125000 0.142771
vt 0.125000 0.250000
vt 0.125000 0.357229
vt 0.062500 0.357229
vt 0.187500 0.518358
vt 0.187500 0.606642
vt 0.125000 0.606641
vt 0.125000 0.641712
vt 0.125000 0.733288
vt 0.125000 0.398032
vt 0.187500 0.398032
vt 0.187500 0.476968
vt 0.125000 0.476968
vt 0.125000 0.766712
vt 0.187500 0.766712
vt 0.187500 0.858288
vt 0.125000 0.858288
vt 0.125000 0.893356
vt 0.187500 0.893356
vt 0.187500 0.981644
vt 0.125000 0.023035
vt 0.187500 0.023035
vt 0.187500 0.101965
vt 0.125000 0.101965
vt 0.187500 0.142771
vt 0.187500 0.250000
vt 0.187500 0.357229
vt 0.125000 0.357229
vt 0.187500 0.518359
vt 0.250000 0.518359
vt 0.250000 0.606642
vt 0.125000 0.641712
vt 0.187500 0.641712
vt 0.187500 0.733288
vt 0.125000 0.733288
vt 0.187500 0.398032
vt 0.250000 0.398032
vt 0.250000 0.476968
vt 0.250000 0.766712
vt 0.250000 0.858288
vt 0.187500 0.858288
vt 0.187500 0.893356
vt 0.250000 0.893356
vt 0.250000 0.981644
vt 0.187500 0.023035
vt 0.250000 0.023035
vt 0.250000 0.101965
vt 0.187500 0.101965
vt 0.187500 0.142771
vt 0.250000 0.142771
vt 0.250000 0.250000
vt 0.250000 0.357229
vt 0.187500 0.357229
vt 0.312500 0.518359
vt 0.312500 0.606642
vt 0.250000 0.641712
vt 0.250000 0.733287
vt 0.187500 0.733288
vt 0.250000 0.398032
vt 0.312500 0.398032
vt 0.312500 0.476968
vt 0.250000 0.476968
vt 0.250000 0.766712
vt 0.312500 0.766712
vt 0.312500 0.858288
vt 0.250000 0.858287
vt 0.250000 0.893356
vt 0.312500 0.893356
vt 0.312500 0.981644
vt 0.250000 0.981644
vt 0.250000 0.023035
vt 0.312500 0.023035
vt 0.312500 0.101965
vt 0.250000 0.101965
vt 0.312500 0.142771
vt 0.312500 0.250000
vt 0.312500 0.357229
vt 0.250000 0.357229
vt 0.312500 0.518358
vt 0.375000 0.518359
vt 0.375000 0.606642
vt 0.312500 0.641712
vt 0.312500 0.733288
vt 0.250000 0.733288
vt 0.312500 0.398032
vt 0.375000 0.398032
vt 0.375000 0.476968
vt 0.312500 0.476968
vt 0.312500 0.766712
vt 0.375000 0.766712
vt 0.375000 0.858288
vt 0.312500 0.858288
vt 0.375000 0.893356
vt 0.375000 0.981644
vt 0.312500 0.981644
vt 0.312500 0.023035
vt 0.375000 0.023035
vt 0.375000 0.101965
vt 0.312500 0.101965
vt 0.312500 0.142771
vt 0.375000 0.142771
vt 0.375000 0.250000
vt 0.375000 0.357229
vt 0.312500 0.357229
vt 0.375000 0.518358
vt 0.437500 0.606642
vt 0.375000 0.606642
vt 0.312500 0.641712
vt 0.375000 0.641712
vt 0.375000 0.733288
vt 0.312500 0.733288
vt 0.375000 0.398032
vt 0.437500 0.398032
vt 0.437500 0.476968
vt 0.375000 0.476968
vt 0.437500 0.766712
vt 0.375000 0.893356
vt 0.437500 0.893356
vt 0.375000 0.023035
vt 0.437500 0.023035
vt 0.437500 0.101965
vt 0.375000 0.101965
vt 0.375000 0.142771
vt 0.437500 0.142771
vt 0.437500 0.398032
vt 0.500000 0.476968
vt 0.437500 0.641712
vt 0.437500 0.733288
vt 0.375000 0.733288
vt 0.500000 0.398032
vt 0.562500 0.398032
vt 0.562500 0.476968
vt 0.500000 0.641712
vt 0.562500 0.641712
vt 0.500000 0.733288
vt 0.500000 0.766712
vt 0.562500 0.858288
vt 0.500000 0.858288
vt 0.500000 0.893356
vt 0.562500 0.981644
vt 0.500000 0.023035
vt 0.562500 0.023035
vt 0.562500 0.101965
vt 0.500000 0.101965
vt 0.562500 0.142771
vt 0.562500 0.357229
vt 0.437500 0.641712
vt 0.437500 0.858288
vt 0.437500 0.893356
vt 0.437500 0.981644
vt 0.437500 0.023035
vt 0.500000 0.023035
vt 0.500000 0.101965
vt 0.437500 0.357229
vt 0.562500 0.518359
vt 0.625000 0.518359
vt 0.625000 0.606642
vt 0.500000 0.606641
vt 0.562500 0.398032
vt 0.625000 0.398032
vt 0.562500 0.476968
vt 0.562500 0.766712
vt 0.625000 0.766712
vt 0.625000 0.858288
vt 0.625000 0.893356
vt 0.625000 0.981644
vt 0.562500 0.981644
vt 0.562500 0.023035
vt 0.625000 0.023035
vt 0.625000 0.101965
vt 0.562500 0.101965
vt 0.625000 0.142771
vt 0.625000 0.357229
vt 0.562500 0.357229
vt 0.625000 0.518359
vt 0.687500 0.518358
vt 0.687500 0.606641
vt 0.625000 0.398032
vt 0.687500 0.398032
vt 0.687500 0.476968
vt 0.625000 0.476968
vt 0.625000 0.766712
vt 0.687500 0.766712
vt 0.687500 0.858288
vt 0.625000 0.858288
vt 0.625000 0.023035
vt 0.687500 0.023035
vt 0.687500 0.101965
vt 0.625000 0.142771
vt 0.687500 0.142771
vt 0.687500 0.357229
vt 0.750000 0.518358
vt 0.687500 0.641712
vt 0.687500 0.733288
vt 0.687500 0.398032
vt 0.750000 0.476968
vt 0.687500 0.476968
vt 0.687500 0.766712
vt 0.687500 0.893356
vt 0.750000 0.023035
vt 0.750000 0.101965
vt 0.687500 0.101965
vt 0.687500 0.142771
vt 0.750000 0.142771
vt 0.750000 0.357229
vt 0.687500 0.357229
vt 0.812500 0.518359
vt 0.812500 0.606641
vt 0.750000 0.641712
vt 0.750000 0.733288
vt 0.812500 0.398032
vt 0.812500 0.476968
vt 0.750000 0.476968
vt 0.812500 0.766712
vt 0.750000 0.023035
vt 0.812500 0.023035
vt 0.812500 0.101965
vt 0.750000 0.101965
vt 0.750000 0.142771
vt 0.812500 0.142771
vt 0.750000 0.357229
vt 0.812500 0.518359
vt 0.875000 0.518358
vt 0.812500 0.641712
vt 0.812500 0.733288
vt 0.812500 0.398032
vt 0.875000 0.398032
vt 0.812500 0.476968
vt 0.875000 0.766713
vt 0.812500 0.893356
vt 0.875000 0.893356
vt 0.812500 0.981644
vt 0.812500 0.023035
vt 0.875000 0.023035
vt 0.875000 0.101965
vt 0.812500 0.101965
vt 0.812500 0.142771
vt 0.875000 0.142771
vt 0.875000 0.357229
vt 0.812500 0.357229
vt 0.875000 0.641712
vt 0.875000 0.733288
vt 0.812500 0.733288
vt 0.937500 0.398032
vt 0.937500 0.476968
vt 0.875000 0.476968
vt 0.937500 0.766712
vt 0.875000 0.981644
vt 0.875000 0.023035
vt 0.937500 0.023035
vt 0.937500 0.101965
vt 0.875000 0.101965
vt 0.875000 0.142771
vt 0.937500 0.142771
vt 0.937500 0.357229
vt 0.875000 0.357229
vt 1.000000 0.518359
vt 0.875000 0.641712
vt 0.937500 0.733288
vt 0.875000 0.733288
vt 0.937500 0.398032
vt 1.000000 0.398032
vt 1.000000 0.476968
vt 0.937500 0.476968
vt 0.937500 0.893356
vt 1.000000 0.981644
vt 0.937500 0.981644
vt 0.937500 0.023036
vt 1.000000 0.023035
vt 1.000000 0.101965
vt 0.937500 0.101965
vt 0.937500 0.357229
vt 0.000000 0.518359
vt 0.062500 0.518358
vt 1.000000 0.733288
vt 0.000000 0.398032
vt 0.062500 0.398032
vt 0.000000 0.476968
vt 0.000000 0.893356
vt 0.062500 0.981644
vt 0.000000 0.981644
vt 0.000000 0.023035
vt 0.062500 0.023035
vt 0.062500 0.101965
vt 0.000000 0.101965
vt 0.000000 0.142771
vt 0.062500 0.142771
vt 0.062500 0.357229
vt 0.125000 0.518358
vt 0.125000 0.606642
vt 0.062500 0.733288
vt 0.062500 0.398032
vt 0.125000 0.476968
vt 0.062500 0.476968
vt 0.062500 0.766712
vt 0.125000 0.858288
vt 0.062500 0.893356
vt 0.125000 0.893356
vt 0.062500 0.023035
vt 0.125000 0.023035
vt 0.125000 0.101965
vt 0.062500 0.101965
vt 0.062500 0.142771
vt 0.125000 0.142771
vt 0.125000 0.357229
vt 0.125000 0.398032
vt 0.187500 0.398032
vt 0.187500 0.476968
vt 0.125000 0.476968
vt 0.187500 0.766712
vt 0.125000 0.858288
vt 0.187500 0.981644
vt 0.125000 0.981644
vt 0.125000 0.023035
vt 0.187500 0.023035
vt 0.187500 0.101965
vt 0.125000 0.101965
vt 0.125000 0.142771
vt 0.187500 0.142771
vt 0.250000 0.606642
vt 0.187500 0.641712
vt 0.187500 0.398032
vt 0.250000 0.476968
vt 0.187500 0.476968
vt 0.250000 0.766712
vt 0.250000 0.893356
vt 0.250000 0.981644
vt 0.250000 0.023036
vt 0.250000 0.101965
vt 0.187500 0.101965
vt 0.187500 0.142771
vt 0.250000 0.142771
vt 0.250000 0.357229
vt 0.187500 0.357229
vt 0.312500 0.606641
vt 0.250000 0.398032
vt 0.312500 0.398032
vt 0.312500 0.476968
vt 0.250000 0.476968
vt 0.250000 0.858288
vt 0.312500 0.023035
vt 0.312500 0.101965
vt 0.250000 0.101965
vt 0.250000 0.142771
vt 0.312500 0.357229
vt 0.250000 0.357229
vt 0.312500 0.518359
vt 0.375000 0.518359
vt 0.250000 0.641713
vt 0.312500 0.641712
vt 0.250000 0.733288
vt 0.375000 0.398032
vt 0.375000 0.476968
vt 0.375000 0.766712
vt 0.312500 0.858288
vt 0.312500 0.981644
vt 0.312500 0.023035
vt 0.375000 0.023035
vt 0.375000 0.101964
vt 0.312500 0.101965
vt 0.312500 0.142771
vt 0.375000 0.357229
vt 0.312500 0.357229
vt 0.312500 0.641712
vt 0.375000 0.641712
vt 0.312500 0.733288
vt 0.375000 0.398032
vt 0.437500 0.398032
vt 0.375000 0.476968
vt 0.437500 0.766712
vt 0.375000 0.893356
vt 0.437500 0.893356
vt 0.437500 0.981644
vt 0.375000 0.981644
vt 0.375000 0.023035
vt 0.437500 0.023035
vt 0.437500 0.101965
vt 0.375000 0.101965
vt 0.375000 0.142771
vt 0.437500 0.357229
vt 0.375000 0.357229
vt 0.437500 0.518358
vt 0.437500 0.641712
vt 0.437500 0.733288
vt 0.500000 0.398032
vt 0.562500 0.476968
vt 0.500000 0.476968
vt 0.562500 0.641712
vt 0.500000 0.733288
vt 0.500000 0.023035
vt 0.562500 0.023035
vt 0.562500 0.101965
vt 0.500000 0.101965
vt 0.500000 0.357229
vt 0.500000 0.518358
vt 0.437500 0.476968
vt 0.437500 0.023035
vt 0.500000 0.101964
vt 0.500000 0.023035
vt 0.562500 0.023035
vt 0.562500 0.101965
vt 0.625000 0.101965
vt 0.625000 0.023035
vt 0.562500 0.142771
vt 0.562500 0.357229
vt 0.625000 0.357229
vt 0.625000 0.476968
vt 0.625000 0.023035
vt 0.687500 0.023035
vt 0.625000 0.142771
vt 0.687500 0.357229
vt 0.687500 0.476968
vt 0.750000 0.858288
vt 0.687500 0.023035
vt 0.750000 0.101965
vt 0.750000 0.023035
vt 0.687500 0.142771
vt 0.812500 0.398032
vt 0.750000 0.023035
vt 0.812500 0.023035
vt 0.812500 0.142771
vt 0.750000 0.641712
vt 0.812500 0.398032
vt 0.812500 0.476968
vt 0.875000 0.357229
vt 0.937500 0.606641
vt 0.875000 0.733288
vt 0.937500 0.981644
vt 0.875000 0.101965
vt 0.937500 0.023035
vt 0.937500 0.142771
vt 0.937500 0.357229
vt 0.937500 0.518359
vt 1.000000 0.518359
vt 0.937500 0.476968
vt 0.937500 0.893356
vt 0.937500 0.023035
vt 0.937500 0.101965
vt 1.000000 0.142771
vt 1.000000 0.357229
vt 0.000000 0.476968
vt 0.062500 0.398032
vt 0.062500 0.981644
vt 0.000000 0.023035
vt 0.000000 0.101965
vt 0.062500 0.101965
vt 0.062500 0.023035
vt 0.125000 0.981644
vt 0.125000 0.893356
vt 0.062500 0.023035
vt 0.062500 0.101965
vt 0.125000 0.023035
vt 0.125000 0.142771
vt 0.187500 0.606641
vt 0.187500 0.981644
vt 0.187500 0.023035
vt 0.187500 0.357229
vt 0.187500 0.733288
vt 0.250000 0.476968
vt 0.250000 0.893356
vt 0.187500 0.023035
vt 0.250000 0.023035
vt 0.187500 0.142771
vt 0.187500 0.357229
vt 0.250000 0.398032
vt 0.250000 0.476968
vt 0.250000 0.023035
vt 0.312500 0.101965
vt 0.312500 0.023035
vt 0.312500 0.142771
vt 0.375000 0.476968
vt 0.312500 0.858288
vt 0.375000 0.766712
vt 0.375000 0.981644
vt 0.312500 0.101965
vt 0.375000 0.101965
vt 0.437500 0.981644
vt 0.437500 0.893356
vt 0.375000 0.023035
vt 0.437500 0.101965
vt 0.437500 0.023035
vt 0.437500 0.357229
vt 0.437500 0.733288
vt 0.562500 0.766712
vt 0.500000 0.023035
vt 0.500000 0.101965
vt 0.562500 0.101965
vt 0.500000 0.641712
vt 0.437500 0.981643
vt 0.437500 0.023035
vt 0.500000 0.023035
vt 0.437500 0.142771
vt 0.562500 0.101965
vt 0.625000 0.101965
vt 0.625000 0.023035
vt 0.625000 0.142771
vt 0.625000 0.357229
vt 0.625000 0.518358
vt 0.687500 0.606641
vt 0.625000 0.733288
vt 0.625000 0.766712
vt 0.687500 0.858288
vt 0.687500 0.981644
vt 0.625000 0.023035
vt 0.625000 0.101965
vt 0.687500 0.023035
vt 0.687500 0.357229
vt 0.687500 0.518359
vt 0.625000 0.641712
vt 0.687500 0.641712
vt 0.687500 0.398032
vt 0.687500 0.023035
vt 0.687500 0.101965
vt 0.687500 0.357229
vt 0.812500 0.518359
vt 0.812500 0.476968
vt 0.812500 0.398032
vt 0.812500 0.858288
vt 0.812500 0.766712
vt 0.812500 0.893356
vt 0.812500 0.101965
vt 0.812500 0.023035
vt 0.812500 0.142771
vt 0.812500 0.357229
vt 0.812500 0.733288
vt 0.812500 0.476968
vt 0.812500 0.766712
vt 0.812500 0.023035
vt 0.812500 0.101965
vt 0.875000 0.101965
vt 0.812500 0.357229
vt 0.937500 0.518358
vt 0.875000 0.476968
vt 0.875000 0.981644
vt 0.875000 0.023035
vt 0.937500 0.101965
vt 0.937500 0.023035
vt 0.875000 0.357229
vt 0.937500 0.357229
vt 1.000000 0.893356
vt 0.937500 0.023035
vt 0.937500 0.101965
vt 0.937500 0.142771
vt 0.937500 0.641712
vt 0.062500 0.858288
vt 0.000000 0.981644
vt 0.000000 0.023035
vt 0.000000 0.101965
vt 0.062500 0.101965
vt 0.062500 0.023035
vt 0.062500 0.357229
vt 0.062500 0.023035
vt 0.062500 0.142771
vt 0.125000 0.476968
vt 0.187500 0.476968
vt 0.125000 0.023035
vt 0.187500 0.023035
vt 0.187500 0.023035
vt 0.187500 0.142771
vt 0.250000 0.142771
vt 0.187500 0.641712
vt 0.250000 0.023035
vt 0.312500 0.101965
vt 0.312500 0.023035
vt 0.250000 0.142771
vt 0.375000 0.606641
vt 0.250000 0.733288
vt 0.375000 0.398032
vt 0.375000 0.858288
vt 0.312500 0.023035
vt 0.312500 0.101965
vt 0.312500 0.142771
vt 0.437500 0.476968
vt 0.437500 0.398032
vt 0.375000 0.023035
vt 0.375000 0.101965
vt 0.437500 0.023035
vt 0.375000 0.142771
vt 0.437500 0.142771
vt 1.000000 0.516915
vt 0.937500 0.516915
vt 0.375000 0.641712
vt 0.562500 0.606642
vt 0.562500 0.733288
vt 0.562500 0.858288
vt 0.562500 0.357229
vt 0.562500 0.476968
vt 0.125000 0.516915
vt 0.062500 0.516915
vt 0.187500 0.516915
vt 0.250000 0.516915
vt 0.312500 0.516915
vt 0.375000 0.516915
vt 0.312500 0.516915
vt 0.437500 0.516915
vt 0.500000 0.516915
vt 0.562500 0.516915
vt 0.625000 0.516915
vt 0.562500 0.516914
vt 0.687500 0.516915
vt 0.625000 0.516915
vt 0.750000 0.516915
vt 0.687500 0.516915
vt 0.875000 0.516915
vt 0.812500 0.516915
vt 0.939884 0.171347
vt 0.895331 0.104669
vt 0.828652 0.060116
vt 0.671347 0.060116
vt 0.604669 0.104669
vt 0.560116 0.171348
vt 0.544471 0.250000
vt 0.560116 0.328652
vt 0.671348 0.439884
vt 0.750000 0.455529
vt 0.828653 0.439884
vt 0.895331 0.395331
vt 0.939884 0.328652
vt 0.955529 0.250000
vt 0.000000 0.516915
vt 0.687500 1.000000
vt 0.687500 1.000000
vt 0.437500 0.516914
vt 0.812500 0.516914
vt 0.828652 0.439884
vt 0.750000 0.455529
vt 0.604669 0.395331
vt 0.560116 0.328652
vt 0.544471 0.250000
vt 0.560116 0.171348
vt 0.750000 0.044471
vt 0.828653 0.060116
vt 0.895331 0.104669
vt 0.939884 0.171347
vt 0.955529 0.250000
vt 0.939884 0.328652
vt 0.895331 0.395331
vt 0.375000 1.000000
vt 0.812500 1.000000
vt 0.828652 0.439884
vt 0.750000 0.455529
vt 0.671347 0.439884
vt 0.560116 0.328653
vt 0.544471 0.250000
vt 0.560116 0.171347
vt 0.604669 0.104669
vt 0.671348 0.060116
vt 0.750000 0.044471
vt 0.828652 0.060116
vt 0.895331 0.104669
vt 0.939884 0.171347
vt 0.955529 0.250000
vt 0.939884 0.328653
vt 0.895331 0.395331
vt 0.750000 1.000000
vt 0.062500 0.516914
vt 0.939884 0.171347
vt 0.895331 0.104669
vt 0.828652 0.060116
vt 0.750000 0.044471
vt 0.671347 0.060116
vt 0.604669 0.104669
vt 0.560116 0.171347
vt 0.544471 0.250000
vt 0.560116 0.328653
vt 0.604669 0.395331
vt 0.671347 0.439884
vt 0.750000 0.455529
vt 0.828652 0.439884
vt 0.939884 0.328653
vt 0.955529 0.250000
vt 0.875000 1.000000
vt 0.572228 0.761176
vt 0.422507 0.761176
vt 0.422507 0.988824
vt 0.572228 0.988824
vt 0.422507 0.513784
vt 0.422507 0.736216
vt 0.572228 0.736216
vt 0.572229 0.513784
vt 0.422507 0.261176
vt 0.422507 0.488824
vt 0.572228 0.488824
vt 0.572228 0.261176
vt 0.422507 0.236216
vt 0.572228 0.236216
vt 0.572228 0.013784
vt 0.422507 0.013784
vt 0.812500 0.508555
vt 0.812500 0.991445
vt 0.754408 0.991445
vt 0.754408 0.508555
vt 0.129063 0.505011
vt 0.370937 0.505011
vt 0.370937 0.744989
vt 0.129063 0.744989
vt 0.378246 0.754063
vt 0.621754 0.754063
vt 0.621754 0.995937
vt 0.378246 0.995937
vt 0.875000 0.508555
vt 0.875000 0.991445
vt 0.812500 0.991445
vt 0.812500 0.508555
vt 0.187500 0.508555
vt 0.187500 0.991445
vt 0.125000 0.991445
vt 0.125000 0.508555
vt 0.859654 1.000000
vt 0.135786 1.000000
vt 0.195791 1.000000
vt 0.937500 0.508555
vt 0.937500 0.991445
vt 0.875000 0.508555
vt 0.125000 0.508555
vt 0.062500 0.991445
vt 0.062500 0.508555
vt 0.000000 0.991445
vt 0.000000 0.508555
vt 0.894033 1.000000
vt 0.078228 1.000000
vt 1.000000 0.508555
vt 1.000000 0.991445
vt 0.937500 0.508555
vt 0.245592 0.508555
vt 0.245592 0.991445
vt 0.044027 1.000000
vt 0.253136 1.000000
vt 0.742710 0.508555
vt 0.742710 0.991445
vt 0.257290 0.991445
vt 0.257290 0.508555
vt 0.078228 0.500000
vt 0.621754 0.495937
vt 0.625000 0.495937
vt 0.624039 0.500000
vt 0.375000 0.502534
vt 0.370937 0.500000
vt 0.625000 0.744989
vt 0.624249 0.747886
vt 0.379750 0.750000
vt 0.375000 0.754063
vt 0.625000 0.254063
vt 0.621754 0.254063
vt 0.623024 0.250000
vt 0.125000 0.505538
vt 0.129063 0.500000
vt 0.625000 0.995937
vt 0.623024 1.000000
vt 0.378246 0.000000
vt 0.375000 0.005011
vt 0.387326 0.500000
vt 0.375000 0.495937
vt 0.612674 0.500000
vt 0.625000 0.754063
vt 0.612674 0.750000
vt 0.375000 0.748353
vt 0.370937 0.750000
vt 0.612674 0.250000
vt 0.125000 0.501647
vt 0.612674 0.000000
vt 0.625000 0.001647
vt 0.125000 0.748353
vt 0.129063 0.750000
vt 0.422507 0.750000
vt 0.419992 0.750000
vt 0.596720 0.084567
vt 0.596720 0.079556
vt 0.596720 0.165433
vt 0.596720 0.170444
vt 0.422507 0.500000
vt 0.419992 0.500000
vt 0.572229 1.000000
vt 0.574744 1.000000
vt 0.527364 0.579556
vt 0.524118 0.579556
vt 0.572229 0.250000
vt 0.574744 0.250000
vt 0.524118 0.665433
vt 0.524118 0.670444
vt 0.378246 0.495937
vt 0.625000 0.254063
vt 0.387326 0.000000
vt 0.120512 0.500000
vt 0.066989 0.500000
vt 0.878443 0.500000
vt 0.934056 0.500000
vt 0.628444 0.500000
vt 0.684056 0.500000
vt 0.378444 0.500000
vt 0.434056 0.500000
vt 0.128444 0.500000
vt 0.184056 0.500000
vt 0.816988 0.500000
vt 0.870512 0.500000
vt 0.566988 0.500000
vt 0.620512 0.500000
vt 0.316988 0.500000
vt 0.370512 0.500000
vt 0.066988 0.500000
vt 0.120512 0.500000
vt 0.566989 0.500000
vt 0.620512 0.500000
vt 0.066989 0.500000
vt 0.500000 0.000000
vt 0.562500 0.000000
vt 0.625000 0.000000
vt 0.687500 0.000000
vt 0.750000 0.000000
vt 0.812500 0.000000
vt 0.875000 0.000000
vt 0.937500 0.000000
vt 1.000000 0.000000
vt 0.527364 0.670444
vt 0.593474 0.670444
vt 0.000000 0.000000
vt 0.062500 0.000000
vt 0.125000 0.000000
vt 0.187500 0.000000
vt 0.250000 0.000000
vt 0.312500 0.000000
vt 0.375000 0.000000
vt 0.437500 0.000000
vt 0.370512 0.500000
vt 0.316989 0.500000
vt 0.316988 0.500000
vt 0.370512 0.500000
vt 0.870512 0.500000
vt 0.316988 0.500000
vt 0.370512 0.500000
vt 0.066988 0.500000
vt 0.120512 0.500000
vt 0.120512 0.500000
vt 0.596720 0.665433
vt 0.596720 0.584567
vt 0.593474 0.579556
vt 0.524118 0.584567
vt 0.934056 1.000000
vt 0.878443 1.000000
vt 0.684056 1.000000
vt 0.628444 1.000000
vt 0.434056 1.000000
vt 0.378444 1.000000
vt 0.184056 1.000000
vt 0.128444 1.000000
vt 0.754488 0.500000
vt 0.808012 0.500000
vt 0.504488 0.500000
vt 0.558012 0.500000
vt 0.254488 0.500000
vt 0.308012 0.500000
vt 0.754488 0.500000
vt 0.254488 0.500000
vt 0.308012 0.500000
vt 0.558012 0.500000
vt 0.000000 0.500000
vt 0.937500 0.500000
vt 0.815944 0.500000
vt 0.871556 0.500000
vt 0.565944 0.500000
vt 0.621557 0.500000
vt 0.315944 0.500000
vt 0.371556 0.500000
vt 0.065944 0.500000
vt 0.121557 0.500000
vt 0.504488 0.500000
vt 0.254488 0.500000
vt 0.308012 0.500000
vt 0.871556 1.000000
vt 0.815944 1.000000
vt 0.621556 1.000000
vt 0.565943 1.000000
vt 0.371556 1.000000
vt 0.315944 1.000000
vt 0.121556 1.000000
vt 0.065944 1.000000
vt 0.378246 0.254063
vt 0.625000 0.005011
vt 0.625000 0.244989
vt 0.245512 0.500000
vt 0.191988 0.500000
vt 0.753443 0.500000
vt 0.809056 0.500000
vt 0.503444 0.500000
vt 0.559057 0.500000
vt 0.253444 0.500000
vt 0.309056 0.500000
vt 0.691988 0.500000
vt 0.745512 0.500000
vt 0.441988 0.500000
vt 0.495512 0.500000
vt 0.191988 0.500000
vt 0.245512 0.500000
vt 0.441988 0.500000
vt 0.495512 0.500000
vt 0.745512 0.500000
vt 0.593474 0.079556
vt 0.527364 0.079556
vt 0.524118 0.084567
vt 0.524118 0.165433
vt 0.495512 0.500000
vt 0.745512 0.500000
vt 0.691988 0.500000
vt 0.441988 0.500000
vt 0.191989 0.500000
vt 0.245512 0.500000
vt 0.245512 0.500000
vt 0.125000 0.744462
vt 0.995512 0.500000
vt 0.941988 0.500000
vt 0.058012 0.500000
vt 0.004488 0.500000
vt 0.809056 1.000000
vt 0.753444 1.000000
vt 0.559056 1.000000
vt 0.503444 1.000000
vt 0.309056 1.000000
vt 0.253444 1.000000
vt 0.941988 0.500000
vt 0.995512 0.500000
vt 0.004488 0.500000
vt 0.058012 0.500000
vt 0.004488 0.500000
vt 0.058012 0.500000
vt 0.004488 0.500000
vt 0.058012 0.500000
vt 0.422507 1.000000
vt 0.004488 0.500000
vt 0.879488 0.500000
vt 0.933011 0.500000
vt 0.629488 0.500000
vt 0.683012 0.500000
vt 0.379488 0.500000
vt 0.433012 0.500000
vt 0.129488 0.500000
vt 0.183012 0.500000
vt 0.879488 0.500000
vt 0.183012 0.500000
vt 0.129488 0.500000
vt 0.378246 0.000000
vt 0.621754 0.000000
vt 0.625000 0.248353
vt 0.940944 0.500000
vt 0.996556 0.500000
vt 0.690943 0.500000
vt 0.746557 0.500000
vt 0.440944 0.500000
vt 0.496556 0.500000
vt 0.190944 0.500000
vt 0.246557 0.500000
vt 0.003444 0.500000
vt 0.059056 0.500000
vt 0.933012 0.500000
vt 0.629488 0.500000
vt 0.683012 0.500000
vt 0.379488 0.500000
vt 0.433012 0.500000
vt 0.183012 0.500000
vt 0.629488 0.500000
vt 0.683011 0.500000
vt 0.379488 0.500000
vt 0.433011 0.500000
vt 0.129489 0.500000
vt 0.183011 0.500000
vt 0.527364 0.170444
vt 0.593474 0.170444
vt 0.433011 0.500000
vt 0.183011 0.500000
vt 0.996557 1.000000
vt 0.940944 1.000000
vt 0.746556 1.000000
vt 0.690944 1.000000
vt 0.496556 1.000000
vt 0.440944 1.000000
vt 0.246557 1.000000
vt 0.190944 1.000000
vt 0.059056 1.000000
vt 0.003444 1.000000
s 1
usemtl Red
f 2188/1/1 502/2/1 501/3/1 2191/4/1
f 2178/5/2 513/6/2 515/7/2 521/8/2 519/9/2 2174/10/2 2173/11/2 2182/12/2
f 519/13/2 513/6/2 2178/5/2 2174/10/2
f 2185/18/1 507/19/1 508/20/1 2192/21/1
f 2192/22/1 508/20/1 502/23/1 2188/1/1
f 500/24/3 511/25/4 518/26/4 505/27/3
f 2191/28/1 501/29/1 507/30/1 2185/31/1
f 561/32/5 565/33/5 569/34/5 573/35/5 577/36/5 582/37/5 529/38/5 533/39/5 537/40/5 541/41/5 545/42/5 549/43/5 553/44/5
f 538/45/6 540/46/6 544/47/7 542/48/7
f 542/48/7 544/47/7 548/49/1 546/50/1
f 546/50/1 548/49/1 552/51/8 550/52/8
f 550/52/8 552/51/8 558/53/9 554/54/9
f 555/55/10 557/56/10 562/57/11 559/58/11
f 534/59/12 536/60/12 540/46/6 538/45/6
f 566/69/14 568/70/14 572/71/2 570/72/2
f 570/72/2 572/71/2 576/77/15 574/78/15
f 574/78/15 576/77/15 580/83/20 578/84/20
f 578/84/20 580/83/20 584/89/21 581/90/21
f 581/90/21 584/89/21 532/91/4 530/92/4
f 530/97/4 532/98/4 536/60/12 534/59/12
f 560/99/23 564/100/23 568/70/14 566/69/14
f 531/131/22 583/132/22 579/133/22 575/134/22 571/135/22 567/136/22 563/137/22 556/138/22 551/139/22 547/140/22 543/141/22 539/142/22 535/143/22
f 2194/1195/1036 2171/1196/5 2176/1197/5 2183/1198/1037
f 2180/1199/4 2172/1200/4 2193/1201/4 2187/1202/4
f 2179/1203/22 2181/1204/22 2186/1205/1038 2190/1206/1039
f 2177/1207/13 2189/1208/1040 2184/1209/1040 2175/1210/13
f 514/1215/13 503/1216/13 510/1217/13 522/1218/13
f 509/1219/1043 506/1220/1044 517/1221/22 520/1222/22
f 499/1256/1051 500/1257/1052 501/1258/1053
f 502/1259/1054 503/1216/1054 504/1260/1054
f 505/1261/1055 506/1262/1056 507/30/1057
f 508/1263/1058 509/1219/1058 510/1264/1058
f 511/1265/1059 512/1266/1060 513/1267/1061
f 514/1215/1062 515/1268/1062 516/1269/1062
f 517/1221/1063 518/1270/1064 519/1271/1065
f 520/1272/1066 521/8/1066 522/1273/1066
f 553/44/1069 554/54/1070 555/55/1071
f 556/138/1072 557/56/1073 558/53/1074
f 559/58/1075 560/99/1076 561/32/1077
f 562/57/1078 563/137/1079 564/100/1080
f 2171/1287/1087 2172/1200/1088 2173/1288/1089
f 2174/10/1090 2175/1289/1091 2176/1290/1092
f 2177/1291/1093 2178/5/1094 2179/1292/1095
f 2180/1199/1096 2181/1293/1097 2182/1294/1098
f 2183/1198/1099 2184/1295/1099 2185/1296/1099
f 2186/1297/1100 2187/1298/1101 2188/1/1102
f 2189/1299/1103 2190/1206/1103 2191/1300/1103
f 2192/22/1104 2193/1301/1105 2194/1302/1106
f 501/3/1111 502/2/1111 504/1303/1112 499/1256/1113
f 500/24/3 505/27/3 507/30/1114 501/29/1114
f 499/1256/1051 512/1266/1060 511/1304/1059 500/1257/1052
f 542/48/1115 546/50/1116 545/42/1116 541/41/1115
f 559/58/11 562/57/11 564/100/23 560/99/23
f 560/99/1076 566/69/1117 565/33/1117 561/32/1077
f 578/84/1118 581/90/1119 582/37/1119 577/36/1118
f 2185/18/1156 2192/21/1156 2194/1336/1036 2183/1337/1037
f 2184/1356/1040 2189/1357/1040 2191/28/1179 2185/31/1179
f 2188/1/1184 2191/4/1184 2190/1358/1039 2186/1297/1038
f 2187/1359/1101 2193/1301/1105 2192/22/1104 2188/1/1102
f 502/23/1188 508/20/1188 510/1217/1188 503/1216/1188
f 503/1216/1121 514/1215/1121 516/1269/1121 504/1260/1121
f 543/141/1189 547/140/1190 548/49/1190 544/47/1189
f 563/137/1079 567/136/1191 568/70/1191 564/100/1080
f 579/133/1192 583/132/1193 584/89/1193 580/83/1192
f 506/1220/1044 509/1219/1043 508/20/1239 507/19/1239
f 505/1277/1055 518/1270/1064 517/1221/1063 506/1220/1056
f 530/1378/1240 534/1379/1241 533/39/1241 529/38/1240
f 546/50/1116 550/52/1243 549/43/1243 545/42/1116
f 566/69/1117 570/72/1244 569/34/1244 565/33/1117
f 529/38/1240 582/37/1119 581/90/1119 530/92/1240
f 509/1280/1259 520/1286/1259 522/1218/1259 510/1217/1259
f 531/131/1260 535/143/1261 536/81/1261 532/189/1260
f 547/140/1190 551/139/1262 552/51/1262 548/49/1190
f 567/136/1191 571/135/1263 572/71/1263 568/70/1191
f 532/91/1260 584/89/1193 583/132/1193 531/131/1260
f 512/1266/1270 516/1399/1270 515/7/1270 513/6/1270
f 513/6/1271 519/13/1271 518/1400/1271 511/1401/1271
f 534/59/1241 538/45/1272 537/40/1272 533/39/1241
f 550/52/1243 554/54/1070 553/44/1069 549/43/1243
f 570/72/1244 574/78/1273 573/35/1273 569/34/1244
f 2173/11/1089 2174/10/1090 2176/1419/1092 2171/1420/1087
f 2172/1421/20 2180/1422/20 2182/12/20 2173/11/20
f 2171/1196/1194 2194/1195/1194 2193/1201/1194 2172/1200/1194
f 2174/10/1289 2178/5/1289 2177/1291/1289 2175/1289/1289
f 514/1215/1290 522/1218/1290 521/1430/1290 515/1268/1290
f 535/143/1261 539/142/1291 540/46/1291 536/60/1261
f 551/139/1262 556/138/1072 558/53/1074 552/51/1262
f 571/135/1263 575/134/1292 576/77/1292 572/71/1263
f 2175/1449/1121 2184/1295/1121 2183/1198/1121 2176/1197/1121
f 519/9/1301 521/8/1301 520/1462/1301 517/1463/1301
f 538/45/1272 542/48/1115 541/41/1115 537/40/1272
f 554/54/9 558/53/9 557/56/10 555/55/10
f 555/55/1071 559/58/1075 561/32/1077 553/44/1069
f 574/78/1273 578/84/1118 577/36/1118 573/35/1273
f 2178/5/1094 2182/12/1098 2181/1487/1097 2179/1488/1095
f 2179/1203/1259 2190/1206/1259 2189/1208/1259 2177/1207/1259
f 2180/1199/1274 2187/1202/1274 2186/1205/1274 2181/1204/1274
f 539/142/1291 543/141/1189 544/47/1189 540/46/1291
f 556/138/1072 563/137/1079 562/57/1078 557/56/1073
f 575/134/1292 579/133/1192 580/83/1192 576/77/1292
f 516/1399/5 512/1266/5 499/1256/1113 504/1303/1112
usemtl Black
f 604/79/16 19/80/17 20/81/18 670/82/19
f 26/144/24 25/145/25 44/145/26 42/144/27
f 24/146/28 23/147/29 36/147/30 35/146/31
f 25/145/25 24/146/28 35/146/31 44/145/26
f 696/164/32 33/165/33 34/166/34 698/167/35
f 28/172/38 27/173/39 40/173/40 38/172/41
f 694/174/42 32/175/43 33/165/33 696/164/32
f 29/178/44 28/172/38 38/172/41 37/178/45
f 692/179/46 31/180/47 32/175/43 694/181/42
f 33/165/33 32/175/43 48/175/49 49/165/50
f 690/184/51 30/185/52 31/180/47 692/186/46
f 19/189/17 34/166/34 50/166/54 45/189/55
f 688/190/56 29/178/44 30/185/52 690/191/51
f 30/185/52 29/178/44 37/178/45 46/185/58
f 686/194/59 28/172/38 29/178/44 688/190/56
f 21/197/60 20/81/18 43/81/61 41/197/62
f 684/198/63 27/173/39 28/172/38 686/199/59
f 22/202/65 21/197/60 41/197/62 39/202/66
f 682/203/67 26/144/24 27/173/39 684/198/63
f 23/147/29 22/202/65 39/202/66 36/147/30
f 680/206/69 25/145/25 26/144/24 682/203/67
f 32/175/43 31/180/47 47/180/71 48/175/49
f 678/209/72 24/146/28 25/145/25 680/206/69
f 48/175/49 47/180/71 63/180/73 64/175/74
f 676/212/75 23/147/29 24/146/28 678/213/72
f 698/216/35 34/166/34 19/189/17 604/217/16
f 674/218/77 22/202/65 23/147/29 676/219/75
f 672/226/80 21/197/60 22/202/65 674/227/77
f 677/230/13 679/231/13 681/232/13 683/233/13 685/234/13 687/235/13 689/236/13 691/237/13 693/238/13 695/239/13 697/240/13 603/241/13 669/242/13 671/243/13 673/244/13 675/245/13
f 670/246/19 20/81/18 21/197/60 672/226/80
f 27/173/39 26/144/24 42/144/27 40/173/40
f 60/145/82 51/146/83 700/146/84 717/145/85
f 31/180/47 30/185/52 46/185/58 47/180/71
f 34/166/34 33/165/33 49/165/50 50/166/54
f 20/81/18 19/80/17 45/80/55 43/81/61
f 702/147/86 707/202/87 740/202/88 733/147/89
f 40/173/40 42/144/27 58/144/90 56/173/91
f 49/165/50 48/175/49 64/175/74 65/165/92
f 41/197/62 43/81/61 59/81/93 57/197/94
f 50/166/54 49/165/50 65/165/92 66/166/95
f 42/144/27 44/145/26 60/145/82 58/144/90
f 35/146/31 36/147/30 52/147/96 51/146/83
f 45/189/55 50/166/54 66/166/95 61/189/97
f 44/145/26 35/146/31 51/146/83 60/145/82
f 37/178/45 38/172/41 54/172/98 53/178/99
f 43/81/61 45/80/55 61/80/97 59/81/93
f 36/147/30 39/202/66 55/202/100 52/147/96
f 46/185/58 37/178/45 53/178/99 62/185/101
f 38/172/41 40/173/40 56/173/91 54/172/98
f 47/180/71 46/185/58 62/185/101 63/180/73
f 39/202/66 41/197/62 57/197/94 55/202/100
f 59/81/93 61/80/97 719/80/102 715/81/103
f 721/185/104 703/178/105 736/178/106 754/185/107
f 706/172/108 709/173/109 742/173/110 737/172/111
f 724/180/112 721/185/104 754/185/107 755/180/113
f 707/202/87 712/197/114 743/197/115 740/202/88
f 725/175/116 724/180/112 755/180/113 758/175/117
f 709/173/109 714/144/118 745/144/119 742/173/110
f 727/165/120 725/175/116 758/175/117 760/165/121
f 712/197/114 716/81/122 747/81/123 743/197/115
f 729/166/124 727/165/120 760/165/121 762/166/125
f 714/144/118 718/145/126 749/145/127 745/144/119
f 699/146/128 702/147/86 733/147/89 732/146/129
f 720/189/130 729/166/124 762/166/125 751/189/131
f 718/145/126 699/146/128 732/146/129 749/145/127
f 703/178/105 706/172/108 737/172/111 736/178/106
f 716/81/122 720/80/130 751/80/131 747/81/123
f 759/165/132 757/175/133 80/175/134 81/165/135
f 52/147/96 55/202/100 708/202/136 701/147/137
f 63/180/73 62/185/101 722/185/138 723/180/139
f 51/146/83 52/147/96 701/147/137 700/146/84
f 62/185/101 53/178/99 704/178/140 722/185/138
f 61/189/97 66/166/95 730/166/141 719/189/102
f 53/178/99 54/172/98 705/172/142 704/178/140
f 54/172/98 56/173/91 710/173/143 705/172/142
f 55/202/100 57/197/94 711/197/144 708/202/136
f 64/175/74 63/180/73 723/180/139 726/175/145
f 56/173/91 58/144/90 713/144/146 710/173/143
f 65/165/92 64/175/74 726/175/145 728/165/147
f 57/197/94 59/81/93 715/81/103 711/197/144
f 66/166/95 65/165/92 728/165/147 730/166/141
f 58/144/90 60/145/82 717/145/85 713/144/146
f 731/146/148 734/147/149 68/147/150 67/146/151
f 68/147/150 71/202/152 87/202/153 84/147/154
f 744/197/155 748/265/156 75/81/157 73/197/158
f 761/166/159 759/165/132 81/165/135 82/166/160
f 746/144/161 750/145/162 76/145/163 74/144/164
f 974/266/165 763/267/166 765/268/167 975/269/168
f 748/81/156 752/80/169 77/80/170 75/81/157
f 750/145/162 731/146/148 67/146/151 76/145/163
f 756/180/171 753/185/172 78/185/173 79/180/174
f 734/147/149 739/202/175 71/202/152 68/147/150
f 753/185/172 735/270/176 69/178/177 78/185/173
f 752/189/169 761/166/159 82/166/160 77/189/170
f 735/178/176 738/172/178 70/172/179 69/178/177
f 738/172/178 741/173/180 72/173/181 70/172/179
f 739/202/175 744/271/155 73/197/158 71/202/152
f 757/175/133 756/180/171 79/180/174 80/175/134
f 741/173/180 746/144/161 74/144/164 72/173/181
f 90/144/182 92/145/183 108/145/184 106/144/185
f 78/185/173 69/178/177 85/178/186 94/185/187
f 70/172/179 72/173/181 88/173/188 86/172/189
f 79/180/174 78/185/173 94/185/187 95/180/190
f 71/202/152 73/197/158 89/197/191 87/202/153
f 80/175/134 79/180/174 95/180/190 96/175/192
f 72/173/181 74/144/164 90/144/182 88/173/188
f 81/165/135 80/175/134 96/175/192 97/165/193
f 73/197/158 75/81/157 91/81/194 89/197/191
f 82/166/160 81/165/135 97/165/193 98/166/195
f 74/144/164 76/145/163 92/145/183 90/144/182
f 67/146/151 68/147/150 84/147/154 83/146/196
f 77/189/170 82/166/160 98/166/195 93/189/197
f 76/145/163 67/146/151 83/146/196 92/145/183
f 69/178/177 70/172/179 86/172/189 85/178/186
f 75/81/157 77/80/170 93/80/197 91/81/194
f 105/272/198 107/273/199 109/274/200 114/275/201 113/276/202 112/277/203 111/278/204 110/279/205 101/280/206 102/281/207 104/282/208 106/283/185 108/284/184 99/285/209 100/286/210 103/287/211
f 83/146/196 84/147/154 100/147/210 99/146/209
f 93/189/197 98/166/195 114/166/201 109/189/200
f 92/145/183 83/146/196 99/146/209 108/145/184
f 85/178/186 86/172/189 102/172/207 101/178/206
f 91/81/194 93/80/197 109/80/200 107/81/199
f 84/147/154 87/202/153 103/202/211 100/147/210
f 94/185/187 85/178/186 101/178/206 110/185/205
f 86/172/189 88/173/188 104/173/208 102/172/207
f 95/180/190 94/185/187 110/185/205 111/180/204
f 87/202/153 89/197/191 105/197/198 103/202/211
f 96/175/192 95/180/190 111/180/204 112/175/203
f 88/173/188 90/144/182 106/144/185 104/173/208
f 97/165/193 96/175/192 112/175/203 113/165/202
f 89/197/191 91/81/194 107/81/199 105/197/198
f 98/166/195 97/165/193 113/165/202 114/166/201
f 986/288/212 776/289/213 764/290/214 973/291/215
f 977/292/216 768/293/217 769/294/218 979/295/219
f 980/296/220 770/297/221 772/298/222 981/299/223
f 982/300/224 771/301/225 773/302/226 984/303/227
f 983/304/228 774/305/229 115/306/230 130/307/231
f 130/307/231 115/306/230 775/308/232 985/309/233
f 778/310/234 792/311/235 794/312/236 779/313/237
f 763/314/166 778/310/234 779/313/237 765/268/167
f 789/315/238 804/316/239 791/317/240 777/318/241
f 782/319/242 796/320/243 798/321/244 783/322/245
f 784/323/246 797/324/247 799/325/248 785/326/249
f 786/327/250 800/328/251 801/329/252 788/330/253
f 787/331/254 802/332/255 117/333/256 116/334/257
f 116/334/257 117/333/256 803/335/258 790/336/259
f 792/337/235 806/338/260 807/339/261 794/312/236
f 780/340/262 793/341/263 795/342/264 781/343/265
f 804/344/239 818/345/266 805/346/267 791/347/240
f 796/320/243 810/348/268 811/349/269 798/321/244
f 797/324/247 812/350/270 813/351/271 799/352/248
f 800/353/251 814/354/272 815/355/273 801/329/252
f 802/356/255 816/357/274 118/358/275 117/333/256
f 117/333/256 118/358/275 817/359/276 803/360/258
f 806/361/260 820/362/277 821/363/278 807/339/261
f 793/364/263 808/365/279 809/366/280 795/342/264
f 818/367/266 832/368/281 819/369/282 805/370/267
f 810/348/268 824/371/283 825/372/284 811/373/269
f 812/350/270 826/374/285 827/375/286 813/376/271
f 814/377/272 828/378/287 829/379/288 815/380/273
f 816/381/274 830/382/289 119/383/290 118/358/275
f 118/358/275 119/383/290 831/384/291 817/385/276
f 820/362/277 834/386/292 835/387/293 821/363/278
f 808/365/279 822/388/294 823/389/295 809/366/280
f 832/390/281 846/391/296 833/392/297 819/393/282
f 824/371/283 838/394/298 839/395/299 825/396/284
f 826/374/285 840/397/300 841/398/301 827/375/286
f 828/399/287 842/400/302 843/401/303 829/402/288
f 830/403/289 844/404/304 120/405/305 119/383/290
f 119/383/290 120/405/305 845/406/306 831/407/291
f 834/386/292 848/408/307 849/409/308 835/410/293
f 822/388/294 836/411/309 837/412/310 823/389/295
f 846/413/296 860/414/311 847/415/312 833/392/297
f 838/394/298 852/416/313 853/417/314 839/395/299
f 840/418/300 854/419/315 855/420/316 841/398/301
f 842/421/302 856/422/317 857/423/318 843/424/303
f 844/404/304 858/425/319 121/426/320 120/405/305
f 120/405/305 121/426/320 859/427/321 845/428/306
f 848/408/307 862/429/322 863/430/323 849/431/308
f 836/432/309 850/433/324 851/434/325 837/435/310
f 860/436/311 874/437/326 861/438/327 847/439/312
f 852/416/313 866/440/328 867/441/329 853/442/314
f 854/419/315 868/443/330 869/444/331 855/445/316
f 856/446/317 870/447/332 871/448/333 857/449/318
f 858/425/319 872/450/334 122/451/335 121/426/320
f 121/426/320 122/451/335 873/452/336 859/427/321
f 862/429/322 876/453/337 877/454/338 863/455/323
f 850/433/324 864/456/339 865/457/340 851/434/325
f 874/458/326 888/459/341 875/460/342 861/461/327
f 866/440/328 880/462/343 881/463/344 867/441/329
f 868/443/330 882/464/345 883/465/346 869/466/331
f 870/467/332 884/468/347 885/469/348 871/470/333
f 872/450/334 886/471/349 123/472/350 122/451/335
f 122/451/335 123/472/350 887/473/351 873/474/336
f 888/475/341 902/476/352 889/477/353 875/478/342
f 864/456/339 878/479/354 879/480/355 865/457/340
f 878/481/354 892/482/356 893/483/357 879/484/355
f 880/485/343 894/486/358 895/487/359 881/488/344
f 882/489/345 896/490/360 897/491/361 883/492/346
f 884/493/347 898/494/362 899/495/363 885/496/348
f 886/497/349 900/498/364 124/499/365 123/500/350
f 123/500/350 124/499/365 901/501/366 887/502/351
f 890/503/367 904/504/368 905/505/369 891/506/370
f 876/507/337 890/508/367 891/509/370 877/510/338
f 902/476/352 916/511/371 903/512/372 889/513/353
f 894/486/358 908/514/373 909/515/374 895/487/359
f 896/490/360 910/516/375 911/517/376 897/491/361
f 898/518/362 912/519/377 913/520/378 899/521/363
f 900/522/364 914/523/379 125/524/380 124/499/365
f 124/499/365 125/524/380 915/525/381 901/526/366
f 904/504/368 918/527/382 919/528/383 905/529/369
f 892/482/356 906/530/384 907/531/385 893/483/357
f 916/532/371 930/533/386 917/534/387 903/535/372
f 908/536/373 922/537/388 923/538/389 909/539/374
f 910/540/375 924/541/390 925/542/391 911/517/376
f 912/543/377 926/544/392 927/545/393 913/546/378
f 914/523/379 928/547/394 126/548/395 125/524/380
f 125/524/380 126/548/395 929/549/396 915/550/381
f 918/551/382 932/552/397 933/553/398 919/528/383
f 906/554/384 920/555/399 921/556/400 907/557/385
f 930/558/386 944/559/401 931/560/402 917/534/387
f 922/537/388 936/561/403 937/562/404 923/563/389
f 924/564/390 938/565/405 939/566/406 925/542/391
f 926/567/392 940/568/407 941/569/408 927/570/393
f 928/571/394 942/572/409 127/573/410 126/548/395
f 126/548/395 127/573/410 943/574/411 929/575/396
f 932/552/397 946/576/412 947/577/413 933/553/398
f 920/555/399 934/578/414 935/579/415 921/580/400
f 944/581/401 958/582/416 945/583/417 931/584/402
f 936/585/403 950/586/418 951/587/419 937/588/404
f 938/589/405 952/590/420 953/591/421 939/592/406
f 940/593/407 954/594/422 955/595/423 941/596/408
f 942/572/409 956/597/424 128/598/425 127/573/410
f 127/573/410 128/598/425 957/599/426 943/600/411
f 946/601/412 960/602/427 961/603/428 947/577/413
f 934/578/414 948/604/429 949/605/430 935/606/415
f 958/607/416 972/608/431 959/609/432 945/610/417
f 950/611/418 964/612/433 965/613/434 951/614/419
f 952/590/420 966/615/435 967/616/436 953/617/421
f 954/618/422 968/619/437 969/620/438 955/621/423
f 956/622/424 970/623/439 129/624/440 128/598/425
f 128/598/425 129/624/440 971/625/441 957/626/426
f 960/627/427 974/266/165 975/628/168 961/629/428
f 948/630/429 962/631/442 963/632/443 949/633/430
f 972/634/431 986/635/212 973/636/215 959/637/432
f 964/612/433 977/638/216 979/295/219 965/613/434
f 966/639/435 980/640/220 981/299/223 967/616/436
f 968/641/437 982/642/224 984/643/227 969/644/438
f 970/645/439 983/646/228 130/307/231 129/624/440
f 129/624/440 130/307/231 985/309/233 971/625/441
f 1209/647/212 1000/289/213 987/648/214 1198/636/215
f 962/631/442 976/649/444 978/650/445 963/651/443
f 776/652/213 789/653/238 777/654/241 764/290/214
f 766/655/446 780/656/262 781/343/265 767/657/447
f 768/658/217 782/319/242 783/659/245 769/660/218
f 770/661/221 784/323/246 785/662/249 772/298/222
f 771/663/225 786/664/250 788/665/253 773/666/226
f 774/305/229 787/667/254 116/334/257 115/306/230
f 115/306/230 116/334/257 790/668/259 775/308/232
f 976/669/444 766/655/446 767/657/447 978/650/445
f 1200/649/444 989/655/446 991/657/447 1202/650/445
f 1201/292/216 992/293/217 993/294/218 1204/670/219
f 1203/671/220 994/661/221 996/298/222 1206/672/223
f 1205/673/224 995/674/225 997/675/226 1208/303/227
f 1207/646/448 998/305/229 131/306/230 146/307/231
f 146/307/231 131/306/230 999/308/232 1210/676/233
f 1002/677/234 1016/678/235 1017/679/236 1003/313/237
f 988/267/166 1002/677/234 1003/313/237 990/680/167
f 1014/681/238 1028/682/239 1015/347/240 1001/683/241
f 1006/684/242 1020/685/243 1021/686/244 1007/322/245
f 1008/323/246 1022/687/247 1023/688/248 1009/689/249
f 1010/690/250 1024/691/251 1025/692/252 1011/693/253
f 1012/667/254 1026/694/255 133/333/256 132/334/257
f 132/334/257 133/333/256 1027/695/258 1013/696/259
f 1016/697/235 1030/698/260 1031/699/261 1017/312/236
f 1004/340/262 1018/341/263 1019/342/264 1005/343/265
f 1028/700/239 1042/701/266 1029/702/267 1015/703/240
f 1020/704/243 1034/705/268 1035/706/269 1021/707/244
f 1022/324/247 1036/350/270 1037/376/271 1023/325/248
f 1024/708/251 1038/709/272 1039/710/273 1025/692/252
f 1026/711/255 1040/712/274 134/358/275 133/333/256
f 133/333/256 134/358/275 1041/713/276 1027/695/258
f 1030/361/260 1044/714/277 1045/363/278 1031/339/261
f 1018/341/263 1032/715/279 1033/716/280 1019/342/264
f 1042/717/266 1056/390/281 1043/718/282 1029/719/267
f 1034/720/268 1048/371/283 1049/372/284 1035/349/269
f 1036/721/270 1050/374/285 1051/375/286 1037/351/271
f 1038/377/272 1052/722/287 1053/723/288 1039/724/273
f 1040/725/274 1054/726/289 135/383/290 134/358/275
f 134/358/275 135/383/290 1055/727/291 1041/728/276
f 1044/714/277 1058/729/292 1059/730/293 1045/363/278
f 1032/715/279 1046/731/294 1047/732/295 1033/716/280
f 1056/390/281 1070/733/296 1057/734/297 1043/735/282
f 1048/371/283 1062/736/298 1063/395/299 1049/372/284
f 1050/374/285 1064/418/300 1065/398/301 1051/375/286
f 1052/737/287 1066/738/302 1067/739/303 1053/740/288
f 1054/741/289 1068/742/304 136/405/305 135/383/290
f 135/383/290 136/405/305 1069/406/306 1055/743/291
f 1058/744/292 1072/745/307 1073/431/308 1059/730/293
f 1046/388/294 1060/746/309 1061/747/310 1047/732/295
f 1070/748/296 1084/749/311 1071/415/312 1057/750/297
f 1062/394/298 1076/751/313 1077/442/314 1063/395/299
f 1064/752/300 1078/753/315 1079/445/316 1065/754/301
f 1066/755/302 1080/756/317 1081/757/318 1067/758/303
f 1068/759/304 1082/760/319 137/426/320 136/405/305
f 136/405/305 137/426/320 1083/761/321 1069/762/306
f 1072/408/307 1086/429/322 1087/455/323 1073/431/308
f 1060/411/309 1074/763/324 1075/764/325 1061/765/310
f 1084/414/311 1098/766/326 1085/767/327 1071/768/312
f 1076/751/313 1090/769/328 1091/441/329 1077/442/314
f 1078/419/315 1092/443/330 1093/466/331 1079/770/316
f 1080/771/317 1094/772/332 1095/773/333 1081/774/318
f 1082/775/319 1096/776/449 138/451/335 137/426/320
f 137/426/320 138/451/335 1097/777/336 1083/778/321
f 1086/429/322 1100/779/337 1101/454/338 1087/430/323
f 1074/780/324 1088/456/339 1089/781/340 1075/782/325
f 1098/783/326 1112/784/341 1099/785/342 1085/786/327
f 1090/440/328 1104/462/343 1105/463/344 1091/441/329
f 1092/787/330 1106/464/345 1107/788/346 1093/789/331
f 1094/790/332 1108/791/347 1109/792/348 1095/793/333
f 1096/450/449 1110/471/349 139/472/350 138/451/335
f 138/451/335 139/472/350 1111/473/351 1097/794/336
f 1100/795/337 1114/796/367 1115/506/370 1101/510/338
f 1088/456/339 1102/479/354 1103/797/355 1089/457/340
f 1112/798/341 1126/799/352 1113/513/353 1099/800/342
f 1104/485/343 1118/486/358 1119/487/359 1105/488/344
f 1106/801/345 1120/490/360 1121/802/361 1107/803/346
f 1108/804/347 1122/805/362 1123/806/363 1109/807/348
f 1110/808/349 1124/809/450 140/499/365 139/500/350
f 139/500/350 140/499/365 1125/810/366 1111/502/351
f 1114/508/367 1128/811/368 1129/812/369 1115/509/370
f 1102/481/354 1116/482/356 1117/813/357 1103/484/355
f 1126/814/352 1140/511/371 1127/815/372 1113/816/353
f 1118/817/358 1132/536/373 1133/818/374 1119/487/359
f 1120/819/360 1134/820/375 1135/517/376 1121/802/361
f 1122/821/362 1136/822/377 1137/823/378 1123/824/363
f 1124/825/450 1138/826/379 141/524/380 140/499/365
f 140/499/365 141/524/380 1139/827/381 1125/526/366
f 1128/504/368 1142/551/382 1143/528/383 1129/529/369
f 1116/482/356 1130/530/384 1131/557/385 1117/483/357
f 1140/828/371 1154/829/386 1141/830/387 1127/831/372
f 1132/536/373 1146/832/388 1147/563/389 1133/833/374
f 1134/540/375 1148/564/390 1149/834/391 1135/835/376
f 1136/836/377 1150/837/392 1151/838/393 1137/839/378
f 1138/840/379 1152/841/394 142/548/395 141/524/380
f 141/524/380 142/548/395 1153/549/396 1139/827/381
f 1142/527/382 1156/552/397 1157/842/398 1143/528/383
f 1130/530/384 1144/843/399 1145/556/400 1131/531/385
f 1154/844/386 1168/559/401 1155/845/402 1141/846/387
f 1146/537/388 1160/847/403 1161/562/404 1147/563/389
f 1148/564/390 1162/848/405 1163/849/406 1149/542/391
f 1150/567/392 1164/850/407 1165/851/408 1151/852/393
f 1152/853/394 1166/854/409 143/573/410 142/548/395
f 142/548/395 143/573/410 1167/855/411 1153/856/396
f 1156/552/397 1170/576/412 1171/857/413 1157/553/398
f 1144/555/399 1158/578/414 1159/606/415 1145/556/400
f 1168/858/401 1182/859/416 1169/860/417 1155/861/402
f 1160/585/403 1174/611/418 1175/614/419 1161/862/404
f 1162/589/405 1176/590/420 1177/591/421 1163/592/406
f 1164/593/407 1178/863/422 1179/864/423 1165/865/408
f 1166/866/409 1180/622/451 144/598/425 143/573/410
f 143/573/410 144/598/425 1181/867/426 1167/868/411
f 1170/869/412 1184/870/427 1185/603/428 1171/577/413
f 1158/871/414 1172/872/429 1173/605/430 1159/873/415
f 1182/582/416 1196/874/431 1183/875/432 1169/860/417
f 1174/611/418 1188/876/433 1189/613/434 1175/877/419
f 1176/590/420 1190/639/435 1191/616/436 1177/878/421
f 1178/879/422 1192/880/437 1193/881/438 1179/882/423
f 1180/883/451 1194/645/439 145/624/440 144/598/425
f 144/598/425 145/624/440 1195/884/441 1181/885/426
f 1184/870/427 1197/266/165 1199/628/168 1185/603/428
f 1172/886/429 1186/887/442 1187/632/443 1173/888/430
f 1196/889/431 1209/890/212 1198/291/215 1183/891/432
f 1188/612/433 1201/892/216 1204/295/219 1189/613/434
f 1190/893/435 1203/894/220 1206/895/223 1191/896/436
f 1192/897/437 1205/898/224 1208/899/227 1193/900/438
f 1194/901/439 1207/646/448 146/307/231 145/624/440
f 145/624/440 146/307/231 1210/902/233 1195/903/441
f 1421/904/452 1423/628/453 1213/268/454 1212/267/455
f 1186/631/442 1200/905/444 1202/906/445 1187/651/443
f 1000/907/213 1014/681/238 1001/908/241 987/909/214
f 989/655/446 1004/910/262 1005/343/265 991/911/447
f 992/658/217 1006/319/242 1007/659/245 993/660/218
f 994/297/221 1008/323/246 1009/689/249 996/298/222
f 995/912/225 1010/913/250 1011/914/253 997/915/226
f 998/305/229 1012/667/254 132/334/257 131/306/230
f 131/306/230 132/334/257 1013/696/259 999/916/232
f 1197/266/165 988/917/166 990/268/167 1199/628/168
f 1433/288/456 1422/918/457 1211/290/458 1223/652/459
f 1425/292/460 1428/295/461 1218/294/462 1215/293/463
f 1427/640/464 1430/299/465 1219/298/466 1217/297/467
f 1429/919/468 1432/643/469 1221/920/470 1220/921/471
f 1431/304/472 162/307/473 147/306/474 1222/305/475
f 162/307/473 1434/309/476 1224/308/477 147/306/474
f 1225/310/478 1228/313/479 1242/312/480 1239/311/481
f 1424/669/482 1426/650/483 1216/911/484 1214/655/485
f 1238/315/486 1226/318/487 1240/317/488 1251/316/489
f 1229/319/490 1232/322/491 1245/321/492 1244/320/493
f 1231/323/494 1234/326/495 1248/325/496 1246/324/497
f 1233/922/498 1236/923/499 1250/924/500 1247/925/501
f 1235/926/502 148/334/503 149/333/504 1249/332/505
f 148/334/503 1237/927/506 1252/928/507 149/333/504
f 1239/337/481 1242/312/480 1256/339/508 1253/698/509
f 1227/340/510 1230/343/511 1243/342/512 1241/341/513
f 1251/344/489 1240/929/488 1254/346/514 1265/345/515
f 1244/320/493 1245/707/492 1260/373/516 1257/348/517
f 1246/324/497 1248/325/496 1262/351/518 1259/350/519
f 1247/930/501 1250/924/500 1264/355/520 1261/931/521
f 1249/932/505 149/333/504 150/358/522 1263/357/523
f 149/333/504 1252/335/507 1266/933/524 150/358/522
f 1253/361/509 1256/339/508 1270/363/525 1267/362/526
f 1241/341/513 1243/342/512 1258/366/527 1255/365/528
f 1265/367/515 1254/934/514 1268/393/529 1279/368/530
f 1257/348/517 1260/373/516 1274/935/531 1271/371/532
f 1259/350/519 1262/351/518 1276/375/533 1273/374/534
f 1261/936/521 1264/710/520 1278/937/535 1275/938/536
f 1263/939/523 150/358/522 151/383/537 1277/403/538
f 150/358/522 1266/933/524 1280/407/539 151/383/537
f 1267/362/526 1270/363/525 1284/410/540 1281/386/541
f 1255/365/528 1258/366/527 1272/732/542 1269/388/543
f 1279/390/530 1268/393/529 1282/392/544 1293/940/545
f 1271/371/532 1274/372/531 1288/395/546 1285/394/547
f 1273/374/534 1276/375/533 1290/398/548 1287/418/549
f 1275/941/536 1278/402/535 1292/401/550 1289/942/551
f 1277/403/538 151/383/537 152/405/552 1291/943/553
f 151/383/537 1280/407/539 1294/428/554 152/405/552
f 1281/386/541 1284/410/540 1298/409/555 1295/408/556
f 1269/944/543 1272/732/542 1286/435/557 1283/432/558
f 1293/945/545 1282/946/544 1296/768/559 1307/414/560
f 1285/394/547 1288/395/546 1302/417/561 1299/416/562
f 1287/418/549 1290/398/548 1304/420/563 1301/419/564
f 1289/400/551 1292/424/550 1306/449/565 1303/771/566
f 1291/404/553 152/405/552 153/426/567 1305/425/568
f 152/405/552 1294/406/554 1308/947/569 153/426/567
f 1295/408/556 1298/431/555 1312/948/570 1309/429/571
f 1283/432/558 1286/435/557 1300/949/572 1297/433/573
f 1307/436/560 1296/439/559 1310/438/574 1321/437/575
f 1299/416/562 1302/442/561 1316/441/576 1313/440/577
f 1301/753/564 1304/445/563 1318/950/578 1315/443/579
f 1303/446/566 1306/951/565 1320/448/580 1317/952/581
f 1305/425/568 153/426/567 154/451/582 1319/953/583
f 153/426/567 1308/947/569 1322/954/584 154/451/582
f 1309/955/571 1312/455/570 1326/454/585 1323/956/586
f 1297/433/573 1300/434/572 1314/457/587 1311/456/588
f 1321/458/575 1310/957/574 1324/785/589 1335/459/590
f 1313/440/577 1316/441/576 1330/463/591 1327/462/592
f 1315/958/579 1318/466/578 1332/788/593 1329/464/594
f 1317/959/581 1320/960/580 1334/469/595 1331/468/596
f 1319/450/583 154/451/582 155/472/597 1333/961/598
f 154/451/582 1322/452/584 1336/962/599 155/472/597
f 1323/507/586 1326/510/585 1340/509/600 1337/508/601
f 1311/456/588 1314/457/587 1328/480/602 1325/479/603
f 1335/475/590 1324/963/589 1338/477/604 1349/964/605
f 1327/485/592 1330/488/591 1344/487/606 1341/486/607
f 1329/489/594 1332/492/593 1346/965/608 1343/490/609
f 1331/966/596 1334/967/595 1348/968/610 1345/969/611
f 1333/808/598 155/500/597 156/499/612 1347/498/613
f 155/500/597 1336/502/599 1350/501/614 156/499/612
f 1337/503/601 1340/509/600 1354/505/615 1351/504/616
f 1325/481/603 1328/484/602 1342/483/617 1339/482/618
f 1349/476/605 1338/513/604 1352/815/619 1363/511/620
f 1341/486/607 1344/487/606 1358/818/621 1355/514/622
f 1343/490/609 1346/491/608 1360/970/623 1357/971/624
f 1345/972/611 1348/973/610 1362/520/625 1359/974/626
f 1347/809/613 156/499/612 157/524/627 1361/975/628
f 156/499/612 1350/526/614 1364/827/629 157/524/627
f 1351/504/616 1354/812/615 1368/976/630 1365/527/631
f 1339/482/618 1342/483/617 1356/531/632 1353/530/633
f 1363/532/620 1352/815/619 1366/534/634 1377/533/635
f 1355/536/622 1358/539/621 1372/538/636 1369/832/637
f 1357/540/624 1360/517/623 1374/977/638 1371/541/639
f 1359/974/626 1362/546/625 1376/545/640 1373/978/641
f 1361/523/628 157/524/627 158/548/642 1375/547/643
f 157/524/627 1364/550/629 1378/979/644 158/548/642
f 1365/551/631 1368/976/630 1382/553/645 1379/552/646
f 1353/554/633 1356/557/632 1370/980/647 1367/555/648
f 1377/558/635 1366/534/634 1380/981/649 1391/858/650
f 1369/537/637 1372/538/636 1386/862/651 1383/585/652
f 1371/564/639 1374/542/638 1388/566/653 1385/982/654
f 1373/983/641 1376/570/640 1390/596/655 1387/984/656
f 1375/985/643 158/548/642 159/573/657 1389/572/658
f 158/548/642 1378/986/644 1392/574/659 159/573/657
f 1379/552/646 1382/553/645 1396/577/660 1393/576/661
f 1367/555/648 1370/556/647 1384/579/662 1381/578/663
f 1391/987/650 1380/988/649 1394/583/664 1405/582/665
f 1383/561/652 1386/588/651 1400/587/666 1397/611/667
f 1385/589/654 1388/592/653 1402/878/668 1399/590/669
f 1387/989/656 1390/569/655 1404/990/670 1401/991/671
f 1389/572/658 159/573/657 160/598/672 1403/992/673
f 159/573/657 1392/600/659 1406/599/674 160/598/672
f 1393/601/661 1396/577/660 1410/603/675 1407/870/676
f 1381/578/663 1384/606/662 1398/633/677 1395/604/678
f 1405/607/665 1394/583/664 1408/993/679 1419/608/680
f 1397/586/667 1400/994/666 1414/613/681 1411/995/682
f 1399/590/669 1402/591/668 1416/996/683 1413/615/684
f 1401/594/671 1404/997/670 1418/998/685 1415/897/686
f 1403/622/673 160/598/672 161/624/687 1417/623/688
f 160/598/672 1406/867/674 1420/625/689 161/624/687
f 1407/627/676 1410/603/675 1423/628/453 1421/266/452
f 1395/886/678 1398/633/677 1412/632/690 1409/631/691
f 1419/634/680 1408/875/679 1422/636/457 1433/635/456
f 1411/612/682 1414/613/681 1428/295/461 1425/892/460
f 1413/639/684 1416/616/683 1430/999/465 1427/1000/464
f 1415/1001/686 1418/644/685 1432/1002/469 1429/1003/468
f 1417/645/688 161/624/687 162/307/473 1431/646/472
f 161/624/687 1420/625/689 1434/1004/476 162/307/473
f 1658/647/456 1645/636/457 1436/648/458 1447/652/459
f 1409/631/691 1412/651/690 1426/1005/483 1424/649/482
f 1212/314/455 1213/268/454 1228/313/479 1225/310/478
f 1214/655/485 1216/657/484 1230/343/511 1227/340/510
f 1215/658/463 1218/660/462 1232/659/491 1229/1006/490
f 1217/661/467 1219/298/466 1234/662/495 1231/323/494
f 1220/1007/471 1221/1008/470 1236/1009/499 1233/664/498
f 1222/305/475 147/306/474 148/334/503 1235/667/502
f 147/306/474 1224/308/477 1237/668/506 148/334/503
f 1223/289/459 1211/290/458 1226/654/487 1238/653/486
f 1648/649/482 1649/650/483 1440/911/484 1437/1010/485
f 1650/292/460 1651/670/461 1442/294/462 1439/293/463
f 1652/671/464 1654/1011/465 1443/298/466 1441/297/467
f 1653/1012/468 1655/1002/469 1446/1008/470 1444/1013/471
f 1656/1014/692 178/307/473 163/306/474 1445/305/475
f 178/307/473 1657/309/476 1448/916/477 163/306/474
f 1449/677/478 1452/313/479 1466/679/480 1463/678/481
f 1646/266/452 1647/628/453 1438/680/454 1435/917/455
f 1461/315/486 1450/683/487 1464/929/488 1475/682/489
f 1453/684/490 1456/322/491 1470/707/492 1467/685/493
f 1455/323/494 1458/326/495 1472/688/496 1469/687/497
f 1457/327/498 1460/1015/499 1474/1016/500 1471/1017/501
f 1459/667/502 164/334/503 165/333/504 1473/1018/505
f 164/334/503 1462/696/506 1476/1019/507 165/333/504
f 1463/1020/481 1466/312/480 1480/1021/508 1477/698/509
f 1451/340/510 1454/343/511 1468/1022/512 1465/341/513
f 1475/700/489 1464/703/488 1478/702/514 1489/701/515
f 1467/1023/493 1470/686/492 1484/1024/516 1481/348/517
f 1469/324/497 1472/325/496 1486/1025/518 1483/350/519
f 1471/1026/501 1474/1027/500 1488/710/520 1485/1028/521
f 1473/711/505 165/333/504 166/358/522 1487/712/523
f 165/333/504 1476/695/507 1490/1029/524 166/358/522
f 1477/1030/509 1480/1021/508 1494/363/525 1491/714/526
f 1465/1031/513 1468/342/512 1482/716/527 1479/1032/528
f 1489/1033/515 1478/719/514 1492/718/529 1503/390/530
f 1481/720/517 1484/373/516 1498/372/531 1495/371/532
f 1483/721/519 1486/351/518 1500/375/533 1497/374/534
f 1485/1034/521 1488/1035/520 1502/740/535 1499/737/536
f 1487/725/523 166/358/522 167/383/537 1501/741/538
f 166/358/522 1490/1036/524 1504/727/539 167/383/537
f 1491/714/526 1494/363/525 1508/730/540 1505/1037/541
f 1479/715/528 1482/716/527 1496/732/542 1493/731/543
f 1503/390/530 1492/735/529 1506/1038/544 1517/1039/545
f 1495/371/532 1498/372/531 1512/1040/546 1509/1041/547
f 1497/374/534 1500/375/533 1514/398/548 1511/1042/549
f 1499/722/536 1502/723/535 1516/1043/550 1513/1044/551
f 1501/726/538 167/383/537 168/405/552 1515/1045/553
f 167/383/537 1504/743/539 1518/1046/554 168/405/552
f 1505/1037/541 1508/730/540 1522/431/555 1519/745/556
f 1493/388/543 1496/732/542 1510/1047/557 1507/746/558
f 1517/748/545 1506/1048/544 1520/415/559 1531/749/560
f 1509/1049/547 1512/395/546 1526/442/561 1523/751/562
f 1511/752/549 1514/398/548 1528/420/563 1525/753/564
f 1513/1050/551 1516/1051/550 1530/1052/565 1527/446/566
f 1515/759/553 168/405/552 169/426/567 1529/760/568
f 168/405/552 1518/1053/554 1532/761/569 169/426/567
f 1519/408/556 1522/431/555 1536/455/570 1533/1054/571
f 1507/411/558 1510/747/557 1524/434/572 1521/433/573
f 1531/414/560 1520/1055/559 1534/767/574 1545/783/575
f 1523/751/562 1526/442/561 1540/441/576 1537/769/577
f 1525/419/564 1528/1056/563 1542/466/578 1539/443/579
f 1527/1057/566 1530/774/565 1544/1058/580 1541/1059/581
f 1529/775/568 169/426/567 170/451/582 1543/776/693
f 169/426/567 1532/1060/569 1546/1061/584 170/451/582
f 1533/955/571 1536/430/570 1550/454/585 1547/779/586
f 1521/780/573 1524/782/572 1538/781/587 1535/456/588
f 1545/783/575 1534/786/574 1548/785/589 1559/784/590
f 1537/440/577 1540/441/576 1554/463/591 1551/462/592
f 1539/787/579 1542/789/578 1556/788/593 1553/1062/594
f 1541/1063/581 1544/1064/580 1558/792/595 1555/791/596
f 1543/1065/693 170/451/582 171/472/597 1557/961/598
f 170/451/582 1546/954/584 1560/962/599 171/472/597
f 1547/795/586 1550/510/585 1564/506/600 1561/796/601
f 1535/1066/588 1538/781/587 1552/480/602 1549/479/603
f 1559/798/590 1548/800/589 1562/513/604 1573/799/605
f 1551/485/592 1554/488/591 1568/1067/606 1565/486/607
f 1553/801/594 1556/1068/593 1570/802/608 1567/490/609
f 1555/1069/596 1558/1070/595 1572/1071/610 1569/1072/611
f 1557/808/598 171/500/597 172/499/612 1571/809/694
f 171/500/597 1560/502/599 1574/1073/614 172/499/612
f 1561/508/601 1564/509/600 1578/812/615 1575/811/616
f 1549/481/603 1552/484/602 1566/813/617 1563/482/618
f 1573/814/605 1562/816/604 1576/815/619 1587/511/620
f 1565/817/607 1568/487/606 1582/539/621 1579/536/622
f 1567/819/609 1570/802/608 1584/970/623 1581/820/624
f 1569/1074/611 1572/824/610 1586/823/625 1583/543/626
f 1571/1075/694 172/499/612 173/524/627 1585/826/628
f 172/499/612 1574/501/614 1588/827/629 173/524/627
f 1575/504/616 1578/812/615 1592/528/630 1589/551/631
f 1563/482/618 1566/483/617 1580/531/632 1577/530/633
f 1587/828/620 1576/1076/619 1590/1077/634 1601/844/635
f 1579/536/622 1582/539/621 1596/538/636 1593/537/637
f 1581/540/624 1584/835/623 1598/834/638 1595/541/639
f 1583/1078/626 1586/839/625 1600/838/640 1597/1079/641
f 1585/840/628 173/524/627 174/548/642 1599/547/643
f 173/524/627 1588/827/629 1602/979/644 174/548/642
f 1589/527/631 1592/528/630 1606/842/645 1603/552/646
f 1577/554/633 1580/531/632 1594/556/647 1591/555/648
f 1601/844/635 1590/1077/634 1604/845/649 1615/858/650
f 1593/537/637 1596/563/636 1610/562/651 1607/847/652
f 1595/541/639 1598/542/638 1612/849/653 1609/848/654
f 1597/1080/641 1600/570/640 1614/851/655 1611/850/656
f 1599/1081/643 174/548/642 175/573/657 1613/1082/658
f 174/548/642 1602/986/644 1616/574/659 175/573/657
f 1603/552/646 1606/553/645 1620/577/660 1617/576/661
f 1591/1083/648 1594/580/647 1608/606/662 1605/578/663
f 1615/858/650 1604/861/649 1618/860/664 1629/859/665
f 1607/561/652 1610/562/651 1624/614/666 1621/611/667
f 1609/589/654 1612/592/653 1626/591/668 1623/590/669
f 1611/1084/656 1614/865/655 1628/1085/670 1625/1086/671
f 1613/1087/658 175/573/657 176/598/672 1627/622/673
f 175/573/657 1616/868/659 1630/885/674 176/598/672
f 1617/869/661 1620/577/660 1634/1088/675 1631/870/676
f 1605/578/663 1608/1089/662 1622/633/677 1619/604/678
f 1629/582/665 1618/860/664 1632/891/679 1643/1090/680
f 1621/611/667 1624/614/666 1638/1091/681 1635/876/682
f 1623/590/669 1626/591/668 1640/616/683 1637/639/684
f 1625/1092/671 1628/1093/670 1642/881/685 1639/880/686
f 1627/1094/673 176/598/672 177/624/687 1641/645/688
f 176/598/672 1630/867/674 1644/625/689 177/624/687
f 1631/870/676 1634/603/675 1647/628/453 1646/266/452
f 1619/886/678 1622/605/677 1636/651/690 1633/887/691
f 1643/889/680 1632/875/679 1645/1095/457 1658/1096/456
f 1635/612/682 1638/613/681 1651/295/461 1650/892/460
f 1637/615/684 1640/616/683 1654/672/465 1652/894/464
f 1639/1097/686 1642/1098/685 1655/899/469 1653/1099/468
f 1641/1100/688 177/624/687 178/307/473 1656/1101/692
f 177/624/687 1644/884/689 1657/902/476 178/307/473
f 1633/1104/691 1636/632/690 1649/906/483 1648/649/482
f 1435/267/455 1438/680/454 1452/1105/479 1449/677/478
f 1437/655/485 1440/657/484 1454/1106/511 1451/340/510
f 1439/658/463 1442/294/462 1456/1107/491 1453/319/490
f 1441/297/467 1443/298/466 1458/689/495 1455/323/494
f 1444/912/471 1446/915/470 1460/914/499 1457/913/498
f 1445/305/475 163/306/474 164/334/503 1459/667/502
f 163/306/474 1448/308/477 1462/1108/506 164/334/503
f 1447/907/459 1436/909/458 1450/1109/487 1461/681/486
f 672/226/1138 674/227/1139 673/1316/1139 671/1317/1138
f 680/206/1140 682/203/1141 681/1318/1141 679/1319/1140
f 688/190/1142 690/191/1143 689/1320/1143 687/1321/1142
f 696/164/1144 698/167/1145 697/1322/1145 695/1323/1144
f 708/202/136 711/197/144 712/197/114 707/202/87
f 724/180/112 725/175/116 726/175/145 723/180/139
f 740/202/88 743/197/115 744/271/155 739/202/175
f 756/180/171 757/175/133 758/175/117 755/180/113
f 772/1327/222 785/1328/249 786/664/250 771/663/225
f 785/1328/249 799/1329/248 800/328/251 786/327/250
f 799/1329/248 813/1330/271 814/354/272 800/353/251
f 813/1330/271 827/1331/286 828/378/287 814/377/272
f 827/1331/286 841/1332/301 842/400/302 828/399/287
f 841/1332/301 855/1333/316 856/422/317 842/421/302
f 855/1333/316 869/1334/331 870/447/332 856/446/317
f 869/1334/331 883/1335/346 884/468/347 870/467/332
f 883/1338/346 897/1339/361 898/494/362 884/493/347
f 897/1339/361 911/1340/376 912/519/377 898/518/362
f 911/1340/376 925/1341/391 926/544/392 912/543/377
f 925/1341/391 939/1342/406 940/568/407 926/567/392
f 939/1342/406 953/1343/421 954/594/422 940/593/407
f 953/1343/421 967/1344/436 968/619/437 954/618/422
f 967/1344/436 981/1345/223 982/642/224 968/641/437
f 996/1327/222 1009/1328/249 1010/913/250 995/912/225
f 1009/1328/249 1023/1329/248 1024/691/251 1010/690/250
f 1023/1329/248 1037/1330/271 1038/709/272 1024/708/251
f 1037/1330/271 1051/1331/286 1052/722/287 1038/377/272
f 1051/1331/286 1065/1332/301 1066/738/302 1052/737/287
f 1065/1332/301 1079/1333/316 1080/756/317 1066/755/302
f 1079/1333/316 1093/1334/331 1094/772/332 1080/771/317
f 1093/1334/331 1107/1335/346 1108/791/347 1094/790/332
f 1107/1338/346 1121/1339/361 1122/805/362 1108/804/347
f 1121/1339/361 1135/1340/376 1136/822/377 1122/821/362
f 1135/1340/376 1149/1341/391 1150/837/392 1136/836/377
f 1149/1341/391 1163/1342/406 1164/850/407 1150/567/392
f 995/674/225 1205/673/224 1206/1345/223 996/1327/222
f 1163/1342/406 1177/1343/421 1178/863/422 1164/593/407
f 1177/1343/421 1191/1344/436 1192/880/437 1178/879/422
f 1191/1344/436 1206/1345/223 1205/898/224 1192/897/437
f 1220/173/471 1233/144/498 1234/662/495 1219/298/466
f 1233/922/498 1247/925/501 1248/1329/496 1234/1328/495
f 1247/930/501 1261/931/521 1262/1330/518 1248/1329/496
f 1261/146/521 1275/147/536 1276/375/533 1262/351/518
f 1275/147/536 1289/202/551 1290/398/548 1276/375/533
f 1289/400/551 1303/771/566 1304/1333/563 1290/1332/548
f 1303/197/566 1317/81/581 1318/950/578 1304/445/563
f 1317/81/581 1331/80/596 1332/788/593 1318/466/578
f 1331/189/596 1345/166/611 1346/965/608 1332/492/593
f 1345/972/611 1359/974/626 1360/1340/623 1346/1339/608
f 1359/974/626 1373/978/641 1374/1341/638 1360/1340/623
f 1373/175/641 1387/180/656 1388/566/653 1374/542/638
f 1387/180/656 1401/185/671 1402/878/668 1388/592/653
f 1401/185/671 1415/178/686 1416/996/683 1402/591/668
f 1415/178/686 1429/172/468 1430/999/465 1416/616/683
f 1444/173/471 1457/144/498 1458/689/495 1443/298/466
f 1457/327/498 1471/1017/501 1472/1329/496 1458/1328/495
f 1471/1026/501 1485/1028/521 1486/1330/518 1472/1329/496
f 1485/146/521 1499/147/536 1500/375/533 1486/351/518
f 771/301/225 982/300/224 981/1345/223 772/1327/222
f 1499/147/536 1513/202/551 1514/398/548 1500/375/533
f 1513/1050/551 1527/446/566 1528/1333/563 1514/1332/548
f 1527/197/566 1541/81/581 1542/466/578 1528/1056/563
f 1541/81/581 1555/80/596 1556/788/593 1542/789/578
f 1555/189/596 1569/166/611 1570/802/608 1556/1068/593
f 1569/1074/611 1583/543/626 1584/1340/623 1570/1339/608
f 1583/1078/626 1597/1079/641 1598/1341/638 1584/1340/623
f 1597/175/641 1611/180/656 1612/849/653 1598/542/638
f 1611/180/656 1625/185/671 1626/591/668 1612/592/653
f 1625/185/671 1639/178/686 1640/616/683 1626/591/668
f 1639/178/686 1653/172/468 1654/672/465 1640/616/683
f 1443/298/466 1654/1011/465 1653/172/468 1444/173/471
f 1219/298/466 1430/299/465 1429/172/468 1220/173/471
f 788/330/253 801/329/252 802/332/255 787/331/254
f 801/329/252 815/355/273 816/357/274 802/356/255
f 815/380/273 829/379/288 830/382/289 816/381/274
f 998/305/229 1207/646/448 1208/303/227 997/675/226
f 829/402/288 843/401/303 844/404/304 830/403/289
f 843/424/303 857/423/318 858/425/319 844/404/304
f 857/449/318 871/448/333 872/450/334 858/425/319
f 871/470/333 885/469/348 886/471/349 872/450/334
f 885/496/348 899/495/363 900/498/364 886/497/349
f 899/521/363 913/520/378 914/523/379 900/522/364
f 913/546/378 927/545/393 928/547/394 914/523/379
f 927/570/393 941/569/408 942/572/409 928/571/394
f 941/596/408 955/595/423 956/597/424 942/572/409
f 774/305/229 983/304/228 984/303/227 773/302/226
f 955/621/423 969/620/438 970/623/439 956/622/424
f 969/644/438 984/643/227 983/646/228 970/645/439
f 997/915/226 1011/914/253 1012/667/254 998/305/229
f 1011/693/253 1025/692/252 1026/694/255 1012/667/254
f 1025/692/252 1039/710/273 1040/712/274 1026/711/255
f 1039/724/273 1053/723/288 1054/726/289 1040/725/274
f 1053/740/288 1067/739/303 1068/742/304 1054/741/289
f 1067/758/303 1081/757/318 1082/760/319 1068/759/304
f 1081/774/318 1095/773/333 1096/776/449 1082/775/319
f 1095/793/333 1109/792/348 1110/471/349 1096/450/449
f 1109/807/348 1123/806/363 1124/809/450 1110/808/349
f 1123/824/363 1137/823/378 1138/826/379 1124/825/450
f 1137/839/378 1151/838/393 1152/841/394 1138/840/379
f 1151/852/393 1165/851/408 1166/854/409 1152/853/394
f 1165/865/408 1179/864/423 1180/622/451 1166/866/409
f 1179/882/423 1193/881/438 1194/645/439 1180/883/451
f 1193/900/438 1208/899/227 1207/646/448 1194/901/439
f 1222/305/475 1235/667/502 1236/1009/499 1221/1008/470
f 710/173/143 713/144/146 714/144/118 709/173/109
f 725/175/116 727/165/120 728/165/147 726/175/145
f 742/173/110 745/144/119 746/144/161 741/173/180
f 757/175/133 759/165/132 760/165/121 758/175/117
f 773/666/226 788/665/253 787/667/254 774/305/229
f 1235/926/502 1249/332/505 1250/924/500 1236/923/499
f 1249/932/505 1263/357/523 1264/355/520 1250/924/500
f 1263/939/523 1277/403/538 1278/937/535 1264/710/520
f 1277/403/538 1291/943/553 1292/401/550 1278/402/535
f 1291/404/553 1305/425/568 1306/449/565 1292/424/550
f 1305/425/568 1319/953/583 1320/448/580 1306/951/565
f 1446/1008/470 1655/1002/469 1656/1014/692 1445/305/475
f 1319/450/583 1333/961/598 1334/469/595 1320/960/580
f 1333/808/598 1347/498/613 1348/968/610 1334/967/595
f 1347/809/613 1361/975/628 1362/520/625 1348/973/610
f 1361/523/628 1375/547/643 1376/545/640 1362/546/625
f 1375/985/643 1389/572/658 1390/596/655 1376/570/640
f 1389/572/658 1403/992/673 1404/990/670 1390/569/655
f 1403/622/673 1417/623/688 1418/998/685 1404/997/670
f 1417/645/688 1431/646/472 1432/1002/469 1418/644/685
f 1445/305/475 1459/667/502 1460/914/499 1446/915/470
f 1459/667/502 1473/1018/505 1474/1016/500 1460/1015/499
f 1473/711/505 1487/712/523 1488/710/520 1474/1027/500
f 1487/725/523 1501/741/538 1502/740/535 1488/1035/520
f 1501/726/538 1515/1045/553 1516/1043/550 1502/723/535
f 1515/759/553 1529/760/568 1530/1052/565 1516/1051/550
f 1529/775/568 1543/776/693 1544/1058/580 1530/774/565
f 1543/1065/693 1557/961/598 1558/792/595 1544/1064/580
f 1557/808/598 1571/809/694 1572/1071/610 1558/1070/595
f 1571/1075/694 1585/826/628 1586/823/625 1572/824/610
f 1585/840/628 1599/547/643 1600/838/640 1586/839/625
f 1221/920/470 1432/643/469 1431/304/472 1222/305/475
f 1599/1081/643 1613/1082/658 1614/851/655 1600/570/640
f 1613/1087/658 1627/622/673 1628/1085/670 1614/865/655
f 1627/1094/673 1641/645/688 1642/881/685 1628/1093/670
f 1641/1100/688 1656/1101/692 1655/899/469 1642/1098/685
f 674/218/1139 676/219/1252 675/1368/1252 673/1369/1139
f 682/203/1141 684/198/1253 683/1388/1253 681/1377/1141
f 690/184/1143 692/186/1254 691/1389/1254 689/1390/1143
f 711/197/144 715/81/103 716/81/122 712/197/114
f 727/165/120 729/166/124 730/166/141 728/165/147
f 743/197/115 747/81/123 748/265/156 744/197/155
f 759/165/132 761/166/159 762/166/125 760/165/121
f 1238/315/486 1251/316/489 1252/928/507 1237/927/506
f 1251/344/489 1265/345/515 1266/933/524 1252/335/507
f 1265/367/515 1279/368/530 1280/407/539 1266/933/524
f 1279/390/530 1293/940/545 1294/428/554 1280/407/539
f 1293/945/545 1307/414/560 1308/947/569 1294/406/554
f 1448/916/477 1657/309/476 1658/647/456 1447/652/459
f 1307/436/560 1321/437/575 1322/954/584 1308/947/569
f 1321/458/575 1335/459/590 1336/962/599 1322/452/584
f 1335/475/590 1349/964/605 1350/501/614 1336/502/599
f 1349/476/605 1363/511/620 1364/827/629 1350/526/614
f 1363/532/620 1377/533/635 1378/979/644 1364/550/629
f 1377/558/635 1391/858/650 1392/574/659 1378/986/644
f 1391/987/650 1405/582/665 1406/599/674 1392/600/659
f 1405/607/665 1419/608/680 1420/625/689 1406/867/674
f 1419/634/680 1433/635/456 1434/1004/476 1420/625/689
f 1447/907/459 1461/681/486 1462/1108/506 1448/308/477
f 1461/315/486 1475/682/489 1476/1019/507 1462/696/506
f 1475/700/489 1489/701/515 1490/1029/524 1476/695/507
f 1489/1033/515 1503/390/530 1504/727/539 1490/1036/524
f 1503/390/530 1517/1039/545 1518/1046/554 1504/743/539
f 1517/748/545 1531/749/560 1532/761/569 1518/1053/554
f 1531/414/560 1545/783/575 1546/1061/584 1532/1060/569
f 1224/308/477 1434/309/476 1433/288/456 1223/652/459
f 1545/783/575 1559/784/590 1560/962/599 1546/954/584
f 1559/798/590 1573/799/605 1574/1073/614 1560/502/599
f 1573/814/605 1587/511/620 1588/827/629 1574/501/614
f 1587/828/620 1601/844/635 1602/979/644 1588/827/629
f 1601/844/635 1615/858/650 1616/574/659 1602/986/644
f 1615/858/650 1629/859/665 1630/885/674 1616/868/659
f 1629/582/665 1643/1090/680 1644/625/689 1630/867/674
f 1643/889/680 1658/1096/456 1657/902/476 1644/884/689
f 790/336/259 803/335/258 804/316/239 789/315/238
f 803/360/258 817/359/276 818/345/266 804/344/239
f 817/385/276 831/384/291 832/368/281 818/367/266
f 831/407/291 845/406/306 846/391/296 832/390/281
f 845/428/306 859/427/321 860/414/311 846/413/296
f 859/427/321 873/452/336 874/437/326 860/436/311
f 1000/289/213 1209/647/212 1210/676/233 999/308/232
f 873/474/336 887/473/351 888/459/341 874/458/326
f 887/502/351 901/501/366 902/476/352 888/475/341
f 901/526/366 915/525/381 916/511/371 902/476/352
f 915/550/381 929/549/396 930/533/386 916/532/371
f 929/575/396 943/574/411 944/559/401 930/558/386
f 943/600/411 957/599/426 958/582/416 944/581/401
f 957/626/426 971/625/441 972/608/431 958/607/416
f 971/625/441 985/309/233 986/635/212 972/634/431
f 999/916/232 1013/696/259 1014/681/238 1000/907/213
f 1013/696/259 1027/695/258 1028/682/239 1014/681/238
f 1027/695/258 1041/713/276 1042/701/266 1028/700/239
f 1041/728/276 1055/727/291 1056/390/281 1042/717/266
f 776/289/213 986/288/212 985/309/233 775/308/232
f 1055/743/291 1069/406/306 1070/733/296 1056/390/281
f 1069/762/306 1083/761/321 1084/749/311 1070/748/296
f 1083/778/321 1097/777/336 1098/766/326 1084/414/311
f 1097/794/336 1111/473/351 1112/784/341 1098/783/326
f 1111/502/351 1125/810/366 1126/799/352 1112/798/341
f 1125/526/366 1139/827/381 1140/511/371 1126/814/352
f 1139/827/381 1153/549/396 1154/829/386 1140/828/371
f 1153/856/396 1167/855/411 1168/559/401 1154/844/386
f 1167/868/411 1181/867/426 1182/859/416 1168/858/401
f 1181/885/426 1195/884/441 1196/874/431 1182/582/416
f 1195/903/441 1210/902/233 1209/890/212 1196/889/431
f 1223/289/459 1238/653/486 1237/668/506 1224/308/477
f 713/144/146 717/145/85 718/145/126 714/144/118
f 745/144/119 749/145/127 750/145/162 746/144/161
f 775/308/232 790/668/259 789/653/238 776/652/213
f 676/212/1252 678/213/1282 677/1410/1282 675/1411/1252
f 684/198/1253 686/199/1283 685/1412/1283 683/1413/1253
f 692/179/1254 694/181/1284 693/1414/1284 691/1415/1254
f 700/146/84 701/147/137 702/147/86 699/146/128
f 699/146/128 718/145/126 717/145/85 700/146/84
f 715/81/103 719/80/102 720/80/130 716/81/122
f 732/146/129 733/147/89 734/147/149 731/146/148
f 731/146/148 750/145/162 749/145/127 732/146/129
f 747/81/123 751/80/131 752/80/169 748/81/156
f 988/917/166 1197/266/165 1198/636/215 987/648/214
f 764/290/214 777/654/241 778/310/234 763/314/166
f 777/318/241 791/317/240 792/311/235 778/310/234
f 791/347/240 805/346/267 806/338/260 792/337/235
f 805/370/267 819/369/282 820/362/277 806/361/260
f 819/393/282 833/392/297 834/386/292 820/362/277
f 833/392/297 847/415/312 848/408/307 834/386/292
f 847/439/312 861/438/327 862/429/322 848/408/307
f 861/461/327 875/460/342 876/453/337 862/429/322
f 875/478/342 889/477/353 890/508/367 876/507/337
f 889/513/353 903/512/372 904/504/368 890/503/367
f 903/535/372 917/534/387 918/527/382 904/504/368
f 917/534/387 931/560/402 932/552/397 918/551/382
f 931/584/402 945/583/417 946/576/412 932/552/397
f 945/610/417 959/609/432 960/602/427 946/601/412
f 959/637/432 973/636/215 974/266/165 960/627/427
f 987/909/214 1001/908/241 1002/677/234 988/267/166
f 1001/683/241 1015/347/240 1016/678/235 1002/677/234
f 1015/703/240 1029/702/267 1030/698/260 1016/697/235
f 1029/719/267 1043/718/282 1044/714/277 1030/361/260
f 1043/735/282 1057/734/297 1058/729/292 1044/714/277
f 1057/750/297 1071/415/312 1072/745/307 1058/744/292
f 1071/768/312 1085/767/327 1086/429/322 1072/408/307
f 1085/786/327 1099/785/342 1100/779/337 1086/429/322
f 1099/800/342 1113/513/353 1114/796/367 1100/795/337
f 1113/816/353 1127/815/372 1128/811/368 1114/508/367
f 1127/831/372 1141/830/387 1142/551/382 1128/504/368
f 1141/846/387 1155/845/402 1156/552/397 1142/527/382
f 1155/861/402 1169/860/417 1170/576/412 1156/552/397
f 1169/860/417 1183/875/432 1184/870/427 1170/869/412
f 1183/891/432 1198/291/215 1197/266/165 1184/870/427
f 1436/648/458 1645/636/457 1646/266/452 1435/917/455
f 1212/314/455 1225/310/478 1226/654/487 1211/290/458
f 1225/310/478 1239/311/481 1240/317/488 1226/318/487
f 1239/337/481 1253/698/509 1254/346/514 1240/929/488
f 1253/361/509 1267/362/526 1268/393/529 1254/934/514
f 1267/362/526 1281/386/541 1282/392/544 1268/393/529
f 1281/386/541 1295/408/556 1296/768/559 1282/946/544
f 1295/408/556 1309/429/571 1310/438/574 1296/439/559
f 1309/955/571 1323/956/586 1324/785/589 1310/957/574
f 1323/507/586 1337/508/601 1338/477/604 1324/963/589
f 1337/503/601 1351/504/616 1352/815/619 1338/513/604
f 1351/504/616 1365/527/631 1366/534/634 1352/815/619
f 1365/551/631 1379/552/646 1380/981/649 1366/534/634
f 1379/552/646 1393/576/661 1394/583/664 1380/988/649
f 1393/601/661 1407/870/676 1408/993/679 1394/583/664
f 763/267/166 974/266/165 973/291/215 764/290/214
f 1407/627/676 1421/266/452 1422/636/457 1408/875/679
f 1435/267/455 1449/677/478 1450/1109/487 1436/909/458
f 1449/677/478 1463/678/481 1464/929/488 1450/683/487
f 1463/1020/481 1477/698/509 1478/702/514 1464/703/488
f 1477/1030/509 1491/714/526 1492/718/529 1478/719/514
f 1491/714/526 1505/1037/541 1506/1038/544 1492/735/529
f 1505/1037/541 1519/745/556 1520/415/559 1506/1048/544
f 1519/408/556 1533/1054/571 1534/767/574 1520/1055/559
f 1533/955/571 1547/779/586 1548/785/589 1534/786/574
f 1547/795/586 1561/796/601 1562/513/604 1548/800/589
f 1561/508/601 1575/811/616 1576/815/619 1562/816/604
f 1575/504/616 1589/551/631 1590/1077/634 1576/1076/619
f 1589/527/631 1603/552/646 1604/845/649 1590/1077/634
f 1603/552/646 1617/576/661 1618/860/664 1604/861/649
f 1617/869/661 1631/870/676 1632/891/679 1618/860/664
f 1631/870/676 1646/266/452 1645/1095/457 1632/875/679
f 1211/290/458 1422/918/457 1421/904/452 1212/267/455
f 794/312/236 807/339/261 808/365/279 793/364/263
f 807/339/261 821/363/278 822/388/294 808/365/279
f 821/363/278 835/387/293 836/411/309 822/388/294
f 835/410/293 849/409/308 850/433/324 836/432/309
f 849/431/308 863/430/323 864/456/339 850/433/324
f 863/455/323 877/454/338 878/479/354 864/456/339
f 877/510/338 891/509/370 892/482/356 878/481/354
f 891/506/370 905/505/369 906/530/384 892/482/356
f 905/529/369 919/528/383 920/555/399 906/554/384
f 919/528/383 933/553/398 934/578/414 920/555/399
f 933/553/398 947/577/413 948/604/429 934/578/414
f 947/577/413 961/603/428 962/631/442 948/630/429
f 961/629/428 975/628/168 976/649/444 962/631/442
f 990/680/167 1003/313/237 1004/910/262 989/655/446
f 1003/313/237 1017/679/236 1018/341/263 1004/340/262
f 1017/312/236 1031/699/261 1032/715/279 1018/341/263
f 1031/339/261 1045/363/278 1046/731/294 1032/715/279
f 1045/363/278 1059/730/293 1060/746/309 1046/388/294
f 1059/730/293 1073/431/308 1074/763/324 1060/411/309
f 1073/431/308 1087/455/323 1088/456/339 1074/780/324
f 1087/430/323 1101/454/338 1102/479/354 1088/456/339
f 1101/510/338 1115/506/370 1116/482/356 1102/481/354
f 1115/509/370 1129/812/369 1130/530/384 1116/482/356
f 1129/529/369 1143/528/383 1144/843/399 1130/530/384
f 1143/528/383 1157/842/398 1158/578/414 1144/555/399
f 1157/553/398 1171/857/413 1172/872/429 1158/871/414
f 1171/577/413 1185/603/428 1186/887/442 1172/886/429
f 1185/603/428 1199/628/168 1200/905/444 1186/631/442
f 1214/655/485 1227/340/510 1228/313/479 1213/268/454
f 1227/340/510 1241/341/513 1242/312/480 1228/313/479
f 766/655/446 976/669/444 975/269/168 765/268/167
f 604/79/1299 670/82/1300 669/1441/1300 603/1442/1299
f 603/1443/1299 697/1444/1145 698/216/1145 604/217/1299
f 701/147/137 708/202/136 707/202/87 702/147/86
f 733/147/89 740/202/88 739/202/175 734/147/149
f 765/268/167 779/313/237 780/656/262 766/655/446
f 779/313/237 794/312/236 793/341/263 780/340/262
f 1213/268/454 1423/628/453 1424/669/482 1214/655/485
f 1438/680/454 1647/628/453 1648/649/482 1437/1010/485
f 1241/341/513 1255/365/528 1256/339/508 1242/312/480
f 1255/365/528 1269/388/543 1270/363/525 1256/339/508
f 1269/944/543 1283/432/558 1284/410/540 1270/363/525
f 1283/432/558 1297/433/573 1298/409/555 1284/410/540
f 1297/433/573 1311/456/588 1312/948/570 1298/431/555
f 1311/456/588 1325/479/603 1326/454/585 1312/455/570
f 1325/481/603 1339/482/618 1340/509/600 1326/510/585
f 1339/482/618 1353/530/633 1354/505/615 1340/509/600
f 1353/554/633 1367/555/648 1368/976/630 1354/812/615
f 1367/555/648 1381/578/663 1382/553/645 1368/976/630
f 1381/578/663 1395/604/678 1396/577/660 1382/553/645
f 1395/886/678 1409/631/691 1410/603/675 1396/577/660
f 1409/631/691 1424/649/482 1423/628/453 1410/603/675
f 1437/655/485 1451/340/510 1452/1105/479 1438/680/454
f 1451/340/510 1465/341/513 1466/679/480 1452/313/479
f 1465/1031/513 1479/1032/528 1480/1021/508 1466/312/480
f 1479/715/528 1493/731/543 1494/363/525 1480/1021/508
f 1493/388/543 1507/746/558 1508/730/540 1494/363/525
f 1507/411/558 1521/433/573 1522/431/555 1508/730/540
f 1521/780/573 1535/456/588 1536/455/570 1522/431/555
f 1535/1066/588 1549/479/603 1550/454/585 1536/430/570
f 1549/481/603 1563/482/618 1564/506/600 1550/510/585
f 1563/482/618 1577/530/633 1578/812/615 1564/509/600
f 1577/554/633 1591/555/648 1592/528/630 1578/812/615
f 1591/1083/648 1605/578/663 1606/842/645 1592/528/630
f 1605/578/663 1619/604/678 1620/577/660 1606/553/645
f 1619/886/678 1633/887/691 1634/1088/675 1620/577/660
f 989/655/446 1200/649/444 1199/628/168 990/268/167
f 1633/1104/691 1648/649/482 1647/628/453 1634/603/675
f 1244/320/493 1257/348/517 1258/366/527 1243/342/512
f 1257/348/517 1271/371/532 1272/732/542 1258/366/527
f 1271/371/532 1285/394/547 1286/435/557 1272/732/542
f 1440/911/484 1649/650/483 1650/292/460 1439/293/463
f 1285/394/547 1299/416/562 1300/949/572 1286/435/557
f 1299/416/562 1313/440/577 1314/457/587 1300/434/572
f 1313/440/577 1327/462/592 1328/480/602 1314/457/587
f 1327/485/592 1341/486/607 1342/483/617 1328/484/602
f 1341/486/607 1355/514/622 1356/531/632 1342/483/617
f 1355/536/622 1369/832/637 1370/980/647 1356/557/632
f 1369/537/637 1383/585/652 1384/579/662 1370/556/647
f 1383/561/652 1397/611/667 1398/633/677 1384/606/662
f 1397/586/667 1411/995/682 1412/632/690 1398/633/677
f 1411/612/682 1425/892/460 1426/1005/483 1412/651/690
f 1439/658/463 1453/319/490 1454/1106/511 1440/657/484
f 768/293/217 977/292/216 978/650/445 767/657/447
f 1453/684/490 1467/685/493 1468/1022/512 1454/343/511
f 1467/1023/493 1481/348/517 1482/716/527 1468/342/512
f 1481/720/517 1495/371/532 1496/732/542 1482/716/527
f 1495/371/532 1509/1041/547 1510/1047/557 1496/732/542
f 1509/1049/547 1523/751/562 1524/434/572 1510/747/557
f 1523/751/562 1537/769/577 1538/781/587 1524/782/572
f 1537/440/577 1551/462/592 1552/480/602 1538/781/587
f 1551/485/592 1565/486/607 1566/813/617 1552/484/602
f 1565/817/607 1579/536/622 1580/531/632 1566/483/617
f 1579/536/622 1593/537/637 1594/556/647 1580/531/632
f 1593/537/637 1607/847/652 1608/606/662 1594/580/647
f 1607/561/652 1621/611/667 1622/633/677 1608/1089/662
f 1621/611/667 1635/876/682 1636/651/690 1622/605/677
f 1635/612/682 1650/892/460 1649/906/483 1636/632/690
f 1216/911/484 1426/650/483 1425/292/460 1215/293/463
f 670/246/1300 672/226/1138 671/1459/1138 669/1475/1300
f 678/209/1282 680/206/1140 679/1476/1140 677/1477/1282
f 686/194/1283 688/190/1142 687/1478/1142 685/1479/1283
f 694/174/1284 696/164/1144 695/1457/1144 693/1480/1284
f 704/178/140 705/172/142 706/172/108 703/178/105
f 703/178/105 721/185/104 722/185/138 704/178/140
f 719/189/102 730/166/141 729/166/124 720/189/130
f 736/178/106 737/172/111 738/172/178 735/178/176
f 735/270/176 753/185/172 754/185/107 736/178/106
f 751/189/131 762/166/125 761/166/159 752/189/169
f 767/657/447 781/343/265 782/319/242 768/658/217
f 781/343/265 795/342/264 796/320/243 782/319/242
f 795/342/264 809/366/280 810/348/268 796/320/243
f 809/366/280 823/389/295 824/371/283 810/348/268
f 823/389/295 837/412/310 838/394/298 824/371/283
f 837/435/310 851/434/325 852/416/313 838/394/298
f 851/434/325 865/457/340 866/440/328 852/416/313
f 865/457/340 879/480/355 880/462/343 866/440/328
f 879/484/355 893/483/357 894/486/358 880/485/343
f 893/483/357 907/531/385 908/514/373 894/486/358
f 907/557/385 921/556/400 922/537/388 908/536/373
f 921/580/400 935/579/415 936/561/403 922/537/388
f 992/293/217 1201/292/216 1202/650/445 991/657/447
f 935/606/415 949/605/430 950/586/418 936/585/403
f 949/633/430 963/632/443 964/612/433 950/611/418
f 963/651/443 978/650/445 977/638/216 964/612/433
f 991/911/447 1005/343/265 1006/319/242 992/658/217
f 1005/343/265 1019/342/264 1020/685/243 1006/684/242
f 1019/342/264 1033/716/280 1034/705/268 1020/704/243
f 1033/716/280 1047/732/295 1048/371/283 1034/720/268
f 1047/732/295 1061/747/310 1062/736/298 1048/371/283
f 1061/765/310 1075/764/325 1076/751/313 1062/394/298
f 1075/782/325 1089/781/340 1090/769/328 1076/751/313
f 1089/457/340 1103/797/355 1104/462/343 1090/440/328
f 1103/484/355 1117/813/357 1118/486/358 1104/485/343
f 1117/483/357 1131/557/385 1132/536/373 1118/817/358
f 1131/531/385 1145/556/400 1146/832/388 1132/536/373
f 1145/556/400 1159/606/415 1160/847/403 1146/537/388
f 1159/873/415 1173/605/430 1174/611/418 1160/585/403
f 1173/888/430 1187/632/443 1188/876/433 1174/611/418
f 1187/651/443 1202/906/445 1201/892/216 1188/612/433
f 1215/658/463 1229/1006/490 1230/343/511 1216/657/484
f 1229/319/490 1244/320/493 1243/342/512 1230/343/511
f 1442/294/462 1651/670/461 1652/671/464 1441/297/467
f 1246/324/497 1259/350/519 1260/373/516 1245/707/492
f 1259/350/519 1273/374/534 1274/935/531 1260/373/516
f 1273/374/534 1287/418/549 1288/395/546 1274/372/531
f 1287/418/549 1301/419/564 1302/417/561 1288/395/546
f 1301/753/564 1315/443/579 1316/441/576 1302/442/561
f 1315/958/579 1329/464/594 1330/463/591 1316/441/576
f 1329/489/594 1343/490/609 1344/487/606 1330/488/591
f 1343/490/609 1357/971/624 1358/818/621 1344/487/606
f 1357/540/624 1371/541/639 1372/538/636 1358/539/621
f 1371/564/639 1385/982/654 1386/862/651 1372/538/636
f 1385/589/654 1399/590/669 1400/587/666 1386/588/651
f 1399/590/669 1413/615/684 1414/613/681 1400/994/666
f 1413/639/684 1427/1000/464 1428/295/461 1414/613/681
f 1441/297/467 1455/323/494 1456/1107/491 1442/294/462
f 1455/323/494 1469/687/497 1470/707/492 1456/322/491
f 1469/324/497 1483/350/519 1484/1024/516 1470/686/492
f 1483/721/519 1497/374/534 1498/372/531 1484/373/516
f 1497/374/534 1511/1042/549 1512/1040/546 1498/372/531
f 1511/752/549 1525/753/564 1526/442/561 1512/395/546
f 1525/419/564 1539/443/579 1540/441/576 1526/442/561
f 1539/787/579 1553/1062/594 1554/463/591 1540/441/576
f 1553/801/594 1567/490/609 1568/1067/606 1554/488/591
f 1567/819/609 1581/820/624 1582/539/621 1568/487/606
f 1581/540/624 1595/541/639 1596/538/636 1582/539/621
f 1595/541/639 1609/848/654 1610/562/651 1596/563/636
f 1609/589/654 1623/590/669 1624/614/666 1610/562/651
f 1623/590/669 1637/639/684 1638/1091/681 1624/614/666
f 1637/615/684 1652/894/464 1651/295/461 1638/613/681
f 994/661/221 1203/671/220 1204/670/219 993/294/218
f 798/321/244 811/349/269 812/350/270 797/324/247
f 811/373/269 825/372/284 826/374/285 812/350/270
f 825/396/284 839/395/299 840/397/300 826/374/285
f 839/395/299 853/417/314 854/419/315 840/418/300
f 853/442/314 867/441/329 868/443/330 854/419/315
f 867/441/329 881/463/344 882/464/345 868/443/330
f 881/488/344 895/487/359 896/490/360 882/489/345
f 895/487/359 909/515/374 910/516/375 896/490/360
f 909/539/374 923/538/389 924/541/390 910/540/375
f 923/563/389 937/562/404 938/565/405 924/564/390
f 937/588/404 951/587/419 952/590/420 938/589/405
f 951/614/419 965/613/434 966/615/435 952/590/420
f 965/613/434 979/295/219 980/640/220 966/639/435
f 1218/294/462 1428/295/461 1427/640/464 1217/297/467
f 993/660/218 1007/659/245 1008/323/246 994/297/221
f 1007/322/245 1021/686/244 1022/687/247 1008/323/246
f 1021/707/244 1035/706/269 1036/350/270 1022/324/247
f 1035/349/269 1049/372/284 1050/374/285 1036/721/270
f 1049/372/284 1063/395/299 1064/418/300 1050/374/285
f 1063/395/299 1077/442/314 1078/753/315 1064/752/300
f 1077/442/314 1091/441/329 1092/443/330 1078/419/315
f 1091/441/329 1105/463/344 1106/464/345 1092/787/330
f 1105/488/344 1119/487/359 1120/490/360 1106/801/345
f 1119/487/359 1133/818/374 1134/820/375 1120/819/360
f 1133/833/374 1147/563/389 1148/564/390 1134/540/375
f 1147/563/389 1161/562/404 1162/848/405 1148/564/390
f 1161/862/404 1175/614/419 1176/590/420 1162/589/405
f 1175/877/419 1189/613/434 1190/639/435 1176/590/420
f 1189/613/434 1204/295/219 1203/894/220 1190/893/435
f 1217/661/467 1231/323/494 1232/659/491 1218/660/462
f 1231/323/494 1246/324/497 1245/321/492 1232/322/491
f 770/297/221 980/296/220 979/295/219 769/294/218
f 705/172/142 710/173/143 709/173/109 706/172/108
f 721/185/104 724/180/112 723/180/139 722/185/138
f 737/172/111 742/173/110 741/173/180 738/172/178
f 753/185/172 756/180/171 755/180/113 754/185/107
f 769/660/218 783/659/245 784/323/246 770/661/221
f 783/322/245 798/321/244 797/324/247 784/323/246
usemtl Brown
f 524/14/1 528/15/1 587/16/1 589/17/1
f 527/61/4 591/62/4 599/63/4 585/64/4
f 594/65/13 525/66/13 588/67/13 601/68/13
f 596/73/5 592/74/5 526/75/5 523/76/5
f 600/85/2 597/86/2 593/87/2 595/88/2
f 590/93/22 586/94/22 598/95/22 602/96/22
f 1/101/5 2213/102/5 2216/103/5 3/104/5
f 3/104/5 2216/105/5 2228/106/5 5/107/5
f 5/107/5 2228/106/5 2195/108/5 7/109/5
f 7/109/5 2195/108/5 2199/110/5 9/111/5
f 11/112/5 13/113/5 15/114/5 17/115/5 1/101/5 3/104/5 5/107/5 7/109/5 9/111/5
f 2/116/22 18/117/22 16/118/22 14/119/22 12/120/22 10/121/22 8/122/22 6/123/22 4/124/22
f 9/111/5 2199/110/5 2219/125/5 11/112/5
f 11/112/5 2219/125/5 2230/126/5 13/113/5
f 13/113/5 2230/126/5 2200/127/5 15/114/5
f 15/114/5 2200/127/5 2203/128/5 17/115/5
f 10/121/22 2206/129/22 2205/130/22 8/122/22
f 665/148/13 605/149/13 609/150/13 613/151/13 617/152/13 621/153/13 625/154/13 629/155/13 633/156/13 637/157/13 641/158/13 645/159/13 649/160/13 653/161/13 657/162/13 661/163/13
f 614/168/36 616/169/36 620/170/37 618/171/37
f 618/171/37 620/170/37 624/176/1 622/177/1
f 622/177/1 624/176/1 628/182/48 626/183/48
f 626/183/48 628/182/48 632/187/53 630/188/53
f 630/188/53 632/187/53 636/192/57 634/193/57
f 634/193/57 636/192/57 640/195/22 638/196/22
f 638/196/22 640/195/22 644/200/64 642/201/64
f 642/201/64 644/200/64 648/204/68 646/205/68
f 646/205/68 648/204/68 652/207/70 650/208/70
f 650/208/70 652/207/70 656/210/2 654/211/2
f 654/211/2 656/210/2 660/214/76 658/215/76
f 658/215/76 660/214/76 664/220/78 662/221/78
f 666/222/79 668/223/79 608/224/5 606/225/5
f 662/221/78 664/220/78 668/223/79 666/222/79
f 610/228/81 612/229/81 616/169/36 614/168/36
f 606/247/5 608/248/5 612/229/81 610/228/81
f 639/249/4 635/250/4 631/251/4 627/252/4 623/253/4 619/254/4 615/255/4 611/256/4 607/257/4 667/258/4 663/259/4 659/260/4 655/261/4 651/262/4 647/263/4 643/264/4
f 1660/1102/695 179/80/696 180/81/697 1662/1103/698
f 186/144/699 185/145/700 204/145/701 202/144/702
f 184/146/703 183/147/704 196/147/705 195/146/706
f 185/145/700 184/146/703 195/146/706 204/145/701
f 1688/1110/707 193/165/708 194/166/709 1690/1111/710
f 188/172/711 187/173/712 200/173/713 198/172/714
f 1686/1112/715 192/175/716 193/165/708 1688/1110/707
f 189/178/717 188/172/711 198/172/714 197/178/718
f 1684/1113/719 191/180/720 192/175/716 1686/1112/715
f 193/165/708 192/175/716 208/175/721 209/165/722
f 1682/1114/723 190/185/724 191/180/720 1684/1113/719
f 179/189/696 194/166/709 210/166/725 205/189/726
f 1680/1115/727 189/178/717 190/185/724 1682/1116/723
f 190/185/724 189/178/717 197/178/718 206/185/728
f 1678/1117/729 188/172/711 189/178/717 1680/1115/727
f 181/197/730 180/81/697 203/81/731 201/197/732
f 1676/1118/733 187/173/712 188/172/711 1678/1117/729
f 182/202/734 181/197/730 201/197/732 199/202/735
f 1674/1119/736 186/144/699 187/173/712 1676/1118/733
f 183/147/704 182/202/734 199/202/735 196/147/705
f 1672/1120/737 185/145/700 186/144/699 1674/1121/736
f 192/175/716 191/180/720 207/180/738 208/175/721
f 1670/1122/739 184/146/703 185/145/700 1672/1123/737
f 208/175/721 207/180/738 223/180/740 224/175/741
f 1668/1124/742 183/147/704 184/146/703 1670/1125/739
f 1662/1103/698 180/81/697 181/197/730 1664/1126/743
f 1666/1127/744 182/202/734 183/147/704 1668/1124/742
f 1669/1128/2 1671/1129/2 1673/1130/2 1675/233/2 1677/1131/2 1679/1132/2 1681/1133/2 1683/1134/2 1685/1135/2 1687/239/2 1689/1136/2 1659/1137/2 1661/1138/2 1663/1139/2 1665/1140/2 1667/1141/2
f 1664/1126/743 181/197/730 182/202/734 1666/1127/744
f 1690/1111/710 194/166/709 179/189/696 1660/1142/695
f 187/173/712 186/144/699 202/144/702 200/173/713
f 220/145/745 211/146/746 1692/146/747 1709/145/748
f 191/180/720 190/185/724 206/185/728 207/180/738
f 194/166/709 193/165/708 209/165/722 210/166/725
f 180/81/697 179/80/696 205/80/726 203/81/731
f 1694/147/4 1699/202/4 1732/202/4 1725/147/4
f 200/173/713 202/144/702 218/144/749 216/173/750
f 209/165/722 208/175/721 224/175/741 225/165/751
f 201/197/732 203/81/731 219/81/752 217/197/753
f 210/166/725 209/165/722 225/165/751 226/166/754
f 202/144/702 204/145/701 220/145/745 218/144/749
f 195/146/706 196/147/705 212/147/755 211/146/746
f 205/189/726 210/166/725 226/166/754 221/189/756
f 204/145/701 195/146/706 211/146/746 220/145/745
f 197/178/718 198/172/714 214/172/757 213/178/758
f 203/81/731 205/80/726 221/80/756 219/81/752
f 196/147/705 199/202/735 215/202/759 212/147/755
f 206/185/728 197/178/718 213/178/758 222/185/760
f 198/172/714 200/173/713 216/173/750 214/172/757
f 207/180/738 206/185/728 222/185/760 223/180/740
f 199/202/735 201/197/732 217/197/753 215/202/759
f 219/81/752 221/80/756 1711/80/761 1707/265/762
f 1713/185/763 1695/178/4 1728/178/4 1746/185/764
f 1698/172/4 1701/173/4 1734/173/4 1729/172/4
f 1716/180/765 1713/185/763 1746/185/764 1747/180/766
f 1699/202/4 1704/197/4 1735/197/4 1732/202/4
f 1717/175/767 1716/180/765 1747/180/766 1750/175/768
f 1701/173/4 1706/144/4 1737/144/4 1734/173/4
f 1719/165/4 1717/175/767 1750/175/768 1752/165/4
f 1704/197/4 1708/81/4 1739/81/4 1735/197/4
f 1721/166/4 1719/165/4 1752/165/4 1754/166/4
f 1706/144/4 1710/145/4 1741/145/4 1737/144/4
f 1691/146/4 1694/147/4 1725/147/4 1724/146/4
f 1712/189/4 1721/166/4 1754/166/4 1743/189/4
f 1710/145/4 1691/146/4 1724/146/4 1741/145/4
f 1695/178/4 1698/172/4 1729/172/4 1728/178/4
f 1708/81/4 1712/80/4 1743/80/4 1739/81/4
f 1751/165/769 1749/175/770 1782/175/771 1784/165/772
f 212/147/755 215/202/759 1700/202/773 1693/147/774
f 223/180/740 222/185/760 1714/185/775 1715/180/776
f 211/146/746 212/147/755 1693/147/774 1692/146/747
f 222/185/760 213/178/758 1696/178/777 1714/185/775
f 221/189/756 226/166/754 1722/166/778 1711/189/761
f 213/178/758 214/172/757 1697/172/779 1696/178/777
f 214/172/757 216/173/750 1702/173/780 1697/172/779
f 215/202/759 217/197/753 1703/197/781 1700/202/773
f 224/175/741 223/180/740 1715/180/776 1718/175/782
f 216/173/750 218/144/749 1705/144/783 1702/173/780
f 225/165/751 224/175/741 1718/175/782 1720/165/784
f 217/197/753 219/81/752 1707/81/762 1703/197/781
f 226/166/754 225/165/751 1720/165/784 1722/166/778
f 218/144/749 220/145/745 1709/145/748 1705/144/783
f 1723/146/785 1726/147/786 1757/147/787 1756/146/788
f 1759/178/789 1762/172/790 230/172/791 229/178/792
f 1736/197/793 1740/81/794 1771/81/795 1767/197/796
f 1753/166/797 1751/165/769 1784/165/772 1786/166/798
f 1738/144/799 1742/145/800 1773/145/801 1769/144/802
f 1755/146/803 1758/147/804 228/147/805 227/146/806
f 1740/81/794 1744/80/807 1775/80/808 1771/81/795
f 1742/145/800 1723/1143/785 1756/146/788 1773/145/801
f 1748/180/809 1745/185/810 1778/185/811 1779/180/812
f 1726/147/786 1731/202/813 1764/202/814 1757/147/787
f 1745/185/810 1727/178/815 1760/178/816 1778/185/811
f 1744/189/807 1753/166/797 1786/166/798 1775/189/808
f 1727/178/815 1730/172/817 1761/172/818 1760/270/816
f 1730/172/817 1733/173/819 1766/173/820 1761/172/818
f 1731/202/813 1736/197/793 1767/197/796 1764/202/814
f 1749/175/770 1748/180/809 1779/180/812 1782/175/771
f 1733/173/819 1738/144/799 1769/144/802 1766/173/820
f 234/144/821 236/145/822 252/145/823 250/144/824
f 1762/172/790 1765/173/825 232/173/826 230/172/791
f 1763/202/827 1768/197/828 233/197/829 231/202/830
f 1781/175/831 1780/180/832 239/180/833 240/175/834
f 1765/173/825 1770/144/835 234/144/821 232/173/826
f 1783/165/836 1781/175/831 240/175/834 241/165/837
f 1768/197/828 1772/81/838 235/81/839 233/197/829
f 1785/166/840 1783/165/836 241/165/837 242/166/841
f 1770/144/835 1774/145/842 236/145/822 234/144/821
f 1788/1102/843 1790/1103/844 260/81/845 259/80/846
f 1772/81/838 1776/80/847 237/80/848 235/81/839
f 1774/145/842 1755/1144/803 227/146/806 236/145/822
f 1780/180/832 1777/185/849 238/185/850 239/180/833
f 1758/147/804 1763/202/827 231/202/830 228/147/805
f 1777/185/849 1759/178/789 229/178/792 238/185/850
f 1776/189/847 1785/166/840 242/166/841 237/189/848
f 253/274/851 258/275/852 257/276/853 256/277/854 255/278/855 254/279/856 245/280/857 246/281/858 248/282/859 250/283/824 252/284/823 243/285/860 244/286/861 247/287/862 249/272/863 251/273/864
f 227/146/806 228/147/805 244/147/861 243/146/860
f 237/189/848 242/166/841 258/166/852 253/189/851
f 236/145/822 227/146/806 243/146/860 252/145/823
f 229/178/792 230/172/791 246/172/858 245/178/857
f 235/81/839 237/80/848 253/80/851 251/81/864
f 228/147/805 231/202/830 247/202/862 244/147/861
f 238/185/850 229/178/792 245/178/857 254/185/856
f 230/172/791 232/173/826 248/173/859 246/172/858
f 239/180/833 238/185/850 254/185/856 255/180/855
f 231/202/830 233/197/829 249/197/863 247/202/862
f 240/175/834 239/180/833 255/180/855 256/175/854
f 232/173/826 234/144/821 250/144/824 248/173/859
f 241/165/837 240/175/834 256/175/854 257/165/853
f 233/197/829 235/81/839 251/81/864 249/197/863
f 242/166/841 241/165/837 257/165/853 258/166/852
f 266/144/865 282/144/866 284/145/867 265/145/868
f 264/146/869 275/146/870 276/147/871 263/147/872
f 265/145/868 284/145/867 275/146/870 264/146/869
f 1816/1110/873 1818/1111/874 274/166/875 273/165/876
f 268/172/877 278/172/878 280/173/879 267/173/880
f 1814/1112/881 1816/1110/873 273/165/876 272/175/882
f 269/178/883 277/178/884 278/172/878 268/172/877
f 1812/1113/885 1814/1112/881 272/175/882 271/180/886
f 273/165/876 289/165/887 288/175/888 272/175/882
f 1810/1116/889 1812/1113/885 271/180/886 270/185/890
f 259/189/846 285/189/891 290/166/892 274/166/875
f 1808/1115/893 1810/1114/889 270/185/890 269/178/883
f 270/185/890 286/185/894 277/178/884 269/178/883
f 1806/1145/895 1808/1115/893 269/178/883 268/172/877
f 261/197/896 281/197/897 283/81/898 260/81/845
f 1804/1118/899 1806/1117/895 268/172/877 267/173/880
f 262/202/900 279/202/901 281/197/897 261/197/896
f 1802/1119/902 1804/1118/899 267/173/880 266/144/865
f 263/147/872 276/147/871 279/202/901 262/202/900
f 1800/1123/903 1802/1119/902 266/144/865 265/145/868
f 272/175/882 288/175/888 287/180/904 271/180/886
f 1798/1125/905 1800/1120/903 265/145/868 264/146/869
f 288/175/888 304/175/906 303/180/907 287/180/904
f 1796/1124/908 1798/1122/905 264/146/869 263/147/872
f 1818/1111/874 1788/1142/843 259/189/846 274/166/875
f 1794/1146/909 1796/1124/908 263/147/872 262/202/900
f 1790/1103/844 1792/1126/910 261/197/896 260/81/845
f 1792/1126/910 1794/1127/909 262/202/900 261/197/896
f 1789/1147/1 1787/1148/1 1817/240/1 1815/1149/1 1813/1150/1 1811/1151/1 1809/1152/1 1807/1132/1 1805/1131/1 1803/1153/1 1801/1154/1 1799/1155/1 1797/1156/1 1795/1157/1 1793/1158/1 1791/1159/1
f 267/173/880 280/173/879 282/144/866 266/144/865
f 300/145/911 1838/145/912 1819/146/913 291/146/914
f 271/180/886 287/180/904 286/185/894 270/185/890
f 274/166/875 290/166/892 289/165/887 273/165/876
f 260/81/845 283/81/898 285/80/891 259/80/846
f 1821/147/4 1854/147/4 1859/202/4 1828/202/4
f 280/173/879 296/173/915 298/144/916 282/144/866
f 289/165/887 305/165/917 304/175/906 288/175/888
f 281/197/897 297/197/918 299/81/919 283/81/898
f 290/166/892 306/166/920 305/165/917 289/165/887
f 282/144/866 298/144/916 300/145/911 284/145/867
f 275/146/870 291/146/914 292/147/921 276/147/871
f 285/189/891 301/189/922 306/166/920 290/166/892
f 284/145/867 300/145/911 291/146/914 275/146/870
f 277/178/884 293/178/923 294/172/924 278/172/878
f 283/81/898 299/81/919 301/80/922 285/80/891
f 276/147/871 292/147/921 295/202/925 279/202/901
f 286/185/894 302/185/926 293/178/923 277/178/884
f 278/172/878 294/172/924 296/173/915 280/173/879
f 287/180/904 303/180/907 302/185/926 286/185/894
f 279/202/901 295/202/925 297/197/918 281/197/897
f 1835/81/4 1868/81/4 1872/80/4 1839/80/4
f 294/172/924 1826/172/927 1829/173/928 296/173/915
f 1825/172/4 1858/172/4 1861/173/4 1830/173/4
f 1843/180/929 1876/180/930 1873/185/931 1842/185/932
f 1828/202/4 1859/202/4 1864/197/4 1831/197/4
f 1846/175/933 1877/175/934 1876/180/930 1843/180/929
f 1830/173/4 1861/173/4 1866/144/4 1833/144/4
f 1848/165/4 1879/165/4 1877/175/934 1846/175/933
f 1831/197/4 1864/197/4 1868/81/4 1835/81/4
f 1850/166/4 1881/166/4 1879/165/4 1848/165/4
f 1833/144/4 1866/144/4 1870/145/4 1837/145/4
f 1837/145/4 1870/145/4 1851/146/4 1820/146/4
f 1839/189/4 1872/189/4 1881/166/4 1850/166/4
f 291/146/914 1819/146/913 1822/147/935 292/147/921
f 1842/185/932 1873/185/931 1855/178/4 1824/178/4
f 301/189/922 1840/189/936 1849/166/937 306/166/920
f 1880/165/938 1911/165/939 1909/175/940 1878/175/941
f 292/147/921 1822/147/935 1827/202/942 295/202/925
f 303/180/907 1844/180/943 1841/185/944 302/185/926
f 1820/146/4 1851/146/4 1854/147/4 1821/147/4
f 302/185/926 1841/185/944 1823/178/945 293/178/923
f 299/81/919 1836/81/946 1840/80/936 301/80/922
f 293/178/923 1823/178/945 1826/172/927 294/172/924
f 1824/178/4 1855/178/4 1858/172/4 1825/172/4
f 295/202/925 1827/202/942 1832/197/947 297/197/918
f 304/175/906 1845/175/948 1844/180/943 303/180/907
f 296/173/915 1829/173/928 1834/144/949 298/144/916
f 305/165/917 1847/165/950 1845/175/948 304/175/906
f 297/197/918 1832/197/947 1836/81/946 299/81/919
f 306/166/920 1849/166/937 1847/165/950 305/165/917
f 298/144/916 1834/144/949 1838/145/912 300/145/911
f 1852/146/951 1883/146/952 1886/147/953 1853/147/954
f 1888/178/955 309/178/956 310/172/957 1889/172/958
f 1863/197/959 1896/197/960 1900/81/961 1867/81/962
f 1882/166/963 1913/166/964 1911/165/939 1880/165/938
f 1865/144/965 1898/144/966 1902/145/967 1869/145/968
f 1884/146/969 307/146/970 308/147/971 1885/147/972
f 1867/81/962 1900/81/961 1904/80/973 1871/80/974
f 1869/145/968 1902/145/967 1883/146/952 1852/146/951
f 1875/180/975 1908/180/976 1905/185/977 1874/185/978
f 1853/147/954 1886/147/953 1891/202/979 1860/202/980
f 1874/185/978 1905/185/977 1887/1160/981 1856/178/982
f 1871/189/974 1904/189/973 1913/166/964 1882/166/963
f 1856/178/982 1887/178/981 1890/172/983 1857/172/984
f 1857/172/984 1890/172/983 1893/173/985 1862/173/986
f 1860/202/980 1891/202/979 1896/197/960 1863/197/959
f 1878/175/941 1909/175/940 1908/180/976 1875/180/975
f 1862/173/986 1893/173/985 1898/144/966 1865/144/965
f 314/144/987 330/144/988 332/145/989 316/145/990
f 1889/172/958 310/172/957 312/173/991 1894/173/992
f 1892/1161/993 311/202/994 313/197/995 1895/197/996
f 1910/175/997 320/175/998 319/180/999 1907/180/1000
f 1894/173/992 312/173/991 314/144/987 1897/144/1001
f 1912/165/1002 321/165/1003 320/175/998 1910/175/997
f 1895/197/996 313/197/995 315/81/1004 1899/81/1005
f 1914/166/1006 322/166/1007 321/165/1003 1912/165/1002
f 1897/144/1001 314/144/987 316/145/990 1901/145/1008
f 1916/1102/733 1918/1103/736 340/81/699 339/80/712
f 1899/81/1005 315/81/1004 317/80/1009 1903/80/1010
f 1901/145/1008 316/145/990 307/146/970 1884/146/969
f 1907/180/1000 319/180/999 318/185/1011 1906/185/1012
f 1885/147/972 308/147/971 311/202/994 1892/202/993
f 1906/185/1012 318/185/1011 309/178/956 1888/178/955
f 1903/189/1010 317/189/1009 322/166/1007 1914/166/1006
f 325/280/1013 334/279/1014 335/278/1015 336/277/1016 337/276/1017 338/275/1018 333/274/1019 331/273/1020 329/272/1021 327/287/1022 324/286/1023 323/285/1024 332/284/989 330/283/988 328/282/1025 326/281/1026
f 307/146/970 323/146/1024 324/147/1023 308/147/971
f 317/189/1009 333/189/1019 338/166/1018 322/166/1007
f 316/145/990 332/145/989 323/146/1024 307/146/970
f 309/178/956 325/178/1013 326/172/1026 310/172/957
f 315/81/1004 331/81/1020 333/80/1019 317/80/1009
f 308/147/971 324/147/1023 327/202/1022 311/202/994
f 318/185/1011 334/185/1014 325/178/1013 309/178/956
f 310/172/957 326/172/1026 328/173/1025 312/173/991
f 319/180/999 335/180/1015 334/185/1014 318/185/1011
f 311/202/994 327/202/1022 329/197/1021 313/197/995
f 320/175/998 336/175/1016 335/180/1015 319/180/999
f 312/173/991 328/173/1025 330/144/988 314/144/987
f 321/165/1003 337/165/1017 336/175/1016 320/175/998
f 313/197/995 329/197/1021 331/81/1020 315/81/1004
f 322/166/1007 338/166/1018 337/165/1017 321/165/1003
f 346/144/697 362/144/731 364/145/732 345/145/730
f 344/146/734 355/146/735 356/147/705 343/147/704
f 345/145/730 364/145/732 355/146/735 344/146/734
f 1944/1110/727 1946/1111/729 354/166/711 353/165/717
f 348/172/709 358/172/725 360/173/726 347/173/696
f 1942/1112/723 1944/1110/727 353/165/717 352/175/724
f 349/178/708 357/178/722 358/172/725 348/172/709
f 1940/1113/719 1942/1112/723 352/175/724 351/180/720
f 353/165/717 369/165/718 368/175/728 352/175/724
f 1938/1116/715 1940/1113/719 351/180/720 350/185/716
f 339/189/712 365/189/713 370/166/714 354/166/711
f 1936/1115/707 1938/1116/715 350/185/716 349/178/708
f 350/185/716 366/185/721 357/178/722 349/178/708
f 1934/1117/710 1936/1115/707 349/178/708 348/172/709
f 341/197/700 361/197/701 363/81/702 340/81/699
f 1932/1118/695 1934/1117/710 348/172/709 347/173/696
f 342/202/703 359/202/706 361/197/701 341/197/700
f 1930/1119/698 1932/1118/695 347/173/696 346/144/697
f 343/147/704 356/147/705 359/202/706 342/202/703
f 1928/1123/1027 1930/1119/698 346/144/697 345/145/730
f 352/175/724 368/175/728 367/180/738 351/180/720
f 1926/1125/1028 1928/1120/1027 345/145/730 344/146/734
f 368/175/728 384/175/760 383/180/740 367/180/738
f 1924/1124/1029 1926/1125/1028 344/146/734 343/147/704
f 1946/1111/729 1916/1142/733 339/189/712 354/166/711
f 1922/1127/1030 1924/1124/1029 343/147/704 342/202/703
f 1918/1103/736 1920/1126/1031 341/197/700 340/81/699
f 1920/1126/1031 1922/1127/1030 342/202/703 341/197/700
f 1917/1162/2 1915/1163/2 1945/1164/2 1943/1149/2 1941/1165/2 1939/1166/2 1937/1167/2 1935/1168/2 1933/1169/2 1931/1170/2 1929/1171/2 1927/1172/2 1925/1173/2 1923/1174/2 1921/1175/2 1919/1176/2
f 347/173/696 360/173/726 362/144/731 346/144/697
f 380/145/753 1966/145/781 1948/146/773 371/146/759
f 351/180/720 367/180/738 366/185/721 350/185/716
f 354/166/711 370/166/714 369/165/718 353/165/717
f 340/81/699 363/81/702 365/80/713 339/80/712
f 373/178/751 1951/178/784 1954/172/778 374/172/754
f 360/173/726 376/173/756 378/144/752 362/144/731
f 369/165/718 385/165/758 384/175/760 368/175/728
f 361/197/701 377/197/745 379/81/749 363/81/702
f 370/166/714 386/166/757 385/165/758 369/165/718
f 362/144/731 378/144/752 380/145/753 364/145/732
f 355/146/735 371/146/759 372/147/755 356/147/705
f 365/189/713 381/189/750 386/166/757 370/166/714
f 364/145/732 380/145/753 371/146/759 355/146/735
f 357/178/722 373/178/751 374/172/754 358/172/725
f 363/81/702 379/81/749 381/80/750 365/80/713
f 356/147/705 372/147/755 375/202/746 359/202/706
f 366/185/721 382/185/741 373/178/751 357/178/722
f 358/172/725 374/172/754 376/173/756 360/173/726
f 367/180/738 383/180/740 382/185/741 366/185/721
f 359/202/706 375/202/746 377/197/745 361/197/701
f 1963/81/4 1996/81/4 2000/80/4 1967/80/4
f 1952/178/4 1983/178/4 1986/172/4 1953/172/4
f 1953/172/4 1986/172/4 1989/173/4 1958/173/4
f 1971/180/765 2004/180/766 2001/185/768 1970/185/767
f 376/173/756 1957/173/761 1962/144/762 378/144/752
f 385/165/758 1975/165/777 1973/175/775 384/175/760
f 1958/173/4 1989/173/4 1994/144/4 1961/144/4
f 1976/165/4 2007/165/4 2005/175/764 1974/175/763
f 1959/197/4 1992/197/4 1996/81/4 1963/81/4
f 1997/145/793 2030/145/796 2011/146/814 1979/146/813
f 1961/144/4 1994/144/4 1998/145/4 1965/145/4
f 1949/147/4 1982/147/4 1987/202/4 1956/202/4
f 1967/189/4 2000/189/4 2009/166/4 1978/166/4
f 1947/146/4 1980/146/4 1982/147/4 1949/147/4
f 1970/185/767 2001/185/768 1983/178/4 1952/178/4
f 381/189/750 1968/189/780 1977/166/779 386/166/757
f 2008/165/815 2039/165/816 2037/175/811 2006/175/810
f 1965/145/4 1998/145/4 1980/146/4 1947/146/4
f 383/180/740 1972/180/776 1969/185/782 382/185/741
f 371/146/759 1948/146/773 1950/147/774 372/147/755
f 374/172/754 1954/172/778 1957/173/761 376/173/756
f 379/81/749 1964/81/783 1968/80/780 381/80/750
f 372/147/755 1950/147/774 1955/202/747 375/202/746
f 382/185/741 1969/185/782 1951/178/784 373/178/751
f 1956/202/4 1987/202/4 1992/197/4 1959/197/4
f 1974/175/763 2005/175/764 2004/180/766 1971/180/765
f 375/202/746 1955/202/747 1960/197/748 377/197/745
f 384/175/760 1973/175/775 1972/180/776 383/180/740
f 377/197/745 1960/197/748 1964/81/783 379/81/749
f 1978/166/4 2009/166/4 2007/165/4 1976/165/4
f 378/144/752 1962/144/762 1966/145/781 380/145/753
f 386/166/757 1977/166/779 1975/165/777 385/165/758
f 2034/185/831 398/185/834 389/178/837 2015/178/836
f 1991/197/800 2024/197/801 2028/81/802 1995/81/799
f 2010/166/817 2041/166/818 2039/165/816 2008/165/815
f 1993/144/794 2026/144/795 2030/145/796 1997/145/793
f 2012/146/827 387/146/830 388/147/805 2013/147/804
f 1995/81/799 2028/81/802 2032/80/820 1999/80/819
f 1981/147/786 2014/147/787 2019/202/788 1988/202/785
f 2003/180/809 2036/180/812 2033/185/771 2002/185/770
f 1979/146/813 2011/146/814 2014/147/787 1981/147/786
f 1985/172/797 2018/172/798 2021/173/808 1990/173/807
f 1999/189/819 2032/189/820 2041/166/818 2010/166/817
f 2002/185/770 2033/185/771 2016/178/772 1984/178/769
f 1984/178/769 2016/178/772 2018/172/798 1985/172/797
f 1988/202/785 2019/202/788 2024/197/801 1991/197/800
f 2006/175/810 2037/175/811 2036/180/812 2003/180/809
f 1990/173/807 2021/173/808 2026/144/795 1993/144/794
f 394/144/839 410/144/864 412/145/863 396/145/829
f 2015/270/836 389/178/837 390/172/841 2017/172/840
f 2020/1161/803 391/202/806 393/197/822 2023/197/842
f 2038/175/849 400/175/850 399/180/833 2035/180/832
f 2022/173/847 392/173/848 394/144/839 2025/144/838
f 2040/165/789 401/165/792 400/175/850 2038/175/849
f 2023/197/842 393/197/822 395/81/821 2027/81/835
f 2042/166/790 402/166/791 401/165/792 2040/165/789
f 2025/144/838 394/144/839 396/145/829 2029/145/828
f 2044/1102/899 419/80/880 420/81/865 2046/1103/902
f 2027/81/835 395/81/821 397/80/826 2031/80/825
f 2029/145/828 396/145/829 387/146/830 2012/146/827
f 2035/180/832 399/180/833 398/185/834 2034/185/831
f 2013/1177/804 388/147/805 391/202/806 2020/202/803
f 2017/172/840 390/172/841 392/173/848 2022/173/847
f 2031/189/825 397/189/826 402/166/791 2042/166/790
f 405/280/853 414/279/854 415/278/855 416/277/856 417/276/857 418/275/858 413/274/859 411/273/824 409/272/823 407/287/860 404/286/861 403/285/862 412/284/863 410/283/864 408/282/851 406/281/852
f 387/146/830 403/146/862 404/147/861 388/147/805
f 397/189/826 413/189/859 418/166/858 402/166/791
f 396/145/829 412/145/863 403/146/862 387/146/830
f 389/178/837 405/178/853 406/172/852 390/172/841
f 395/81/821 411/81/824 413/80/859 397/80/826
f 388/147/805 404/147/861 407/202/860 391/202/806
f 398/185/834 414/185/854 405/178/853 389/178/837
f 390/172/841 406/172/852 408/173/851 392/173/848
f 399/180/833 415/180/855 414/185/854 398/185/834
f 391/202/806 407/202/860 409/197/823 393/197/822
f 400/175/850 416/175/856 415/180/855 399/180/833
f 392/173/848 408/173/851 410/144/864 394/144/839
f 401/165/792 417/165/857 416/175/856 400/175/850
f 393/197/822 409/197/823 411/81/824 395/81/821
f 402/166/791 418/166/858 417/165/857 401/165/792
f 426/144/845 425/145/896 444/145/897 442/144/898
f 424/146/900 423/147/872 436/147/871 435/146/901
f 425/145/896 424/146/900 435/146/901 444/145/897
f 2072/1110/893 433/165/883 434/166/877 2074/1178/895
f 428/172/875 427/173/846 440/173/891 438/172/892
f 2069/1112/889 432/175/890 433/165/883 2072/1110/893
f 429/178/876 428/172/875 438/172/892 437/178/887
f 2068/1113/885 431/180/886 432/175/890 2069/1112/889
f 433/165/883 432/175/890 448/175/894 449/165/884
f 2065/1116/881 430/185/882 431/180/886 2068/1113/885
f 419/189/880 434/166/877 450/166/878 445/189/879
f 2064/1115/873 429/178/876 430/185/882 2065/1116/881
f 430/185/882 429/178/876 437/178/887 446/185/888
f 2061/1117/874 428/172/875 429/178/876 2064/1115/873
f 421/197/868 420/81/865 443/81/866 441/197/867
f 2060/1118/843 427/173/846 428/172/875 2061/1117/874
f 422/202/869 421/197/868 441/197/867 439/202/870
f 2057/1119/844 426/144/845 427/173/846 2060/1118/843
f 423/147/872 422/202/869 439/202/870 436/147/871
f 2056/1120/1032 425/145/896 426/144/845 2057/1121/844
f 432/175/890 431/180/886 447/180/904 448/175/894
f 2054/1122/1033 424/146/900 425/145/896 2056/1123/1032
f 448/175/894 447/180/904 463/180/907 464/175/926
f 2052/1124/1034 423/147/872 424/146/900 2054/1125/1033
f 2074/1111/895 434/166/877 419/189/880 2044/1142/899
f 2049/1127/1035 422/202/869 423/147/872 2052/1124/1034
f 2046/1103/902 420/81/865 421/197/868 2048/1126/903
f 2048/1126/903 421/197/868 422/202/869 2049/1127/1035
f 2053/1179/1 2055/1180/1 2058/1181/1 2059/1182/1 2062/1183/1 2063/1184/1 2066/1185/1 2067/1186/1 2070/1187/1 2071/1188/1 2073/1189/1 2043/1190/1 2045/1191/1 2047/1139/1 2050/1192/1 2051/1193/1
f 427/173/846 426/144/845 442/144/898 440/173/891
f 2094/145/4 2075/146/4 2107/146/4 2125/145/4
f 431/180/886 430/185/882 446/185/888 447/180/904
f 434/166/877 433/165/883 449/165/884 450/166/878
f 420/81/865 419/80/880 445/80/879 443/81/866
f 2097/185/933 2080/178/4 2112/178/4 2130/185/934
f 440/173/891 442/144/898 458/144/919 456/173/922
f 449/165/884 448/175/894 464/175/926 465/165/923
f 441/197/867 443/81/866 459/81/916 457/197/911
f 450/166/878 449/165/884 465/165/923 466/166/924
f 442/144/898 444/145/897 460/145/918 458/144/919
f 435/146/901 436/147/871 452/147/921 451/146/925
f 445/189/879 450/166/878 466/166/924 461/189/915
f 444/145/897 435/146/901 451/146/925 460/145/918
f 437/178/887 438/172/892 454/172/920 453/178/917
f 443/81/866 445/80/879 461/80/915 459/81/916
f 436/147/871 439/202/870 455/202/914 452/147/921
f 446/185/888 437/178/887 453/178/917 462/185/906
f 438/172/892 440/173/891 456/173/922 454/172/920
f 447/180/904 446/185/888 462/185/906 463/180/907
f 439/202/870 441/197/867 457/197/911 455/202/914
f 2092/81/4 2096/80/4 2127/80/4 2123/81/4
f 453/178/917 454/172/920 2081/172/937 2079/178/950
f 2082/172/4 2085/173/4 2118/173/4 2113/172/4
f 2100/180/929 2097/185/933 2130/185/934 2131/180/930
f 2085/173/4 2090/144/4 2121/144/4 2118/173/4
f 2101/175/932 2100/180/929 2131/180/930 2134/175/931
f 2088/197/4 2092/81/4 2123/81/4 2119/197/4
f 2103/165/4 2101/175/932 2134/175/931 2136/165/4
f 458/144/919 460/145/918 2093/145/947 2089/144/946
f 2126/145/959 2108/146/980 2140/146/979 2157/145/960
f 2090/144/4 2094/145/4 2125/145/4 2121/144/4
f 2075/146/4 2078/147/4 2109/147/4 2107/146/4
f 2096/189/4 2105/166/4 2138/166/4 2127/189/4
f 2078/147/4 2083/202/4 2116/202/4 2109/147/4
f 2080/178/4 2082/172/4 2113/172/4 2112/178/4
f 461/189/915 466/166/924 2106/166/927 2095/189/928
f 2135/165/982 2133/175/978 2166/175/977 2168/165/981
f 460/145/918 451/146/925 2076/146/942 2093/145/947
f 463/180/907 462/185/906 2098/185/948 2099/180/943
f 451/146/925 452/147/921 2077/147/935 2076/146/942
f 454/172/920 456/173/922 2086/173/936 2081/172/937
f 459/81/916 461/80/915 2095/80/928 2091/81/949
f 452/147/921 455/202/914 2084/202/913 2077/147/935
f 462/185/906 453/178/917 2079/178/950 2098/185/948
f 2083/202/4 2088/197/4 2119/197/4 2116/202/4
f 464/175/926 463/180/907 2099/180/943 2102/175/944
f 455/202/914 457/197/911 2087/197/912 2084/202/913
f 465/165/923 464/175/926 2102/175/944 2104/165/945
f 456/173/922 458/144/919 2089/144/946 2086/173/936
f 2105/166/4 2103/165/4 2136/165/4 2138/166/4
f 457/197/911 459/81/916 2091/81/949 2087/197/912
f 466/166/924 465/165/923 2104/165/945 2106/166/927
f 2143/178/1002 2146/172/1006 470/172/1007 469/178/1003
f 2120/197/968 2124/81/965 2155/81/966 2151/197/967
f 2137/166/984 2135/165/982 2168/165/981 2170/166/983
f 2122/144/962 2126/145/959 2157/145/960 2153/144/961
f 2139/146/993 2142/1177/972 468/147/971 467/146/994
f 2124/81/965 2128/80/986 2159/80/985 2155/81/966
f 2110/147/954 2115/202/951 2148/202/952 2141/147/953
f 2132/180/975 2129/185/941 2162/185/940 2163/180/976
f 2108/146/980 2110/147/954 2141/147/953 2140/146/979
f 2114/172/963 2117/173/974 2150/173/973 2145/172/964
f 2128/189/986 2137/166/984 2170/166/983 2159/189/985
f 2129/185/941 2111/178/938 2144/178/939 2162/185/940
f 2111/178/938 2114/172/963 2145/172/964 2144/178/939
f 2115/202/951 2120/1194/968 2151/197/967 2148/202/952
f 2133/175/978 2132/180/975 2163/180/976 2166/175/977
f 2117/173/974 2122/144/962 2153/144/961 2150/173/973
f 474/144/1004 476/145/995 492/145/1021 490/144/1020
f 2146/172/1006 2149/173/1010 472/173/1009 470/172/1007
f 2147/202/969 2152/197/1008 473/197/990 471/202/970
f 2165/175/1012 2164/180/1000 479/180/999 480/175/1011
f 2149/173/1010 2154/144/1005 474/144/1004 472/173/1009
f 2167/165/955 2165/175/1012 480/175/1011 481/165/956
f 2152/197/1008 2156/265/1001 475/81/987 473/197/990
f 2169/166/958 2167/165/955 481/165/956 482/166/957
f 2154/144/1005 2158/145/996 476/145/995 474/144/1004
f 2156/81/1001 2160/80/992 477/80/991 475/81/987
f 2158/145/996 2139/146/993 467/146/994 476/145/995
f 2164/180/1000 2161/185/997 478/185/998 479/180/999
f 2142/147/972 2147/202/969 471/202/970 468/147/971
f 2161/185/997 2143/178/1002 469/178/1003 478/185/998
f 2160/189/992 2169/166/958 482/166/957 477/189/991
f 488/282/1019 490/283/1020 492/284/1021 483/285/1022 484/286/1023 487/287/1024 489/272/989 491/273/988 493/274/1025 498/275/1026 497/276/1013 496/277/1014 495/278/1015 494/279/1016 485/280/1017 486/281/1018
f 467/146/994 468/147/971 484/147/1023 483/146/1022
f 477/189/991 482/166/957 498/166/1026 493/189/1025
f 476/145/995 467/146/994 483/146/1022 492/145/1021
f 469/178/1003 470/172/1007 486/172/1018 485/178/1017
f 475/81/987 477/80/991 493/80/1025 491/81/988
f 468/147/971 471/202/970 487/202/1024 484/147/1023
f 478/185/998 469/178/1003 485/178/1017 494/185/1016
f 470/172/1007 472/173/1009 488/173/1019 486/172/1018
f 479/180/999 478/185/998 494/185/1016 495/180/1015
f 471/202/970 473/197/990 489/197/989 487/202/1024
f 480/175/1011 479/180/999 495/180/1015 496/175/1014
f 472/173/1009 474/144/1004 490/144/1020 488/173/1019
f 481/165/956 480/175/1011 496/175/1014 497/165/1013
f 473/197/990 475/81/987 491/81/988 489/197/989
f 482/166/957 481/165/956 497/165/1013 498/166/1026
f 2196/1211/1041 2204/1212/1041 2208/1213/1042 2197/1214/1042
f 2227/1223/1045 2232/1224/1045 2204/1225/1041 2196/1226/1041
f 2229/1227/1046 2234/1228/1046 2209/1229/1047 2201/1230/1047
f 8/122/22 2205/130/22 2231/1231/22 6/123/22
f 16/118/22 2210/1232/22 2233/1233/22 14/119/22
f 2215/1234/1048 2223/1235/1048 2232/1224/1045 2227/1236/1045
f 2201/1237/1047 2209/1229/1047 2212/1238/1049 2202/1239/1049
f 2202/1239/1049 2212/1238/1049 2220/1240/4 2214/1241/4
f 6/123/22 2231/1231/22 2222/1242/22 4/124/22
f 18/117/22 2211/1243/22 2210/1232/22 16/118/22
f 2214/1244/4 2220/1245/4 2223/1235/1048 2215/1246/1048
f 2218/1247/1050 2225/1248/1050 2234/1228/1046 2229/1227/1046
f 4/124/22 2222/1242/22 2221/1249/22 2/116/22
f 14/119/22 2233/1233/22 2224/1250/22 12/120/22
f 2198/1251/13 2207/1252/13 2226/1253/13 2217/1254/13
f 17/115/5 2203/1255/5 2213/102/5 1/101/5
f 12/120/22 2224/1250/22 2206/129/22 10/121/22
f 2/116/22 2221/1249/22 2211/1243/22 18/117/22
f 523/76/1067 524/1274/1067 525/1275/1067
f 526/75/1068 527/1257/1068 528/1276/1068
f 585/1277/1081 586/94/1081 587/1278/1081
f 588/67/1082 589/1279/1082 590/1280/1082
f 591/1265/1083 592/74/1083 593/1281/1083
f 594/65/1084 595/1282/1084 596/1269/1084
f 597/86/1085 598/1283/1085 599/1284/1085
f 600/1285/1086 601/68/1086 602/1286/1086
f 2197/1214/1107 2198/1251/1107 2199/110/1107
f 2206/129/1108 2207/1252/1108 2208/1213/1108
f 2217/1254/1109 2218/1247/1109 2219/125/1109
f 2224/1250/1110 2225/1248/1110 2226/1253/1110
f 523/76/36 526/75/36 528/15/36 524/14/36
f 524/14/1120 589/17/1120 588/67/1120 525/66/1120
f 525/66/1121 594/65/1121 596/1269/1121 523/1260/1121
f 597/86/68 600/85/68 602/1305/68 598/1283/68
f 1943/1306/1122 1945/1307/1123 1946/1111/1123 1944/1110/1122
f 2196/1211/1124 2197/1214/1125 2199/110/1125 2195/108/1124
f 1972/180/776 1973/175/775 1974/175/763 1971/180/765
f 2201/1237/1126 2202/1239/1127 2203/128/1127 2200/127/1126
f 1956/202/1128 1959/197/1129 1960/197/748 1955/202/747
f 610/228/1130 614/168/1131 613/1308/1131 609/1309/1130
f 626/183/1132 630/188/1133 629/1310/1133 625/1311/1132
f 642/201/1134 646/205/1135 645/1312/1135 641/1313/1134
f 658/215/1136 662/221/1137 661/1314/1137 657/1315/1136
f 2036/180/812 2037/175/811 2038/175/849 2035/180/832
f 2056/1120/1146 2057/1121/1147 2058/1324/1147 2055/1325/1146
f 2072/1110/1148 2074/1178/1149 2073/1326/1149 2071/1306/1148
f 2132/180/975 2133/175/978 2134/175/931 2131/180/930
f 2116/202/1150 2119/197/1151 2120/1194/968 2115/202/951
f 1919/1317/1152 1921/1316/1153 1922/1127/1153 1920/1126/1152
f 2148/202/952 2151/197/967 2152/197/1008 2147/202/969
f 1988/202/785 1991/197/800 1992/197/1154 1987/202/1155
f 1927/1325/1157 1929/1324/1158 1930/1119/1158 1928/1123/1157
f 2164/180/1000 2165/175/1012 2166/175/977 2163/180/976
f 2004/180/766 2005/175/764 2006/175/810 2003/180/809
f 1935/1346/1159 1937/1347/1160 1938/1116/1160 1936/1115/1159
f 2020/1161/803 2023/197/842 2024/197/801 2019/202/788
f 2048/1126/1161 2049/1127/1162 2050/1316/1162 2047/1317/1161
f 2064/1115/1163 2065/1116/1164 2066/1348/1164 2063/1349/1163
f 1664/1126/1157 1666/1127/1165 1665/1316/1165 1663/1350/1157
f 1672/1120/1152 1674/1121/1166 1673/1318/1166 1671/1325/1152
f 1680/1115/1122 1682/1116/1167 1681/1351/1167 1679/1352/1122
f 1688/1110/1159 1690/1111/1168 1689/1353/1168 1687/1354/1159
f 2084/202/913 2087/197/912 2088/197/1169 2083/202/1170
f 1700/202/773 1703/197/781 1704/197/1171 1699/202/1172
f 1716/180/765 1717/175/767 1718/175/782 1715/180/776
f 1732/202/1173 1735/197/1174 1736/197/793 1731/202/813
f 1748/180/809 1749/175/770 1750/175/768 1747/180/766
f 1764/202/814 1767/197/796 1768/197/828 1763/202/827
f 1780/180/832 1781/175/831 1782/175/771 1779/180/812
f 1791/1350/1146 1793/1316/1175 1794/1127/1175 1792/1126/1146
f 1799/1325/1161 1801/1318/1176 1802/1119/1176 1800/1123/1161
f 1807/1321/1148 1809/1351/1177 1810/1114/1177 1808/1115/1148
f 1815/1355/1163 1817/1353/1178 1818/1111/1178 1816/1110/1163
f 1828/202/1180 1831/197/1181 1832/197/947 1827/202/942
f 1844/180/943 1845/175/948 1846/175/933 1843/180/929
f 1860/202/980 1863/197/959 1864/197/1182 1859/202/1183
f 1876/180/930 1877/175/934 1878/175/941 1875/180/975
f 1892/1161/993 1895/197/996 1896/197/960 1891/202/979
f 1908/180/976 1909/175/940 1910/175/997 1907/180/1000
f 2100/180/929 2101/175/932 2102/175/944 2099/180/943
f 2150/173/973 2153/144/961 2154/144/1005 2149/173/1010
f 2165/175/1012 2167/165/955 2168/165/981 2166/175/977
f 2086/173/936 2089/144/946 2090/144/1185 2085/173/1186
f 2101/175/932 2103/165/1187 2104/165/945 2102/175/944
f 527/61/6 585/64/6 587/16/6 528/15/6
f 526/75/1194 592/74/1194 591/1304/1194 527/1257/1194
f 2205/130/1195 2206/129/1196 2208/1213/1196 2204/1212/1195
f 2210/1232/1197 2211/1243/1198 2212/1238/1198 2209/1229/1197
f 611/1360/1199 615/1361/1200 616/169/1200 612/229/1199
f 627/1362/1201 631/1363/1202 632/187/1202 628/182/1201
f 643/1364/1203 647/1365/1204 648/204/1204 644/200/1203
f 1973/175/775 1975/165/777 1976/165/1205 1974/175/763
f 659/1366/1206 663/1367/1207 664/220/1207 660/214/1206
f 2005/175/764 2007/165/1208 2008/165/815 2006/175/810
f 2037/175/811 2039/165/816 2040/165/789 2038/175/849
f 2133/175/978 2135/165/982 2136/165/1209 2134/175/931
f 2118/173/1210 2121/144/1211 2122/144/962 2117/173/974
f 1990/173/807 1993/144/794 1994/144/1212 1989/173/1213
f 1702/173/780 1705/144/783 1706/144/1214 1701/173/1215
f 1717/175/767 1719/165/1216 1720/165/784 1718/175/782
f 1734/173/1217 1737/144/1218 1738/144/799 1733/173/819
f 1749/175/770 1751/165/769 1752/165/1219 1750/175/768
f 1766/173/820 1769/144/802 1770/144/835 1765/173/825
f 1781/175/831 1783/165/836 1784/165/772 1782/175/771
f 1830/173/1220 1833/144/1221 1834/144/949 1829/173/928
f 1845/175/948 1847/165/950 1848/165/1222 1846/175/933
f 1862/173/986 1865/144/965 1866/144/1223 1861/173/1224
f 1877/175/934 1879/165/1225 1880/165/938 1878/175/941
f 1894/173/992 1897/144/1001 1898/144/966 1893/173/985
f 1909/175/940 1911/165/939 1912/165/1002 1910/175/997
f 2022/173/847 2025/144/838 2026/144/795 2021/173/808
f 1958/173/1226 1961/144/1227 1962/144/762 1957/173/761
f 1975/165/777 1977/166/779 1978/166/1228 1976/165/1205
f 1666/1127/1165 1668/1124/1229 1667/1368/1229 1665/1369/1165
f 1674/1119/1166 1676/1118/1230 1675/1370/1230 1673/1371/1166
f 1682/1114/1167 1684/1113/1231 1683/1372/1231 1681/1373/1167
f 1703/197/781 1707/81/762 1708/81/1227 1704/197/1171
f 1719/165/1216 1721/166/1232 1722/166/778 1720/165/784
f 2049/1127/1162 2052/1124/1233 2051/1374/1233 2050/1369/1162
f 1735/197/1174 1739/81/1212 1740/81/794 1736/197/793
f 1751/165/769 1753/166/797 1754/166/1234 1752/165/1219
f 2065/1116/1164 2068/1113/1235 2067/1375/1235 2066/1376/1164
f 1767/197/796 1771/81/795 1772/81/838 1768/197/828
f 1783/165/836 1785/166/840 1786/166/798 1784/165/772
f 1793/1369/1175 1795/1374/1233 1796/1124/1233 1794/1146/1175
f 1801/1377/1176 1803/1370/1236 1804/1118/1236 1802/1119/1176
f 1809/1373/1177 1811/1372/1235 1812/1113/1235 1810/1116/1177
f 2087/197/912 2091/81/949 2092/81/1221 2088/197/1169
f 1831/197/1181 1835/81/1185 1836/81/946 1832/197/947
f 1847/165/950 1849/166/937 1850/166/1237 1848/165/1222
f 1863/197/959 1867/81/962 1868/81/1211 1864/197/1182
f 1879/165/1225 1881/166/1238 1882/166/963 1880/165/938
f 1895/197/996 1899/81/1005 1900/81/961 1896/197/960
f 1911/165/939 1913/166/964 1914/166/1006 1912/165/1002
f 2103/165/1187 2105/166/1242 2106/166/927 2104/165/945
f 1937/1376/1160 1939/1375/1231 1940/1113/1231 1938/1116/1160
f 2214/1378/1245 2215/1379/1246 2216/103/1246 2213/102/1245
f 2197/1214/1247 2208/1213/1247 2207/1252/1247 2198/1251/1247
f 2198/1251/1121 2217/1254/1121 2219/125/1121 2199/110/1121
f 2213/102/1245 2203/1255/1127 2202/1239/1127 2214/1241/1245
f 614/168/1131 618/171/1248 617/1380/1248 613/1381/1131
f 630/188/1133 634/193/1249 633/1382/1249 629/1383/1133
f 646/205/1135 650/208/1250 649/1384/1250 645/1385/1135
f 1959/197/1129 1963/81/1214 1964/81/783 1960/197/748
f 662/221/1137 666/222/1251 665/1386/1251 661/1387/1137
f 2057/1119/1147 2060/1118/1255 2059/1388/1255 2058/1371/1147
f 2007/165/1208 2009/166/1256 2010/166/817 2008/165/815
f 2135/165/982 2137/166/984 2138/166/1257 2136/165/1209
f 2039/165/816 2041/166/818 2042/166/790 2040/165/789
f 2119/197/1151 2123/81/1223 2124/81/965 2120/197/968
f 2151/197/967 2155/81/966 2156/265/1001 2152/197/1008
f 1921/1369/1153 1923/1374/1229 1924/1124/1229 1922/1127/1153
f 1991/197/800 1995/81/799 1996/81/1218 1992/197/1154
f 1929/1371/1158 1931/1388/1258 1932/1118/1258 1930/1119/1158
f 2167/165/955 2169/166/958 2170/166/983 2168/165/981
f 2023/197/842 2027/81/835 2028/81/802 2024/197/801
f 1705/144/783 1709/145/748 1710/145/1129 1706/144/1214
f 1737/144/1218 1741/145/1154 1742/145/800 1738/144/799
f 1769/144/802 1773/145/801 1774/145/842 1770/144/835
f 1833/144/1221 1837/145/1169 1838/145/912 1834/144/949
f 1865/144/965 1869/145/968 1870/145/1151 1866/144/1223
f 1897/144/1001 1901/145/1008 1902/145/967 1898/144/966
f 2025/144/838 2029/145/828 2030/145/796 2026/144/795
f 2153/144/961 2157/145/960 2158/145/996 2154/144/1005
f 1993/144/794 1997/145/793 1998/145/1174 1994/144/1212
f 2089/144/946 2093/145/947 2094/145/1181 2090/144/1185
f 2221/1249/1264 2222/1242/1265 2223/265/1265 2220/189/1264
f 2206/129/1259 2224/1250/1259 2226/1253/1259 2207/1252/1259
f 2220/1240/1264 2212/1238/1198 2211/1243/1198 2221/1249/1264
f 615/1391/1200 619/1392/1266 620/170/1266 616/169/1200
f 631/1393/1202 635/1394/1267 636/192/1267 632/187/1202
f 647/1395/1204 651/1396/1268 652/207/1268 648/204/1204
f 663/1397/1207 667/1398/1269 668/223/1269 664/220/1207
f 1961/144/1227 1965/145/1171 1966/145/781 1962/144/762
f 2121/144/1211 2125/145/1182 2126/145/959 2122/144/962
f 2108/146/980 2126/145/959 2125/145/1182 2107/146/1183
f 2012/146/827 2013/147/804 2014/147/787 2011/146/814
f 586/94/53 590/93/53 589/17/53 587/16/53
f 1939/1402/1231 1941/1403/1167 1942/1112/1167 1940/1113/1231
f 585/1277/1274 599/1270/1274 598/95/1274 586/94/1274
f 2215/1234/1246 2227/1236/1275 2228/106/1275 2216/105/1246
f 1963/81/1214 1967/80/1215 1968/80/780 1964/81/783
f 2217/1254/1276 2226/1253/1276 2225/1248/1276 2218/1247/1276
f 2218/1247/1277 2229/1227/1278 2230/126/1278 2219/125/1277
f 618/171/1248 622/177/1279 621/1404/1279 617/1405/1248
f 634/193/1249 638/196/1280 637/1406/1280 633/1407/1249
f 650/208/1250 654/211/1281 653/1408/1281 649/1409/1250
f 1835/81/1185 1839/80/1186 1840/80/936 1836/81/946
f 2060/1118/1255 2061/1117/1178 2062/1416/1178 2059/1417/1255
f 1948/146/773 1966/145/781 1965/145/1171 1947/146/1172
f 2140/146/979 2141/147/953 2142/1177/972 2139/146/993
f 1980/146/1173 1998/145/1174 1997/145/793 1979/146/813
f 2139/146/993 2158/145/996 2157/145/960 2140/146/979
f 1923/1418/1229 1925/1410/1165 1926/1125/1165 1924/1124/1229
f 2123/81/1223 2127/80/1224 2128/80/986 2124/81/965
f 1995/81/799 1999/80/819 2000/80/1217 1996/81/1218
f 2155/81/966 2159/80/985 2160/80/992 2156/81/1001
f 1931/1423/1258 1933/1416/1168 1934/1117/1168 1932/1118/1258
f 2011/146/814 2030/145/796 2029/145/828 2012/146/827
f 2027/81/835 2031/80/825 2032/80/820 2028/81/802
f 2052/1124/1233 2054/1125/1175 2053/1410/1175 2051/1424/1233
f 2068/1113/1235 2069/1112/1177 2070/1403/1177 2067/1402/1235
f 2091/81/949 2095/80/928 2096/80/1220 2092/81/1221
f 1668/1124/1229 1670/1125/1153 1669/1425/1153 1667/1424/1229
f 1676/1118/1230 1678/1117/1123 1677/1426/1123 1675/1413/1230
f 1684/1113/1231 1686/1112/1160 1685/1427/1160 1683/1428/1231
f 2076/146/942 2077/147/935 2078/147/1285 2075/146/1180
f 1692/146/747 1693/147/774 1694/147/1286 1691/146/1128
f 1691/146/1128 1710/145/1129 1709/145/748 1692/146/747
f 1707/265/762 1711/80/761 1712/80/1226 1708/81/1227
f 1724/146/1155 1725/147/1287 1726/147/786 1723/146/785
f 2075/146/1180 2094/145/1181 2093/145/947 2076/146/942
f 1723/1143/785 1742/145/800 1741/145/1154 1724/146/1155
f 1739/81/1212 1743/80/1213 1744/80/807 1740/81/794
f 1756/146/788 1757/147/787 1758/147/804 1755/146/803
f 1755/1144/803 1774/145/842 1773/145/801 1756/146/788
f 1771/81/795 1775/80/808 1776/80/847 1772/81/838
f 1795/1424/1233 1797/1425/1162 1798/1122/1162 1796/1124/1233
f 1803/1413/1236 1805/1426/1149 1806/1117/1149 1804/1118/1236
f 1811/1429/1235 1813/1427/1164 1814/1112/1164 1812/1113/1235
f 1820/146/1170 1821/147/1285 1822/147/935 1819/146/913
f 1819/146/913 1838/145/912 1837/145/1169 1820/146/1170
f 1852/146/951 1853/147/954 1854/147/1288 1851/146/1150
f 1851/146/1150 1870/145/1151 1869/145/968 1852/146/951
f 1867/81/962 1871/80/974 1872/80/1210 1868/81/1211
f 1884/146/969 1885/147/972 1886/147/953 1883/146/952
f 1883/146/952 1902/145/967 1901/145/1008 1884/146/969
f 1899/81/1005 1903/80/1010 1904/80/973 1900/81/961
f 1947/146/1172 1949/147/1286 1950/147/774 1948/146/773
f 2107/146/1183 2109/147/1288 2110/147/954 2108/146/980
f 1979/146/813 1981/147/786 1982/147/1287 1980/146/1173
f 2141/147/953 2148/202/952 2147/202/969 2142/147/972
f 2077/147/935 2084/202/913 2083/202/1170 2078/147/1285
f 1915/1431/1230 1917/1432/1166 1918/1103/1166 1916/1102/1230
f 590/1280/1259 602/1286/1259 601/68/1259 588/67/1259
f 1916/1142/1230 1946/1111/1123 1945/1433/1123 1915/1434/1230
f 2222/1242/1265 2231/1231/1293 2232/1224/1293 2223/1235/1265
f 2224/1250/1294 2233/1233/1295 2234/1228/1295 2225/1248/1294
f 619/1435/1266 623/1436/1296 624/176/1296 620/170/1266
f 635/1437/1267 639/1438/1297 640/195/1297 636/192/1267
f 1949/147/1286 1956/202/1128 1955/202/747 1950/147/774
f 651/1439/1268 655/1440/1298 656/210/1298 652/207/1268
f 1981/147/786 1988/202/785 1987/202/1155 1982/147/1287
f 2013/1177/804 2020/202/803 2019/202/788 2014/147/787
f 2044/1102/1236 2046/1103/1176 2045/1432/1176 2043/1442/1236
f 2043/1445/1236 2073/1446/1149 2074/1111/1149 2044/1142/1236
f 2109/147/1288 2116/202/1150 2115/202/951 2110/147/954
f 1659/1447/1258 1689/1448/1168 1690/1111/1168 1660/1142/1258
f 1693/147/774 1700/202/773 1699/202/1172 1694/147/1286
f 1725/147/1287 1732/202/1173 1731/202/813 1726/147/786
f 1757/147/787 1764/202/814 1763/202/827 1758/147/804
f 1787/1431/1255 1789/1432/1147 1790/1103/1147 1788/1102/1255
f 1788/1142/1255 1818/1111/1178 1817/1448/1178 1787/1450/1255
f 1821/147/1285 1828/202/1180 1827/202/942 1822/147/935
f 1853/147/954 1860/202/980 1859/202/1183 1854/147/1288
f 1885/147/972 1892/202/993 1891/202/979 1886/147/953
f 1660/1102/1258 1662/1103/1158 1661/1432/1158 1659/1431/1258
f 2080/178/1222 2097/185/933 2098/185/948 2079/178/950
f 2016/178/772 2033/185/771 2034/185/831 2015/178/836
f 2015/270/836 2017/172/840 2018/172/798 2016/178/772
f 1662/1103/1158 1664/1126/1157 1663/1451/1157 1661/1452/1158
f 1670/1122/1153 1672/1123/1152 1671/1453/1152 1669/1454/1153
f 1678/1117/1123 1680/1115/1122 1679/1455/1122 1677/1456/1123
f 1686/1112/1160 1688/1110/1159 1687/1457/1159 1685/1458/1160
f 1696/178/777 1697/172/779 1698/172/1228 1695/178/1205
f 2079/178/950 2081/172/937 2082/172/1237 2080/178/1222
f 1695/178/1205 1713/185/763 1714/185/775 1696/178/777
f 1711/189/761 1722/166/778 1721/166/1232 1712/189/1226
f 1728/178/1208 1729/172/1256 1730/172/817 1727/178/815
f 1727/178/815 1745/185/810 1746/185/764 1728/178/1208
f 1743/189/1213 1754/166/1234 1753/166/797 1744/189/807
f 1760/270/816 1761/172/818 1762/172/790 1759/178/789
f 1759/178/789 1777/185/849 1778/185/811 1760/178/816
f 1775/189/808 1786/166/798 1785/166/840 1776/189/847
f 1789/1452/1147 1791/1459/1146 1792/1126/1146 1790/1103/1147
f 1797/1454/1162 1799/1453/1161 1800/1120/1161 1798/1125/1162
f 1805/1456/1149 1807/1455/1148 1808/1115/1148 1806/1145/1149
f 1813/1460/1164 1815/1461/1163 1816/1110/1163 1814/1112/1164
f 2095/189/928 2106/166/927 2105/166/1242 2096/189/1220
f 1824/178/1187 1825/172/1242 1826/172/927 1823/178/945
f 1823/178/945 1841/185/944 1842/185/932 1824/178/1187
f 1839/189/1186 1850/166/1237 1849/166/937 1840/189/936
f 1856/178/982 1857/172/984 1858/172/1257 1855/178/1209
f 1855/178/1209 1873/185/931 1874/185/978 1856/178/982
f 1871/189/974 1882/166/963 1881/166/1238 1872/189/1210
f 1888/178/955 1889/172/958 1890/172/983 1887/178/981
f 1887/1160/981 1905/185/977 1906/185/1012 1888/178/955
f 1903/189/1010 1914/166/1006 1913/166/964 1904/189/973
f 2112/178/1225 2113/172/1238 2114/172/963 2111/178/938
f 592/74/78 596/73/78 595/88/78 593/87/78
f 593/87/20 597/86/20 599/1284/20 591/1464/20
f 2111/178/938 2129/185/941 2130/185/934 2112/178/1225
f 2227/1223/1275 2196/1226/1124 2195/108/1124 2228/106/1275
f 2229/1227/1278 2201/1230/1126 2200/127/1126 2230/126/1278
f 606/247/1302 610/228/1130 609/1465/1130 605/1466/1302
f 622/177/1279 626/183/1132 625/1467/1132 621/1468/1279
f 638/196/1280 642/201/1134 641/1469/1134 637/1470/1280
f 654/211/1281 658/215/1136 657/1471/1136 653/1472/1281
f 1967/189/1215 1978/166/1228 1977/166/779 1968/189/780
f 605/1473/1302 665/1474/1251 666/222/1251 606/225/1302
f 1952/178/1216 1953/172/1232 1954/172/778 1951/178/784
f 1999/189/819 2010/166/817 2009/166/1256 2000/189/1217
f 2031/189/825 2042/166/790 2041/166/818 2032/189/820
f 1984/178/769 1985/172/797 1986/172/1234 1983/178/1219
f 2046/1103/1176 2048/1126/1161 2047/1451/1161 2045/1452/1176
f 1917/1452/1166 1919/1451/1152 1920/1126/1152 1918/1103/1166
f 2054/1122/1175 2056/1123/1146 2055/1481/1146 2053/1482/1175
f 2061/1117/1178 2064/1115/1163 2063/1483/1163 2062/1484/1178
f 2069/1112/1177 2072/1110/1148 2071/1485/1148 2070/1486/1177
f 2144/178/939 2145/172/964 2146/172/1006 2143/178/1002
f 2127/189/1224 2138/166/1257 2137/166/984 2128/189/986
f 2143/178/1002 2161/185/997 2162/185/940 2144/178/939
f 1925/1482/1165 1927/1481/1157 1928/1120/1157 1926/1125/1165
f 2159/189/985 2170/166/983 2169/166/958 2160/189/992
f 1951/178/784 1969/185/782 1970/185/767 1952/178/1216
f 1983/178/1219 2001/185/768 2002/185/770 1984/178/769
f 1933/1489/1168 1935/1483/1159 1936/1115/1159 1934/1117/1168
f 1941/1490/1167 1943/1485/1122 1944/1110/1122 1942/1112/1167
f 1697/172/779 1702/173/780 1701/173/1215 1698/172/1228
f 1713/185/763 1716/180/765 1715/180/776 1714/185/775
f 1729/172/1256 1734/173/1217 1733/173/819 1730/172/817
f 1745/185/810 1748/180/809 1747/180/766 1746/185/764
f 1761/172/818 1766/173/820 1765/173/825 1762/172/790
f 1777/185/849 1780/180/832 1779/180/812 1778/185/811
f 2129/185/941 2132/180/975 2131/180/930 2130/185/934
f 1825/172/1242 1830/173/1220 1829/173/928 1826/172/927
f 1841/185/944 1844/180/943 1843/180/929 1842/185/932
f 1857/172/984 1862/173/986 1861/173/1224 1858/172/1257
f 1873/185/931 1876/180/930 1875/180/975 1874/185/978
f 1889/172/958 1894/173/992 1893/173/985 1890/172/983
f 1905/185/977 1908/180/976 1907/180/1000 1906/185/1012
f 2145/172/964 2150/173/973 2149/173/1010 2146/172/1006
f 2161/185/997 2164/180/1000 2163/180/976 2162/185/940
f 2081/172/937 2086/173/936 2085/173/1186 2082/172/1237
f 2097/185/933 2100/180/929 2099/180/943 2098/185/948
f 594/65/1290 601/68/1290 600/1285/1290 595/1282/1290
f 2231/1231/1293 2205/130/1195 2204/1225/1195 2232/1224/1293
f 2233/1233/1295 2210/1232/1197 2209/1229/1197 2234/1228/1295
f 607/1491/1303 611/1492/1199 612/229/1199 608/248/1303
f 623/1493/1296 627/1494/1201 628/182/1201 624/176/1296
f 639/1495/1297 643/1496/1203 644/200/1203 640/195/1297
f 1969/185/782 1972/180/776 1971/180/765 1970/185/767
f 655/1497/1298 659/1498/1206 660/214/1206 656/210/1298
f 608/224/1303 668/223/1269 667/1499/1269 607/1500/1303
f 2001/185/768 2004/180/766 2003/180/809 2002/185/770
f 2033/185/771 2036/180/812 2035/180/832 2034/185/831
f 2017/172/840 2022/173/847 2021/173/808 2018/172/798
f 1953/172/1232 1958/173/1226 1957/173/761 1954/172/778
f 1985/172/797 1990/173/807 1989/173/1213 1986/172/1234
f 2113/172/1238 2118/173/1210 2117/173/974 2114/172/963
