# File generated by ImageToStl.com - Free Image and 3D model conversion tools

mtllib SlothSword.mtl

o obj1
v 23.36966896 -191.50154114 100.29681396
v 12.12193775 -188.18862915 78.76628113
v 11.68483448 -171.87492371 95.54178619
v 19.95760727 -69.97966766 312.50610352
v 9.97880363 -49.5389328 308.41522217
v 20.91493416 29.7506485 575.04382324
v 10.45746708 52.17365265 565.71313477
v 12.77052879 109.43008423 815.23242188
v 25.54105759 86.54541016 820.54327393
v 16.7910347 147.69354248 1151.26074219
v 33.5820694 117.89138031 1154.96557617
v 33.50340271 124.16904449 1309.4230957
v 16.74544907 157.98908997 1464.5793457
v 33.49089813 126.62671661 1465.61315918
v 33.61242676 128.52279663 2272.54980469
v 16.79736137 161.90531921 2178.84057617
v 16.80621338 162.00488281 2273.44970703
v 33.81497955 140.08305359 4374.97460938
v 16.89367867 172.57380676 4099.32519531
v 16.90748978 174.13331604 4375.77685547
v 33.71759415 148.47340393 4622.01220703
v 16.82245636 185.78239441 4797.93066406
v 33.64491272 154.73498535 4806.37255859
v 33.43904495 168.16285706 4939.97412109
v 16.64589882 210.823349 5002.20117188
v 33.29179764 177.51982117 5013.26464844
v 16.54764748 224.10961914 5090.54150391
v 33.09529495 189.89602661 5101.07128906
v 32.8158989 207.42840576 5220.08056641
v 16.21743202 266.29666138 5296.41796875
v 32.43486404 230.49754333 5306.51220703
v 31.00593185 316.20620728 5558.20556641
v 16.02691269 289.30496216 5381.98291016
v 15.50296593 349.34799194 5544.34472656
v 14.90660477 417.30484009 5685.31982422
v 29.81320953 387.06546021 5706.87792969
v 14.1181097 511.4666748 5847.86181641
v 28.23621941 480.37667847 5869.38476562
v 0 582.33178711 5903.30664062
v 13.73077488 552.05072021 5920.79931641
v 33.50678635 128.40390015 1709.03625488
v 16.75702667 161.44934082 1747.75805664
v 33.51405334 128.4120636 1747.7935791
v 33.54109955 128.44252014 1892.06237793
v 16.77054977 161.60192871 1892.2878418
v 33.55130768 128.45401001 1946.52209473
v 16.77565384 161.65983582 1946.84594727
v 33.58190155 128.48841858 2109.69726562
v 16.78316307 161.74467468 2027.10021973
v 16.79095078 161.83258057 2110.31616211
v 33.59472275 128.50288391 2178.09765625
v 33.66683578 131.66503906 2840.64453125
v 16.83341789 165.2940979 2841.5246582
v 33.74749756 136.28207397 3679.08764648
v 16.87374878 170.13700867 3679.95751953
v 33.78735733 138.61938477 4098.4609375
v 16.85879707 180.81636047 4617.61669922
v 16.71952248 201.23696899 4929.20654297
v 20.26753044 -326.48071289 1056.03442383
v 16.56944084 -362.03860474 1213.60705566
v 16.41122437 -348.5423584 1036.19006348
v 35.91308212 -10.89999485 1738.60095215
v 35.80374527 -4.09367943 1780.20935059
v 35.63195038 7.11151028 1891.7232666
v 35.52825546 13.84729862 1956.52734375
v 35.33852005 26.45542145 2100.66674805
v 33.56632614 128.47090149 2026.63098145
v 35.25822449 31.96386719 2177.21557617
v 35.25552368 33.33495712 2286.73828125
v 35.48311615 26.15471268 2830.18457031
v 35.36299515 42.54775238 3679.91894531
v 35.46704483 41.16018295 4099.265625
v 35.6361618 34.48851013 4382.61816406
v 35.72586823 31.95330811 4623.390625
v 35.9257164 22.49276733 4816.03857422
v 36.08508301 14.98707294 4973.14453125
v 35.59183121 44.467556 5050.54345703
v 35.07410431 75.49814606 5139.63964844
v 34.42000198 114.76725006 5258.03417969
v 33.89236069 146.31292725 5341.74023438
v 33.36472702 177.85858154 5425.44482422
v 32.06090546 255.37278748 5592.88085938
v 30.70840263 335.58114624 5748.49658203
v 34.89526749 62.09086609 6008.00292969
v 33.12010956 200.60939026 6197.04443359
v 33.58335876 174.1040802 6230.93505859
v 29.15381432 427.55001831 5907.20263672
v 27.46154976 521.76959229 5938.29296875
v 28.39709282 467.89916992 5975.92431641
v 19.88080788 -282.50619507 491.89035034
v 16.04738617 -314.76367188 642.40460205
v 15.75023937 -291.47259521 488.40182495
v 30.93493271 325.16693115 5994.77734375
v 29.32853127 415.71377563 6010.65869141
v 30.13092232 365.83493042 6048.86523438
v 31.59884834 284.37182617 5790.11035156
v 30.0670948 374.97384644 5945.01708984
v 33.86351776 151.51423645 5659.83496094
v 32.23405838 247.92579651 5827.40039062
v 35.61809158 47.81713104 5490.01123047
v 33.1107254 194.83872986 5627.55126953
v 37.20924377 -46.25835419 5332.67138672
v 35.34408951 62.46346283 5376.96142578
v 36.41366577 0.77938843 5411.34179688
v 38.51840591 -123.52936554 5215.09863281
v 37.88539124 -88.20884705 5087.81347656
v 37.04666901 -38.53736496 5178.19873047
v 39.4807663 -180.49940491 5113.52929688
v 38.72441864 -137.79927063 5006.30761719
v 39.33559418 -175.21347046 4830.52490234
v 40.54372787 -243.11573792 5029.18896484
v 38.72716904 -142.18238831 4625.44482422
v 38.19999695 -109.37102509 4825.69775391
v 38.35699463 -123.26764679 4394.07128906
v 37.72779846 -84.19862366 4624.76220703
v 37.97359085 -104.2755127 4100.46972656
v 37.45113373 -70.74510956 4390.25585938
v 37.77339935 -97.30857086 3681.1640625
v 37.38508606 -70.1290741 4100.18505859
v 37.58444214 -95.84336853 2824.48535156
v 37.30185318 -69.94843292 3680.91870117
v 44.43403625 -70.22211456 2176.75244141
v 37.03903198 -72.32115936 2091.63623047
v 36.91394043 -64.12295532 2176.33398438
v 43.20635986 -66.78113556 2300.40869141
v 36.89083099 -61.40072632 2300.92700195
v 38.30551529 -143.58869934 2292.13061523
v 37.36820984 -108.54998779 2809.19238281
v 37.87771988 -112.94128418 2817.31201172
v 37.67869949 -84.11458588 2812.41796875
v 37.29085159 -78.85997772 2819.72363281
v 43.27199936 -149.3276825 2181.50976562
v 38.50226593 -156.22813416 2181.89160156
v 17.02347183 -398.69543457 1605.06066895
v 0 -424.38980103 1603.89343262
v 0 -397.80419922 1603.88232422
v 43.83703613 -166.51051331 2103.33056641
v 38.79179001 -173.8895874 2104.2409668
v 37.7614212 -123.60157776 1247.38696289
v 35.59349823 3.63568783 1377.05004883
v 37.86787033 -127.62513733 1441.5859375
v 37.66624069 -119.05530548 1159.30407715
v 35.70845795 -4.97687721 1201.93408203
v 39.67862701 -229.91319275 1692.82189941
v 38.18832016 -143.9092865 1649.96179199
v 38.97769547 -188.87345886 1725.83117676
v 35.77839279 -5.00324774 1565.53271484
v 33.49952316 128.39573669 1670.27893066
v 35.87174225 -9.059762 1688.1965332
v 16.74976158 161.36468506 1670.06115723
v 42.60459518 -257.79162598 1328.51025391
v 20.31314087 -338.52005005 1236.09729004
v 35.17185593 -245.1751709 1325.36315918
v 16.75170135 153.80046082 1307.55615234
v 37.67534637 -123.94475555 765.99768066
v 37.6181488 -122.20694733 623.43212891
v 36.72060013 -68.9018631 733.6829834
v 38.62686157 -178.85749817 793.18731689
v 36.68131256 -63.84500504 984.11218262
v 37.53623962 -112.85570526 1038.08703613
v 48.6096611 -125.91947174 1119.14855957
v 37.6262207 -117.14382172 1122.26831055
v 36.30392075 -40.78224182 1089.02697754
v 43.63763428 -240.85658264 1125.38635254
v 26.8240757 -340.76876831 1041.03198242
v 44.98521423 -134.61077881 1438.54138184
v 38.8598671 -185.84054565 1382.77050781
v 35.83098221 -257.78109741 1547.88098145
v 20.77201653 -373.42053223 1617.33898926
v 20.67625427 -359.26010132 1457.5489502
v 47.08098221 -148.56575012 1813.45056152
v 38.43609238 -156.96572876 1769.11193848
v 38.08564377 -136.14727783 1812.62475586
v 32.52106476 -323.83572388 1823.74804688
v 20.58287811 -402.92956543 1804.11621094
v 19.257761 -410.90255737 1751.0456543
v 38.63803864 -271.14782715 1888.75537109
v 32.56579208 -332.23077393 1897.55285645
v 41.17591095 -250.24066162 2121.81787109
v 39.22222519 -199.64604187 2033.96374512
v 40.76107025 -225.55436707 2177.21459961
v 40.48906326 -208.62712097 2280.32641602
v 40.17372131 -184.18511963 2834.32250977
v 38.21925354 -123.17764282 3681.3918457
v 40.53767395 -195.90402222 3682.05029297
v 38.61091995 -141.25456238 4100.77392578
v 41.05618286 -221.30996704 4104.25439453
v 39.26259613 -175.77534485 4397.88183594
v 41.7096405 -256.03097534 4392.63427734
v 39.72626495 -200.14988708 4626.12255859
v 42.349823 -290.56427002 4628.42822266
v 40.47087097 -241.03768921 4835.34521484
v 43.19185638 -337.1048584 4837.71826172
v 42.2491684 -341.84078979 5050.63623047
v 44.74470901 -424.88204956 5047.92675781
v 42.56166077 -358.79559326 5156.86376953
v 41.0127182 -269.12722778 5137.63427734
v 42.16483688 -334.7177124 5251.67089844
v 40.17606735 -219.05441284 5275.07666016
v 38.54930115 -123.34983826 5392.98339844
v 38.23510361 -103.70030212 5520.80371094
v 39.19917297 -161.05056763 5393.87158203
v 37.69506836 -70.83686066 5658.45410156
v 34.64600372 106.67266846 5710.72949219
v 35.82211304 39.41282272 5799.72460938
v 32.88824081 210.58724976 5883.51708984
v 34.4913559 118.54972076 5972.55175781
v 30.13443375 405.53887939 6121.72070312
v 31.24736023 322.67593384 6336.89111328
v 39.41151047 -227.40237427 521.45391846
v 35.16902161 -253.09342957 715.77648926
v 36.27499771 -246.91867065 505.73693848
v 31.28148842 305.8086853 6062.53369141
v 38.76289749 -182.32891846 1191.98718262
v 35.57317734 -238.91804504 1134.79614258
v 48.69366837 -127.82315063 1155.88525391
v 48.01432419 -184.94024658 799.48693848
v 48.41794205 -121.63227844 1035.41943359
v 14.08899689 -255.16725159 57.99526215
v 8.12761593 -205.88453674 63.823349
v 20.41183472 -218.77008057 78.57440186
v 40.36745834 -264.5418396 2174.58398438
v 0 -308.64736938 2105.97241211
v 41.11247635 -308.53408813 2105.98120117
v 16.8579731 -384.82806396 1434.78894043
v 0 -384.79867554 1433.4987793
v 0 62.18868256 6007.9921875
v 29.84046555 -357.33764648 1882.22424316
v 0 -325.90927124 1944.38623047
v 0 -357.57818604 1881.82214355
v 47.24630356 -168.53269958 1770.20947266
v 0 366.25924683 6048.85351562
v 0 405.96200562 6121.70800781
v 12.63770199 -422.68548584 1798.25256348
v 0 -421.89712524 1797.56445312
v 42.16133499 -341.41125488 4629.72509766
v 0 -391.30441284 4839.05224609
v 0 -341.54745483 4629.72363281
v 41.42189026 -301.16491699 4389.68359375
v 0 -301.27368164 4389.68066406
v 43.05816269 -391.13079834 4839.05224609
v 0 -480.206604 5067.61523438
v 40.76742554 -266.33123779 4106.21191406
v 0 -266.42294312 4106.20654297
v 0 -360.871521 1212.12731934
v 0 -347.625 1035.01245117
v 11.43059635 -419.37182617 1738.58996582
v 0 -418.48220825 1738.43054199
v 0 294.09558105 6413.43652344
v 31.52776718 293.88214111 6413.45068359
v 0 521.49194336 5938.29785156
v 0 174.24604797 6230.92382812
v 40.1775856 -236.8036499 3682.42016602
v 0 -236.87261963 3682.41455078
v 39.80102158 -224.25097656 2843.88891602
v 0 -224.29481506 2843.88232422
v 40.0531311 -245.20320129 2273.68823242
v 0 -245.25827026 2273.67993164
v 43.17686844 -258.05560303 723.16748047
v 39.25237274 -215.59196472 753.74951172
v 47.99119949 -220.16169739 761.48114014
v 0 -264.61398315 2174.57617188
v 0 -314.6451416 642.28747559
v 0 -290.10559082 487.86508179
v 42.66591644 -363.85940552 5245.77441406
v 0 -381.56219482 5161.70849609
v 42.95192337 -381.3878479 5161.70849609
v 0 -327.48040771 649.22265625
v 18.47700691 -404.91149902 1409.33813477
v 0 -403.94076538 1408.49511719
v 44.63300323 -479.98062134 5067.61328125
v 43.86893463 -127.30661774 1236.56347656
v 47.91712952 -186.61732483 1177.67175293
v 0 416.17703247 6010.64501953
v 0 -315.18557739 469.90704346
v 29.42277527 -315.17242432 470.65966797
v 50.50268173 -123.90794373 609.26971436
v 38.32842255 -163.91543579 578.94702148
v 51.04719543 -165.66271973 566.1605835
v 52.44390488 -13.18112755 921.41455078
v 49.79729462 -68.22357941 726.69293213
v 55.58706665 -208.69898987 524.7947998
v 57.32282257 -230.77864075 512.48327637
v 54.9291687 -251.13450623 497.96218872
v 34.55589294 -302.28488159 476.1539917
v 52.73769379 39.41666794 1054.91174316
v 34.30692291 75.29632568 1106.86071777
v 34.96871185 36.30642319 1053.8157959
v 35.82073593 -14.55236626 925.9708252
v 41.34934616 -221.34228516 159.4772644
v 36.0667038 -127.28916931 315.5300293
v 44.06826401 -182.18998718 317.65713501
v 46.79514313 -208.19096375 319.22039795
v 23.33140564 -274.90710449 138.86686707
v 21.55490303 -263.21353149 98.89912415
v 26.11668396 -269.91488647 140.42288208
v 28.73589134 -284.71194458 323.71066284
v 37.17144012 -250.10090637 146.59811401
v 36.99462509 -223.2565918 119.59308624
v 42.12220383 -234.65615845 152.96290588
v 6.2316761 -260.42279053 15.40188217
v 0 -265.38769531 53.28106689
v 0 -259.10354614 4.22E-05
v 0 -297.27420044 323.64089966
v 0 -275.50195312 139.0377655
v 12.4959383 -264.33761597 52.81033325
v 0 -270.44482422 96.15940857
v 19.09122658 -268.85162354 96.16131592
v 31.3332119 -240.83598328 109.76490021
v 24.2438755 -204.88754272 88.64329529
v 36.45510864 -207.78466797 130.54316711
v 39.03830338 -205.60191345 534.45513916
v 0 468.11117554 5975.91845703
v 34.6700325 102.47489166 5457.94042969
v 35.42736435 20.52199173 2030.49414062
v 37.43762207 -96.87213898 1963.40063477
v 37.7150116 -113.76735687 1891.3848877
v 24.73940468 -297.63516235 324.38400269
v 0 -366.27545166 1013.38391113
v 25.58080482 -367.40744019 1014.4833374
v 36.0342598 -24.56748199 1140.15771484
v 24.33753777 -315.28231812 661.92175293
v 19.89557648 -305.98937988 655.43444824
v 31.96798515 -351.66049194 1009.5836792
v 25.54905319 -366.07901001 998.76904297
v 25.38397598 -359.59356689 917.87225342
v 31.75886917 -345.12554932 924.61132812
v 25.50668716 -364.41027832 977.95452881
v 63.44390488 -187.3513031 1002.68743896
v 57.32931519 -243.97550964 1046.14404297
v 57.06079102 -239.05738831 974.04595947
v 63.88448334 -193.78787231 1112.9317627
v 57.44466019 -245.78890991 1075.19421387
v 0 -364.86663818 997.67230225
v 19.59090805 -327.13327026 649.78497314
v 0 -358.28039551 916.66607666
v 0 -363.16610718 976.75671387
v 31.91092682 -349.96264648 987.11169434
v 24.7427063 -342.78860474 1245.92663574
v 17.90677643 -375.31787109 1214.3203125
v 48.52672958 -198.17044067 1381.82177734
v 41.87927246 -262.61590576 1535.49035645
v 0 -376.34518433 1213.84423828
v 44.99308777 -150.73361206 1639.24865723
v 46.89029312 -208.89358521 1586.1373291
v 26.72110176 -363.0105896 1444.88256836
v 47.04605484 -232.78205872 1702.01989746
v 47.24691391 -196.80133057 1731.61010742
v 41.97610474 -276.18450928 1677.07446289
v 35.64996719 -273.10458374 1666.07202148
v 44.54407501 -222.13066101 1958.98852539
v 41.83081818 -214.98425293 1996.03076172
v 43.38258743 -232.58178711 1958.39074707
v 16.75339317 161.40701294 1708.9095459
v 46.6210289 -124.16118622 1891.29211426
v 39.17567825 -201.76022339 1599.73327637
v 63.75229263 -191.94395447 1080.25085449
v 44.59791183 -233.41976929 321.03579712
v 44.74111176 -259.47976685 1888.97546387
v 46.11774063 -106.65950775 1963.92211914
v 37.50006866 -96.02431488 2813.49194336
v 0 -427.63522339 1735.84301758
v 16.92172432 -427.42886353 1735.97119141
v 39.92380905 -318.3878479 1822.02380371
v 45.16912842 -79.76165771 2092.51538086
v 37.21424866 -83.15005493 2031.96118164
v 37.58952332 -66.81947327 5468.43115234
v 36.62974167 -10.28910351 5543.87646484
v 42.75644302 -101.69848633 2296.40209961
v 43.85886383 -109.45601654 2178.99951172
v 44.49404907 -123.84450531 2097.83276367
v 45.61622238 -91.81918335 2032.75244141
v 44.88705063 -142.68983459 2034.05822754
v 45.30529785 -165.57688904 1962.3260498
v 45.6801796 -192.0118866 1889.95935059
v 45.88454819 -230.12510681 1818.19494629
v 46.1138382 -254.20225525 1763.15112305
v 40.70761108 -298.01681519 1745.96179199
v 21.55084991 -405.48458862 1753.28918457
v 22.02467346 -400.74154663 1683.33935547
v 17.705019 -426.20462036 1605.00305176
v 0 -423.98809814 1666.35595703
v 17.31744766 -426.62335205 1667.56176758
v 22.58952713 -396.01339722 1619.50732422
v 44.20442963 -191.22117615 2034.04077148
v 42.29128647 -137.38526917 2292.82470703
v 39.36268234 -171.20211792 5334.03076172
v 37.86382294 -84.89385223 5273.88427734
v 36.53240585 -8.04265976 5237.09033203
v 34.74704742 95.13270569 5198.83691406
v 40.70782089 -266.81872559 5353.29443359
v 0 -364.02459717 5245.77392578
v 40.43711472 -233.71124268 5319.37744141
v 32.95560074 198.66220093 5160.57666016
v 16.47780037 233.69897461 5150.69726562
v 32.05382538 253.56672668 5392.94384766
v 16.40794945 243.28840637 5210.85205078
v 36.01813507 22.45204926 5295.98144531
v 39.36291122 -209.60517883 5427.36474609
v 0 -266.92086792 5353.29248047
v 0 279.14834595 5201.62353516
v 0 325.04321289 5371.02294922
v 0 268.73574829 5140.81738281
v 0 -192.38566589 48.90291595
v 0 -171.48970032 68.88925934
v 0 194.41015625 1708.7833252
v 6.61323071 -249.44709778 25.14652252
v 0 183.43183899 1305.68884277
v 0 189.35150146 1463.54602051
v 0 194.33366394 1669.84362793
v 0 234.31111145 4918.44042969
v 0 213.15931702 4613.22167969
v 0 203.99198914 3680.82714844
v 0 206.52819824 4100.18945312
v 0 198.92321777 2842.40478516
v 0 195.48698425 2274.35009766
v 0 195.17677307 2110.93530273
v 0 195.30778503 2179.58325195
v 0 195.01849365 2027.56860352
v 0 194.76135254 1892.51330566
v 0 194.86569214 1947.1697998
v 0 194.4866333 1747.72302246
v 0 542.55657959 5826.33935547
v 0 447.54431152 5663.76123047
v 0 382.48977661 5530.48388672
v 0 302.09576416 5286.32324219
v 0 258.32321167 5080.01123047
v 0 244.12687683 4991.13671875
v 0 216.82980347 4789.48925781
v 0 208.18357849 4376.57958984
v 0 177.49569702 1147.5559082
v 0 132.31477356 809.92126465
v 0 -29.09819031 304.32434082
v 0 74.59667206 556.38275146
v 0 -152.24835205 90.78714752
v 16.77920914 161.70002747 1984.84228516
v 0 194.93804932 1985.23449707
v 44.38723755 -205.58299255 1996.74645996
v 45.09666824 -153.46705627 1999.05236816
v 45.86128998 -98.76503754 1999.53613281
v 37.31716156 -89.48908234 1998.83654785
v 35.47637558 17.26491165 1993.24719238
v 39.2427597 -310.90048218 2007.59619141
v 0 -310.95056152 2007.48388672
v 33.80635452 -325.60610962 1944.65026855
v 36.1781311 -303.40084839 1955.02160645
v 39.23862457 -288.51077271 2012.90246582
v 33.55841827 128.46200562 1984.44934082
v 0 -245.67668152 9.84195805
v 38.39775848 -146.26226807 5544.125
v 37.96347809 -86.09205627 5687.32177734
v 0 322.93161011 6336.87597656
v 36.11843491 -18.03577805 5842.39892578
v 54.04924011 -274.73287964 2158.69189453
v 53.68679047 -236.8036499 3682.42016602
v 50.43774796 -213.59692383 2841.3449707
v 50.81095886 -225.92784119 3682.32177734
v 51.17223358 -263.78173828 2159.19042969
v 51.38182831 -254.35945129 4105.69091797
v 54.27662659 -266.33123779 4106.21191406
v 52.03603363 -289.16317749 4390.46875
v 57.83724976 -462.77481079 5023.35205078
v 56.56736374 -391.13079834 4839.05224609
v 52.74907303 -327.89031982 4629.38085938
v 54.91692352 -449.33111572 5021.97314453
v 55.67053986 -341.41125488 4629.72509766
v 53.63134003 -376.76452637 4838.69775391
v 54.93110275 -301.16491699 4389.68359375
v 53.31022263 -224.25097656 2843.88891602
v 50.7066803 -235.47712708 2275.45336914
v 53.56233215 -245.20320129 2273.68823242
v 51.00974274 -254.17451477 2175.28344727
v 53.87665558 -264.5418396 2174.58398438
v 0 -17.9796524 5842.38964844
v 0 -209.66009521 5427.36083984
v 0 -86.10040283 5687.31542969
v 0 -146.2842865 5544.11816406
v -12.12193775 -188.18862915 78.76628113
v -23.36966896 -191.50154114 100.29681396
v -11.68483448 -171.87492371 95.54178619
v -19.95760727 -69.97966766 312.50610352
v -9.97880363 -49.5389328 308.41522217
v -20.91493416 29.7506485 575.04382324
v -10.45746708 52.17365265 565.71313477
v -12.77052879 109.43008423 815.23242188
v -25.54105759 86.54541016 820.54327393
v -16.7910347 147.69354248 1151.26074219
v -33.58207321 117.89138031 1154.96557617
v -16.74544907 157.98908997 1464.5793457
v -33.50340271 124.16904449 1309.4230957
v -33.49089813 126.62671661 1465.61315918
v -16.79736137 161.90531921 2178.84057617
v -33.61242676 128.52279663 2272.54980469
v -16.80621338 162.00488281 2273.44970703
v -16.89367867 172.57380676 4099.32519531
v -33.81497955 140.08305359 4374.97460938
v -16.90748978 174.13331604 4375.77685547
v -16.82245636 185.78239441 4797.93066406
v -33.71759415 148.47340393 4622.01220703
v -33.64491272 154.73498535 4806.37255859
v -16.64589882 210.823349 5002.20117188
v -33.43904495 168.16285706 4939.97412109
v -33.29179764 177.51982117 5013.26464844
v -16.54764748 224.10961914 5090.54150391
v -33.09529495 189.89602661 5101.07128906
v -16.21743202 266.29666138 5296.41796875
v -32.8158989 207.42840576 5220.08056641
v -32.43486404 230.49754333 5306.51220703
v -16.02691269 289.30496216 5381.98291016
v -31.00593185 316.20620728 5558.20556641
v -15.50296593 349.34799194 5544.34472656
v -14.90660477 417.30484009 5685.31982422
v -29.81320953 387.06546021 5706.87792969
v -14.1181097 511.4666748 5847.86181641
v -28.23621941 480.37667847 5869.38476562
v -13.73077488 552.05072021 5920.79931641
v -16.75702667 161.44934082 1747.75805664
v -33.50678635 128.40390015 1709.03625488
v -33.51405334 128.4120636 1747.7935791
v -33.54109955 128.44252014 1892.06237793
v -16.77054977 161.60192871 1892.2878418
v -33.55130768 128.45401001 1946.52209473
v -16.77565384 161.65983582 1946.84594727
v -16.78316307 161.74467468 2027.10021973
v -33.58190155 128.48841858 2109.69726562
v -16.79095078 161.83258057 2110.31616211
v -33.59472275 128.50288391 2178.09765625
v -33.66683578 131.66503906 2840.64453125
v -16.83341789 165.2940979 2841.5246582
v -33.74749756 136.28207397 3679.08764648
v -16.87374878 170.13700867 3679.95751953
v -33.78735733 138.61938477 4098.4609375
v -16.85879707 180.81636047 4617.61669922
v -16.71952248 201.23696899 4929.20654297
v -16.56944084 -362.03860474 1213.60705566
v -20.26753044 -326.48071289 1056.03442383
v -16.41122437 -348.5423584 1036.19006348
v -35.91308212 -10.89999485 1738.60095215
v -35.80374527 -4.09367943 1780.20935059
v -35.63195038 7.11151028 1891.7232666
v -35.52825546 13.84729862 1956.52734375
v -33.56632614 128.47090149 2026.63098145
v -35.33852005 26.45542145 2100.66674805
v -35.25822449 31.96386719 2177.21557617
v -35.25552368 33.33495712 2286.73828125
v -35.48311615 26.15471268 2830.18457031
v -35.36299515 42.54775238 3679.91894531
v -35.46704483 41.16018295 4099.265625
v -35.6361618 34.48851013 4382.61816406
v -35.72586823 31.95330811 4623.390625
v -35.9257164 22.49276733 4816.03857422
v -36.08508301 14.98707294 4973.14453125
v -35.59183121 44.467556 5050.54345703
v -35.07410431 75.49814606 5139.63964844
v -34.42000198 114.76725006 5258.03417969
v -33.89236069 146.31292725 5341.74023438
v -33.36472702 177.85858154 5425.44482422
v -32.06090546 255.37278748 5592.88085938
v -30.70840263 335.58114624 5748.49658203
v -33.12010956 200.60939026 6197.04443359
v -34.89526749 62.09086609 6008.00292969
v -33.58335876 174.1040802 6230.93505859
v -27.46154976 521.76959229 5938.29296875
v -29.15381432 427.55001831 5907.20263672
v -28.39709282 467.89916992 5975.92431641
v -16.04738617 -314.76367188 642.40460205
v -19.88080788 -282.50619507 491.89035034
v -15.75023937 -291.47259521 488.40182495
v -29.32853127 415.71377563 6010.65869141
v -30.93493271 325.16693115 5994.77734375
v -30.13092232 365.83493042 6048.86523438
v -31.59884834 284.37182617 5790.11035156
v -30.0670948 374.97384644 5945.01708984
v -33.86351776 151.51423645 5659.83496094
v -32.23405838 247.92579651 5827.40039062
v -33.1107254 194.83872986 5627.55126953
v -35.61809158 47.81713104 5490.01123047
v -35.34408951 62.46346283 5376.96142578
v -37.20924377 -46.25835419 5332.67138672
v -36.41366577 0.77938843 5411.34179688
v -37.88539124 -88.20884705 5087.81347656
v -38.51840591 -123.52936554 5215.09863281
v -37.04666901 -38.53736496 5178.19873047
v -38.72441864 -137.79927063 5006.30761719
v -39.4807663 -180.49940491 5113.52929688
v -39.33559418 -175.21347046 4830.52490234
v -40.54372787 -243.11573792 5029.18896484
v -38.19999695 -109.37102509 4825.69775391
v -38.72716904 -142.18238831 4625.44482422
v -37.72779846 -84.19862366 4624.76220703
v -38.35699463 -123.26764679 4394.07128906
v -37.45113373 -70.74510956 4390.25585938
v -37.97359085 -104.2755127 4100.46972656
v -37.38508606 -70.1290741 4100.18505859
v -37.77339935 -97.30857086 3681.1640625
v -37.30185318 -69.94843292 3680.91870117
v -37.58444214 -95.84336853 2824.48535156
v -37.03903198 -72.32115936 2091.63623047
v -44.43403625 -70.22211456 2176.75244141
v -36.91394043 -64.12295532 2176.33398438
v -43.20635986 -66.78113556 2300.40869141
v -36.89083099 -61.40072632 2300.92700195
v -37.36820984 -108.54998779 2809.19238281
v -38.30551529 -143.58869934 2292.13061523
v -37.87771988 -112.94128418 2817.31201172
v -37.67869949 -84.11458588 2812.41796875
v -37.29085159 -78.85997772 2819.72363281
v -43.27199936 -149.3276825 2181.50976562
v -38.50226593 -156.22813416 2181.89160156
v -17.02347183 -398.69543457 1605.06066895
v -43.83703613 -166.51051331 2103.33056641
v -38.79179001 -173.8895874 2104.2409668
v -35.59350204 3.63568783 1377.05004883
v -37.62854767 -115.92401123 1244.44506836
v -37.86787033 -127.62513733 1441.5859375
v -35.70845795 -4.97687721 1201.93408203
v -37.56061935 -112.93991852 1158.06481934
v -38.18832016 -143.9092865 1649.96179199
v -39.67862701 -229.91319275 1692.82189941
v -38.97769547 -188.87345886 1725.83117676
v -33.49952316 128.39573669 1670.27893066
v -35.77839279 -5.00324774 1565.53271484
v -35.87174225 -9.059762 1688.1965332
v -16.74976158 161.36468506 1670.06115723
v -20.31314087 -338.52005005 1236.09729004
v -42.60459518 -257.79162598 1328.51025391
v -35.17185593 -245.1751709 1325.36315918
v -16.75170135 153.80046082 1307.55615234
v -37.6181488 -122.20694733 623.43212891
v -37.67534637 -123.94475555 765.99768066
v -36.72060013 -68.9018631 733.6829834
v -36.68131256 -63.84500504 984.11218262
v -38.62686157 -178.85749817 793.18731689
v -37.53623962 -112.85570526 1038.08703613
v -48.6096611 -125.91947174 1119.14855957
v -37.62622452 -117.14382172 1122.26831055
v -36.30392075 -40.78224182 1089.02697754
v -43.63763428 -240.85658264 1125.38635254
v -26.8240757 -340.76876831 1041.03198242
v -38.8598671 -185.84054565 1382.77050781
v -44.98521423 -134.61077881 1438.54138184
v -20.77201653 -373.42053223 1617.33898926
v -35.83098221 -257.78109741 1547.88098145
v -20.67625427 -359.26010132 1457.5489502
v -38.43609238 -156.96572876 1769.11193848
v -47.08098221 -148.56575012 1813.45056152
v -38.08564377 -136.14727783 1812.62475586
v -20.58287811 -402.92956543 1804.11621094
v -32.52106476 -323.83572388 1823.74804688
v -19.257761 -410.90255737 1751.0456543
v -32.56579208 -332.23077393 1897.55285645
v -38.63803864 -271.14782715 1888.75537109
v -39.22222519 -199.64604187 2033.96374512
v -41.17591095 -250.24066162 2121.81787109
v -40.76107025 -225.55436707 2177.21459961
v -40.48906326 -208.62712097 2280.32641602
v -40.17372131 -184.18511963 2834.32250977
v -38.21925354 -123.17764282 3681.3918457
v -40.53767395 -195.90402222 3682.05029297
v -38.61091995 -141.25456238 4100.77392578
v -41.05618286 -221.30996704 4104.25439453
v -39.26259613 -175.77534485 4397.88183594
v -41.7096405 -256.03097534 4392.63427734
v -39.72626495 -200.14988708 4626.12255859
v -42.349823 -290.56427002 4628.42822266
v -40.47087097 -241.03768921 4835.34521484
v -43.19185638 -337.1048584 4837.71826172
v -42.2491684 -341.84078979 5050.63623047
v -44.74470901 -424.88204956 5047.92675781
v -42.56166077 -358.79559326 5156.86376953
v -41.0127182 -269.12722778 5137.63427734
v -42.16483688 -334.7177124 5251.67089844
v -40.17606735 -219.05441284 5275.07666016
v -38.23510361 -103.70030212 5520.80371094
v -38.54930115 -123.34983826 5392.98339844
v -39.19917297 -161.05056763 5393.87158203
v -34.64600372 106.67266846 5710.72949219
v -37.69506836 -70.83686066 5658.45410156
v -35.82211304 39.41282272 5799.72460938
v -32.88824081 210.58724976 5883.51708984
v -34.4913559 118.54972076 5972.55175781
v -30.13443375 405.53887939 6121.72070312
v -31.24736023 322.67593384 6336.89111328
v -35.16902161 -253.09342957 715.77648926
v -39.41151047 -227.40237427 521.45391846
v -36.27499771 -246.91867065 505.73693848
v -31.28148842 305.8086853 6062.53369141
v -38.76289749 -182.32891846 1191.98718262
v -35.57317734 -238.91804504 1134.79614258
v -48.69366837 -127.82315063 1155.88525391
v -48.01432419 -184.94024658 799.48693848
v -48.41794205 -121.63227844 1035.41943359
v -8.12761593 -205.88453674 63.823349
v -14.08899689 -255.16725159 57.99526215
v -20.41183472 -218.77008057 78.57440186
v -40.36745834 -264.5418396 2174.58398438
v -41.11247635 -308.53408813 2105.98120117
v -16.8579731 -384.82806396 1434.78894043
v -29.84046555 -357.33764648 1882.22424316
v -47.24630356 -168.53269958 1770.20947266
v -12.63770199 -422.68548584 1798.25256348
v -42.16133499 -341.41125488 4629.72509766
v -41.42189026 -301.16491699 4389.68359375
v -43.05816269 -391.13079834 4839.05224609
v -40.76742554 -266.33123779 4106.21191406
v -11.43059635 -419.37182617 1738.58996582
v -31.52776718 293.88214111 6413.45068359
v -36.11843491 -18.03577805 5842.39892578
v -40.1775856 -236.8036499 3682.42016602
v -39.80102158 -224.25097656 2843.88891602
v -40.0531311 -245.20320129 2273.68823242
v -39.25237274 -215.59196472 753.74951172
v -43.17686844 -258.05560303 723.16748047
v -47.99119949 -220.16169739 761.48114014
v -38.39775848 -146.26226807 5544.125
v -39.36291122 -209.60517883 5427.36474609
v -42.66591644 -363.85940552 5245.77441406
v -42.95192337 -381.3878479 5161.70849609
v -37.96347809 -86.09205627 5687.32177734
v -18.47700691 -404.91149902 1409.33813477
v -44.63300323 -479.98062134 5067.61328125
v -43.86893463 -127.30661774 1236.56347656
v -47.91712952 -186.61732483 1177.67175293
v -29.42277527 -315.17242432 470.65966797
v -38.32842255 -163.91543579 578.94702148
v -50.50268173 -123.90794373 609.26971436
v -51.04719543 -165.66271973 566.1605835
v -52.44390488 -13.18112755 921.41455078
v -49.79729462 -68.22357941 726.69293213
v -55.58706665 -208.69898987 524.7947998
v -57.32282257 -230.77864075 512.48327637
v -54.9291687 -251.13450623 497.96218872
v -34.55589294 -302.28488159 476.1539917
v -34.30692673 75.29632568 1106.86071777
v -52.73769379 39.41666794 1054.91174316
v -34.96871185 36.30642319 1053.8157959
v -35.82073593 -14.55236626 925.9708252
v -36.0667038 -127.28916931 315.5300293
v -41.34934616 -221.34228516 159.4772644
v -44.06826401 -182.18998718 317.65713501
v -46.79514313 -208.19096375 319.22039795
v -21.55490303 -263.21353149 98.89912415
v -23.33140564 -274.90710449 138.86686707
v -26.11668396 -269.91488647 140.42288208
v -28.73589134 -284.71194458 323.71066284
v -36.99462509 -223.2565918 119.59308624
v -37.17144012 -250.10090637 146.59811401
v -42.12220383 -234.65615845 152.96290588
v -6.2316761 -260.42279053 15.40188217
v -12.4959383 -264.33761597 52.81033325
v -19.09122658 -268.85162354 96.16131592
v -24.2438755 -204.88754272 88.64329529
v -31.3332119 -240.83598328 109.76490021
v -36.45510864 -207.78466797 130.54316711
v -39.03830338 -205.60191345 534.45513916
v -36.0342598 -24.56748199 1140.15771484
v -34.6700325 102.47489166 5457.94042969
v -35.42736435 20.52199173 2030.49414062
v -37.43762207 -96.87213898 1963.40063477
v -37.7150116 -113.76735687 1891.3848877
v -24.73940468 -297.63516235 324.38400269
v -25.58080482 -367.40744019 1014.4833374
v -24.33753777 -315.28231812 661.92175293
v -19.89557648 -305.98937988 655.43444824
v -31.96798515 -351.66049194 1009.5836792
v -25.54905319 -366.07901001 998.76904297
v -25.38397598 -359.59356689 917.87225342
v -31.75886917 -345.12554932 924.61132812
v -25.50668716 -364.41027832 977.95452881
v -57.32931519 -243.97550964 1046.14404297
v -63.44390488 -187.3513031 1002.68743896
v -57.06079102 -239.05738831 974.04595947
v -63.88448334 -193.78787231 1112.9317627
v -57.44466019 -245.78890991 1075.19421387
v -19.59090805 -327.13327026 649.78497314
v -31.91092682 -349.96264648 987.11169434
v -24.7427063 -342.78860474 1245.92663574
v -17.90677643 -375.31787109 1214.3203125
v -41.87927246 -262.61590576 1535.49035645
v -48.52672958 -198.17044067 1381.82177734
v -44.99308777 -150.73361206 1639.24865723
v -46.89029312 -208.89358521 1586.1373291
v -26.72110176 -363.0105896 1444.88256836
v -47.04605484 -232.78205872 1702.01989746
v -47.24691391 -196.80133057 1731.61010742
v -41.97610474 -276.18450928 1677.07446289
v -35.64996719 -273.10458374 1666.07202148
v -41.83081818 -214.98425293 1996.03076172
v -44.54407501 -222.13066101 1958.98852539
v -43.38258743 -232.58178711 1958.39074707
v -16.75339317 161.40701294 1708.9095459
v -46.6210289 -124.16118622 1891.29211426
v -39.17567825 -201.76022339 1599.73327637
v -63.75229263 -191.94395447 1080.25085449
v -44.59791183 -233.41976929 321.03579712
v -44.74111176 -259.47976685 1888.97546387
v -46.11774063 -106.65950775 1963.92211914
v -37.50006866 -96.02431488 2813.49194336
v -16.92172432 -427.42886353 1735.97119141
v -39.92380905 -318.3878479 1822.02380371
v -37.21424866 -83.15005493 2031.96118164
v -45.16912842 -79.76165771 2092.51538086
v -37.58952332 -66.81947327 5468.43115234
v -36.62974167 -10.28910351 5543.87646484
v -42.75644302 -101.69848633 2296.40209961
v -43.85886383 -109.45601654 2178.99951172
v -44.49404907 -123.84450531 2097.83276367
v -45.61622238 -91.81918335 2032.75244141
v -44.88705063 -142.68983459 2034.05822754
v -45.30529785 -165.57688904 1962.3260498
v -45.6801796 -192.0118866 1889.95935059
v -45.88454819 -230.12510681 1818.19494629
v -46.1138382 -254.20225525 1763.15112305
v -21.55084991 -405.48458862 1753.28918457
v -40.70761108 -298.01681519 1745.96179199
v -22.02467346 -400.74154663 1683.33935547
v -17.705019 -426.20462036 1605.00305176
v -17.31744766 -426.62335205 1667.56176758
v -22.58952713 -396.01339722 1619.50732422
v -44.20442963 -191.22117615 2034.04077148
v -42.29128647 -137.38526917 2292.82470703
v -39.36268234 -171.20211792 5334.03076172
v -37.86382294 -84.89385223 5273.88427734
v -36.53240585 -8.04265976 5237.09033203
v -34.74704742 95.13270569 5198.83691406
v -40.70782089 -266.81872559 5353.29443359
v -40.43711472 -233.71124268 5319.37744141
v -32.95560074 198.66220093 5160.57666016
v -16.47780037 233.69897461 5150.69726562
v -32.05382538 253.56672668 5392.94384766
v -16.40794945 243.28840637 5210.85205078
v -36.01813507 22.45204926 5295.98144531
v -6.61323071 -249.44709778 25.14652252
v -16.77920914 161.70002747 1984.84228516
v -44.38723755 -205.58299255 1996.74645996
v -45.09666824 -153.46705627 1999.05236816
v -45.86128998 -98.76503754 1999.53613281
v -37.31716156 -89.48908234 1998.83654785
v -35.47637558 17.26491165 1993.24719238
v -39.2427597 -310.90048218 2007.59619141
v -33.80635452 -325.60610962 1944.65026855
v -36.1781311 -303.40084839 1955.02160645
v -39.23862457 -288.51077271 2012.90246582
v -33.55841827 128.46200562 1984.44934082
v -54.04924011 -274.73287964 2158.69189453
v -53.68679047 -236.8036499 3682.42016602
v -50.43774796 -213.59692383 2841.3449707
v -50.81095886 -225.92784119 3682.32177734
v -51.17223358 -263.78173828 2159.19042969
v -51.38182831 -254.35945129 4105.69091797
v -54.27662659 -266.33123779 4106.21191406
v -52.03603363 -289.16317749 4390.46875
v -57.83724976 -462.77481079 5023.35205078
v -56.56736374 -391.13079834 4839.05224609
v -52.74907303 -327.89031982 4629.38085938
v -54.91692352 -449.33111572 5021.97314453
v -53.63134003 -376.76452637 4838.69775391
v -55.67053986 -341.41125488 4629.72509766
v -54.93110275 -301.16491699 4389.68359375
v -53.31022263 -224.25097656 2843.88891602
v -50.7066803 -235.47712708 2275.45336914
v -51.00974274 -254.17451477 2175.28344727
v -53.56233215 -245.20320129 2273.68823242
v -53.87665558 -264.5418396 2174.58398438
vn 0.88712 0.36473 -0.28282
vn 0.84576 0.33562 -0.4148
vn 0.85 0.428 -0.3071
vn 0.93471 0.32857 -0.13545
vn 0.8964 0.3997 -0.19157
vn 0.95335 0.28577 -0.09728
vn 0.91714 0.37966 -0.12131
vn 0.87906 0.46791 -0.09115
vn 0.93516 0.34482 -0.08104
vn 0.87271 0.4864 -0.04227
vn 0.96194 0.273 -0.01172
vn 0.96467 0.26332 -0.00832
vn 0.88184 0.47147 -0.00903
vn 0.96799 0.25094 -0.00388
vn 0.97112 0.23858 -0.00087
vn 0.89339 0.44928 -0.00055
vn 0.8937 0.44867 -0.00164
vn 0.9719 0.23537 -0.00384
vn 0.89528 0.4455 -0.00258
vn 0.89538 0.44526 -0.00677
vn 0.96927 0.24591 -0.0073
vn 0.88363 0.46681 -0.03593
vn 0.96966 0.24378 -0.01822
vn 0.97265 0.23086 -0.02543
vn 0.90089 0.42986 -0.06011
vn 0.97327 0.22772 -0.02973
vn 0.906 0.41843 -0.0638
vn 0.97456 0.22197 -0.0309
vn 0.97808 0.2044 -0.03967
vn 0.91648 0.38674 -0.10247
vn 0.97728 0.20572 -0.05112
vn 0.97888 0.19014 -0.07507
vn 0.9189 0.37671 -0.11712
vn 0.91852 0.36476 -0.15257
vn 0.92674 0.33375 -0.17252
vn 0.98101 0.17447 -0.08478
vn 0.93551 0.31046 -0.16866
vn 0.98252 0.16543 -0.08542
vn 0 0.99757 0.06965
vn 0.65455 0.57703 0.48846
vn 0.97051 0.24105 -0.00027
vn 0.89184 0.45235 -0.00047
vn 0.97054 0.24092 -0.00023
vn 0.97067 0.2404 -0.0003
vn 0.89236 0.45132 -0.00058
vn 0.97073 0.24019 -0.00028
vn 0.89256 0.45093 -0.00057
vn 0.97088 0.23955 -0.00029
vn 0.89285 0.45035 -0.00054
vn 0.89315 0.44977 -0.00056
vn 0.97095 0.23929 -0.00029
vn 0.97117 0.23839 -0.00143
vn 0.8942 0.44767 -0.00263
vn 0.97137 0.23755 -0.00143
vn 0.89496 0.44613 -0.00263
vn 0.97145 0.23723 -0.0014
vn 0.88738 0.46088 -0.01252
vn 0.89755 0.4378 -0.05225
vn 0.75043 -0.49921 0.43317
vn 0.81984 -0.3207 -0.47435
vn 0.20029 -0.84698 0.49245
vn 0.99985 0.01723 -0.00019
vn 0.99985 0.01723 -0.00019
vn 0.99985 0.01723 -0.00019
vn 0.99985 0.01723 -0.00019
vn 0.99985 0.01723 -0.00019
vn 0.9708 0.23988 -0.00027
vn 0.99985 0.01723 -0.00019
vn 0.99985 0.01723 -0.00019
vn 0.99985 0.01723 -0.00019
vn 0.99985 0.01723 -0.00019
vn 0.99985 0.01723 -0.00019
vn 0.99985 0.01723 -0.00019
vn 0.99985 0.01723 -0.00019
vn 0.99985 0.01723 -0.00019
vn 0.99985 0.01723 -0.00019
vn 0.99985 0.01723 -0.00019
vn 0.99985 0.01723 -0.00019
vn 0.99985 0.01723 -0.00019
vn 0.99985 0.01723 -0.00019
vn 0.99985 0.01723 -0.00019
vn 0.99985 0.01723 -0.00019
vn 0.99985 0.01723 -0.00019
vn 0.70688 -0.63232 0.317
vn 0.99988 0.01526 -0.0008
vn 0.69834 -0.61763 0.36174
vn 0.99985 0.0175 0.00019
vn 0.73207 0.48097 0.48243
vn 0.70244 0.40971 0.58199
vn 0.71506 -0.51641 0.47118
vn 0.67601 -0.5711 -0.46567
vn 0.29205 -0.7719 0.5647
vn 0.99984 0.01762 0.0002
vn 0.714 0.41543 0.56357
vn 0.88298 0.4608 0.08948
vn 0.99985 0.01723 -0.00019
vn 0.99985 0.01749 6E-05
vn 0.99985 0.01723 -0.00019
vn 0.99985 0.01723 -0.00019
vn 0.99985 0.01723 -0.00019
vn 0.99985 0.01723 -0.00019
vn 0.99985 0.01723 -0.00019
vn 0.99985 0.01723 -0.00019
vn 0.99985 0.01723 -0.00019
vn 0.99985 0.01723 -0.00019
vn 0.99985 0.01723 -0.00019
vn 0.99985 0.01723 -0.00019
vn 0.99985 0.01723 -0.00019
vn 0.99985 0.01723 -0.00019
vn 0.99985 0.01723 -0.00019
vn 0.99985 0.01723 -0.00019
vn 0.99985 0.01723 -0.00019
vn 0.99985 0.01723 -0.00019
vn 0.99985 0.01723 -0.00019
vn 0.99985 0.01723 -0.00019
vn 0.99985 0.01723 -0.00019
vn 0.99985 0.01723 -0.00019
vn 0.99985 0.01723 -0.00019
vn 0.99985 0.01723 -0.00019
vn 0.99989 0.01451 0.00031
vn 0.99985 0.01723 -0.00019
vn 0.90214 0.43099 -0.01987
vn 0.91583 0.39781 -0.05483
vn 0.90333 0.42826 -0.02429
vn 0.90761 0.4197 0.00958
vn 0.90769 0.41962 0.00473
vn 0.96194 -0.27186 0.02772
vn 0.99908 0.0403 -0.01484
vn 0.99946 0.03155 -0.00942
vn 0.99948 0.03044 0.01018
vn 0.99967 0.02476 0.0066
vn 0.95493 -0.29188 0.05406
vn 0.9561 -0.28832 0.0524
vn 0.80848 -0.30617 -0.50261
vn -0 -0.66994 -0.74242
vn 0 -0.70486 -0.70935
vn 0.9558 -0.28127 0.08565
vn 0.95614 -0.27961 0.08727
vn 0.99718 0.04147 0.06263
vn 0.99985 0.01723 -0.00019
vn 0.94567 0.31698 -0.07233
vn 0.89819 0.43916 0.01967
vn 0.99985 0.01723 -0.00019
vn 0.9501 0.14456 -0.27642
vn 0.99667 0.04841 0.06557
vn 0.94545 0.24298 -0.217
vn 0.99985 0.01723 -0.00019
vn 0.97033 0.24177 -0.00122
vn 0.99985 0.01723 -0.00019
vn 0.89106 0.45386 -0.00408
vn 0.95974 0.09805 -0.26323
vn 0.98295 0.00973 -0.18359
vn 0.9528 0.14761 -0.26528
vn 0.87131 0.49043 -0.01729
vn 0.99985 0.01723 -0.00019
vn 0.81621 -0.49736 0.29401
vn 0.76919 -0.60194 0.21451
vn 0.93331 0.31271 -0.17645
vn 0.99985 0.01723 -0.00019
vn 0.91243 0.40787 -0.03336
vn 0.85009 0.52602 0.02525
vn 0.89916 0.43709 0.02132
vn 0.99985 0.01723 -0.00019
vn 0.74909 -0.49155 0.44412
vn 0.58483 -0.58939 0.55731
vn 0.80991 0.51256 -0.28518
vn 0.89948 0.29842 -0.3192
vn 0.88265 -0.37098 0.28862
vn 0.97751 -0.05067 -0.2047
vn 0.89609 -0.3635 0.25473
vn 0.94613 0.30181 -0.11724
vn 0.94498 0.28829 -0.15462
vn 0.94998 0.29399 -0.10534
vn 0.84086 -0.43139 0.32689
vn 0.95666 -0.28658 0.0517
vn 0.79315 -0.55471 0.25142
vn 0.94189 -0.30037 0.15043
vn 0.99462 -0.09965 -0.02815
vn 0.99307 0.07767 -0.08819
vn 0.96216 -0.25033 0.10759
vn 0.98343 0.17503 -0.04729
vn 0.98097 0.19349 -0.01632
vn 0.98374 0.17956 -0.00325
vn 0.9997 0.02448 1E-05
vn 0.98407 0.17771 0.00567
vn 0.99972 0.02378 0.00036
vn 0.98634 0.16419 0.01326
vn 0.99972 0.02384 0.00056
vn 0.9864 0.16321 0.01926
vn 0.99973 0.02305 0.00076
vn 0.98868 0.14807 0.0243
vn 0.99975 0.02242 0.00143
vn 0.9898 0.1378 0.0362
vn 0.99971 0.02404 0.00194
vn 0.99345 0.08286 0.0787
vn 0.99982 0.01902 0.00174
vn 0.99985 0.01723 -0.00019
vn 0.99986 0.01674 0.00146
vn 0.99985 0.01723 -0.00019
vn 0.99985 0.01723 -0.00019
vn 0.99993 0.01193 0.00169
vn 0.99991 0.013 0.0027
vn 0.99988 0.01517 -0.00077
vn 0.99985 0.01723 -0.00019
vn 0.9999 0.0138 0.00234
vn 0.99985 0.01723 -0.00019
vn 0.99991 0.01316 0.00139
vn 0.62381 0.77984 -0.052
vn 0.70572 0.66315 0.24938
vn 0.79421 -0.37871 0.4752
vn 0.94563 0.13196 -0.29726
vn 0.67113 -0.52292 0.52549
vn 0.99986 0.01651 -0.00201
vn 0.89752 -0.31482 0.30879
vn 0.84502 -0.42053 0.33029
vn 0.88236 0.4651 0.07158
vn 0.86152 0.44864 -0.23771
vn 0.82425 0.5621 -0.06824
vn 0.97541 -0.0042 -0.22035
vn 0.8933 0.18373 -0.4102
vn 0.89682 0.05769 -0.43862
vn 0.00086 -0.92811 0.3723
vn -0 -0.95624 0.29258
vn 0.64474 -0.74156 0.18549
vn 0.49623 -0.78235 0.37641
vn 0 -0.95257 0.30433
vn 0 -0.89684 0.44236
vn 0.72515 -0.61837 0.30295
vn 0 -0.93869 0.34477
vn 0 -0.84421 0.53601
vn 0.93533 0.30205 -0.18415
vn -0 0.97793 0.20893
vn -0 0.99787 -0.06516
vn 0.44468 -0.86193 0.24358
vn 0 -0.95793 0.28699
vn 0.00161 -0.98013 -0.19837
vn -0 -0.9547 -0.29757
vn -0 -0.98011 -0.19844
vn 0.00132 -0.98962 -0.14372
vn -0 -0.98961 -0.14376
vn 0.00195 -0.95474 -0.29743
vn 0 -0.9762 0.21689
vn 0.00113 -0.9954 -0.09578
vn -0 -0.9954 -0.0958
vn -0 -0.75046 -0.66091
vn -0 -0.9459 0.32446
vn -0.09519 -0.75421 0.64969
vn 0 -0.82198 0.56952
vn 0 0.11415 0.99346
vn 0.54979 0.09016 0.83043
vn -0 0.5381 0.84288
vn -0 -0.86616 0.49977
vn 0.00087 -0.99911 -0.04227
vn -0 -0.99911 -0.04228
vn 0.00055 -0.99994 0.01087
vn -0 -0.99994 0.01087
vn 0.00069 -0.99342 0.1145
vn 0 -0.99341 0.11458
vn 0.94316 0.10041 -0.3168
vn 0.92629 0.25574 -0.27675
vn 0.92142 0.24294 -0.30326
vn -0 -0.928 0.37259
vn 0 -0.8196 -0.57294
vn 0 -0.9229 0.38504
vn 0.66003 -0.66771 0.34427
vn -0 -0.87387 0.48615
vn 0.78504 -0.53613 0.31029
vn 0 -0.83031 -0.5573
vn 0.53966 -0.81839 0.19749
vn -0 -0.97042 0.24142
vn 0.57579 -0.78749 0.21983
vn 0.91321 0.19942 0.35536
vn 0.85777 -0.329 0.39496
vn 0 0.58131 0.81368
vn -0 -0.92233 0.38639
vn 0.48944 -0.80967 0.32386
vn 0.92617 -0.27985 0.25276
vn 0.87447 -0.34378 0.34221
vn 0.89535 -0.30214 0.32722
vn 0.81482 -0.55276 0.1747
vn 0.86174 -0.46797 0.19598
vn 0.86783 -0.22817 0.44138
vn 0.81609 -0.32728 0.47633
vn 0.80229 -0.41627 0.42784
vn 0.74048 -0.48791 0.46221
vn 0.81323 -0.47118 0.34153
vn 0.83843 -0.40491 0.3648
vn 0.78173 -0.54547 0.30226
vn 0.77854 -0.59191 0.20859
vn 0.98921 0.12727 -0.07251
vn 0.97447 0.21696 -0.05777
vn 0.99127 0.12448 -0.04352
vn 0.99905 0.01453 -0.04118
vn 0.53637 -0.83136 -0.14543
vn 0.93926 -0.26712 -0.21549
vn 0.88914 -0.44012 -0.12543
vn 0.95216 -0.30176 -0.04826
vn 0.92683 -0.35071 -0.13409
vn 0.96613 0.01417 -0.25765
vn 0.98975 -0.10677 -0.09484
vn 0.77589 -0.55431 -0.30123
vn 0 -0.99311 -0.11715
vn 0 -0.2605 -0.96547
vn -0 -0.99261 -0.12136
vn 0 -0.99197 -0.12648
vn 0.70373 -0.6799 -0.20614
vn 0 -0.99317 -0.11668
vn 0.61484 -0.76625 -0.18665
vn 0.92936 -0.20429 -0.30751
vn 0.89788 0.19733 -0.39353
vn 0.95563 0.23745 -0.17434
vn 0.7987 -0.36946 0.47495
vn -0 0.56477 0.82525
vn 0.99985 0.01723 -0.00019
vn 0.99985 0.01723 -0.00019
vn 0.93143 0.35582 -0.07639
vn 0.93366 0.34778 -0.0856
vn 0.58268 -0.80535 -0.10902
vn -0 -0.95539 0.29534
vn 0.48728 -0.82935 0.27338
vn 0.99985 0.01723 -0.00019
vn 0.96847 -0.08111 -0.23554
vn 0.97442 -0.05979 -0.21664
vn 0.94591 -0.3142 0.08086
vn 0.53579 -0.8414 -0.07051
vn 0.53475 -0.83979 -0.09378
vn 0.95149 -0.30505 -0.04008
vn 0.53387 -0.84278 -0.06858
vn 0.99666 0.07417 -0.03409
vn 0.98536 -0.16985 -0.01474
vn 0.98689 -0.15824 -0.03179
vn 0.98933 -0.05304 0.1357
vn 0.95682 -0.25936 0.13126
vn -0 -0.9964 -0.08478
vn 0.57563 -0.64873 -0.4978
vn -0 -0.99492 -0.10068
vn -0 -0.99675 -0.08057
vn 0.95152 -0.30648 -0.02594
vn 0.98144 -0.01371 -0.19126
vn 0.57735 -0.53416 -0.61753
vn 0.9145 0.25472 -0.31434
vn 0.88699 -0.36355 0.28476
vn 0 -0.69358 -0.72038
vn 0.90366 0.02375 0.42759
vn 0.8784 -0.33121 0.34455
vn 0.89523 -0.37049 0.24759
vn 0.94418 0.14976 -0.29341
vn 0.93237 0.2591 -0.25208
vn 0.96636 0.01328 -0.25686
vn 0.96967 0.02006 -0.24357
vn 0.99648 -0.06911 0.04753
vn 0.98324 -0.15377 0.09791
vn 0.99064 -0.11794 0.06873
vn 0.89169 0.45265 -0.00058
vn 0.93616 0.3411 -0.08522
vn 0.88071 -0.32857 0.34116
vn 0.99864 0.05221 -0.00098
vn 0.98018 -0.1935 -0.04246
vn 0.96714 -0.22817 0.11219
vn 0.93605 0.34425 -0.07282
vn 0.99998 -0.00492 -0.00429
vn 0 -0.8109 0.58518
vn 0.50788 -0.75861 0.40813
vn 0.88584 -0.38692 0.2561
vn 0.91556 0.39872 -0.05268
vn 0.92333 0.37754 -0.07015
vn 0.99985 0.01723 -0.00019
vn 0.99985 0.01723 -0.00019
vn 0.99985 -0.01407 0.01032
vn 0.99985 -0.01407 0.01032
vn 0.99985 -0.01407 0.01032
vn 0.92992 0.36189 -0.06549
vn 0.99985 -0.01407 0.01032
vn 0.99985 -0.01407 0.01032
vn 0.99985 -0.01407 0.01032
vn 0.99937 -0.03372 0.01063
vn 0.9978 -0.06636 0.00086
vn 0.9896 -0.14163 -0.02501
vn 0.90087 -0.36234 0.23907
vn 0.98484 -0.17339 -0.00495
vn 0.52373 -0.634 -0.56899
vn -0 -0.99962 -0.02772
vn 0.58886 -0.80801 -0.01913
vn 0.97987 -0.06569 -0.18852
vn 0.95817 -0.26641 0.1046
vn 0.95764 -0.28624 0.03143
vn 0.99985 0.01723 -0.00019
vn 0.99985 0.01723 -0.00019
vn 0.99985 0.01723 -0.00019
vn 0.99985 0.01723 -0.00019
vn 0.71914 -0.52667 0.45328
vn 0 -0.89171 0.45261
vn 0.99988 0.01533 0.00281
vn 0.97552 0.21776 -0.03083
vn 0.90989 0.40984 -0.06425
vn 0.97913 0.19495 -0.05745
vn 0.91374 0.39787 -0.08234
vn 0.99985 0.01723 -0.00019
vn 0.72659 -0.57154 0.38132
vn -0 -0.76727 0.64133
vn 0 0.97827 -0.20734
vn 0 0.95433 -0.29877
vn 0 0.98644 -0.16411
vn 0 0.56618 -0.82428
vn 0 0.72134 -0.69258
vn 0 1 -0.00179
vn 0.95139 0.17562 -0.253
vn 0 0.99928 -0.03797
vn 0 0.99974 -0.02275
vn 0 0.99992 -0.01301
vn 0 0.99211 -0.12535
vn 0 0.99971 -0.02393
vn -0 0.99998 -0.00598
vn 0 0.99998 -0.0059
vn -0 0.99998 -0.00596
vn -0 0.99999 -0.00393
vn -0 1 -0.00168
vn 0 1 -0.00165
vn 0 1 -0.00166
vn 0 1 -0.0017
vn 0 1 -0.00174
vn 0 1 -0.00148
vn 0 0.87868 -0.47741
vn -0 0.88613 -0.46343
vn 0 0.92104 -0.38948
vn 0 0.9652 -0.2615
vn 0 0.9874 -0.15826
vn -0 0.98981 -0.14237
vn 0 0.99721 -0.07463
vn 0 0.99991 -0.01367
vn 0 0.99622 -0.08691
vn -0 0.98233 -0.18716
vn 0 0.90388 -0.42778
vn -0 0.95202 -0.30603
vn 0 0.82775 -0.56109
vn 0.8927 0.45066 -0.00056
vn 0 1 -0.00172
vn 0.98485 -0.15158 0.08422
vn 0.99985 -0.01407 0.01032
vn 0.93379 0.35137 -0.06764
vn 0.92813 0.36529 -0.07173
vn 0.99985 0.01723 -0.00019
vn 0.73954 -0.67117 0.05105
vn 0 -0.99193 0.12678
vn 0.70286 -0.68199 0.20218
vn 0.99651 -0.07816 -0.02948
vn 0.99967 -0.00801 -0.02433
vn 0.97076 0.24004 -0.00027
vn 0 0.59964 -0.80027
vn 0.71963 -0.62412 0.3043
vn 0.71115 -0.64424 0.28145
vn -0 0.93451 0.35594
vn 0.70413 -0.6422 0.30294
vn 0.81384 -0.51801 0.26331
vn 0.79897 -0.6008 -0.02624
vn 0.95548 0.29505 -0.00381
vn 0.95692 0.29018 0.01052
vn 0.94622 0.2835 -0.15588
vn 0.96308 0.26818 0.02372
vn 0.79273 -0.60667 -0.0595
vn 0.96401 0.26369 0.03394
vn 0.8195 -0.56862 -0.07141
vn 0.79473 -0.57908 -0.18187
vn 0.96952 0.24106 0.04387
vn 0.96059 0.21647 0.17437
vn 0.78764 -0.60341 -0.12462
vn 0.97088 0.22987 0.06753
vn 0.79081 -0.60536 -0.09036
vn 0.79996 -0.60001 0.00706
vn 0.94529 0.32451 -0.03335
vn 0.82177 -0.56617 0.06439
vn 0.94301 0.31105 -0.11823
vn 0.85068 -0.48973 0.19107
vn 0 -0.90801 0.41895
vn 0 -0.83774 0.54606
vn 0 -0.91881 0.39469
vn 0 -0.9015 0.43277
vn -0.84576 0.33562 -0.4148
vn -0.88712 0.36473 -0.28282
vn -0.85 0.428 -0.3071
vn -0.93471 0.32857 -0.13545
vn -0.8964 0.3997 -0.19157
vn -0.95335 0.28577 -0.09728
vn -0.91714 0.37966 -0.12131
vn -0.87906 0.46791 -0.09115
vn -0.93516 0.34482 -0.08104
vn -0.87271 0.4864 -0.04227
vn -0.96194 0.273 -0.01172
vn -0.88184 0.47147 -0.00903
vn -0.96467 0.26332 -0.00832
vn -0.96799 0.25094 -0.00388
vn -0.89339 0.44928 -0.00055
vn -0.97112 0.23858 -0.00087
vn -0.8937 0.44867 -0.00164
vn -0.89528 0.4455 -0.00258
vn -0.9719 0.23537 -0.00384
vn -0.89538 0.44526 -0.00677
vn -0.88363 0.46681 -0.03593
vn -0.96927 0.24591 -0.0073
vn -0.96966 0.24378 -0.01822
vn -0.90089 0.42986 -0.06011
vn -0.97265 0.23086 -0.02543
vn -0.97327 0.22772 -0.02973
vn -0.906 0.41843 -0.0638
vn -0.97456 0.22197 -0.0309
vn -0.91648 0.38674 -0.10247
vn -0.97808 0.2044 -0.03967
vn -0.97728 0.20572 -0.05112
vn -0.91889 0.37671 -0.11712
vn -0.97888 0.19014 -0.07507
vn -0.91852 0.36476 -0.15257
vn -0.92674 0.33375 -0.17252
vn -0.98101 0.17447 -0.08478
vn -0.93551 0.31046 -0.16866
vn -0.98252 0.16543 -0.08542
vn -0.65455 0.57703 0.48846
vn -0.89184 0.45235 -0.00047
vn -0.97051 0.24105 -0.00027
vn -0.97054 0.24092 -0.00023
vn -0.97067 0.2404 -0.0003
vn -0.89236 0.45132 -0.00058
vn -0.97073 0.24019 -0.00028
vn -0.89256 0.45093 -0.00057
vn -0.89285 0.45035 -0.00054
vn -0.97088 0.23955 -0.00029
vn -0.89315 0.44977 -0.00056
vn -0.97095 0.23929 -0.00029
vn -0.97117 0.23839 -0.00143
vn -0.8942 0.44767 -0.00263
vn -0.97137 0.23755 -0.00143
vn -0.89496 0.44613 -0.00263
vn -0.97145 0.23723 -0.0014
vn -0.88738 0.46088 -0.01252
vn -0.89755 0.4378 -0.05225
vn -0.81984 -0.3207 -0.47435
vn -0.75043 -0.49921 0.43317
vn -0.20029 -0.84698 0.49245
vn -0.99985 0.01723 -0.00019
vn -0.99985 0.01723 -0.00019
vn -0.99985 0.01723 -0.00019
vn -0.99985 0.01723 -0.00019
vn -0.9708 0.23988 -0.00027
vn -0.99985 0.01723 -0.00019
vn -0.99985 0.01723 -0.00019
vn -0.99985 0.01723 -0.00019
vn -0.99985 0.01723 -0.00019
vn -0.99985 0.01723 -0.00019
vn -0.99985 0.01723 -0.00019
vn -0.99985 0.01723 -0.00019
vn -0.99985 0.01723 -0.00019
vn -0.99985 0.01723 -0.00019
vn -0.99985 0.01723 -0.00019
vn -0.99985 0.01723 -0.00019
vn -0.99985 0.01723 -0.00019
vn -0.99985 0.01723 -0.00019
vn -0.99985 0.01723 -0.00019
vn -0.99985 0.01723 -0.00019
vn -0.99985 0.01723 -0.00019
vn -0.99985 0.01723 -0.00019
vn -0.99988 0.01526 -0.0008
vn -0.70688 -0.63232 0.317
vn -0.69834 -0.61763 0.36174
vn -0.73207 0.48097 0.48243
vn -0.99985 0.0175 0.00019
vn -0.70244 0.40971 0.58199
vn -0.67601 -0.5711 -0.46567
vn -0.71506 -0.51641 0.47118
vn -0.29205 -0.7719 0.5647
vn -0.714 0.41543 0.56357
vn -0.99984 0.01762 0.0002
vn -0.88298 0.4608 0.08948
vn -0.99985 0.01723 -0.00019
vn -0.99985 0.01749 6E-05
vn -0.99985 0.01723 -0.00019
vn -0.99985 0.01723 -0.00019
vn -0.99985 0.01723 -0.00019
vn -0.99985 0.01723 -0.00019
vn -0.99985 0.01723 -0.00019
vn -0.99985 0.01723 -0.00019
vn -0.99985 0.01723 -0.00019
vn -0.99985 0.01723 -0.00019
vn -0.99985 0.01723 -0.00019
vn -0.99985 0.01723 -0.00019
vn -0.99985 0.01723 -0.00019
vn -0.99985 0.01723 -0.00019
vn -0.99985 0.01723 -0.00019
vn -0.99985 0.01723 -0.00019
vn -0.99985 0.01723 -0.00019
vn -0.99985 0.01723 -0.00019
vn -0.99985 0.01723 -0.00019
vn -0.99985 0.01723 -0.00019
vn -0.99985 0.01723 -0.00019
vn -0.99985 0.01723 -0.00019
vn -0.99985 0.01723 -0.00019
vn -0.99985 0.01723 -0.00019
vn -0.99985 0.01723 -0.00019
vn -0.99989 0.01451 0.00031
vn -0.91583 0.39781 -0.05483
vn -0.90214 0.43099 -0.01987
vn -0.90333 0.42826 -0.02429
vn -0.90761 0.4197 0.00958
vn -0.90769 0.41962 0.00473
vn -0.99908 0.0403 -0.01484
vn -0.96194 -0.27186 0.02772
vn -0.99946 0.03155 -0.00942
vn -0.99948 0.03044 0.01018
vn -0.99967 0.02476 0.0066
vn -0.95493 -0.29188 0.05406
vn -0.9561 -0.28832 0.0524
vn -0.80848 -0.30617 -0.50261
vn -0.9558 -0.28127 0.08565
vn -0.95614 -0.27961 0.08727
vn -0.99985 0.01723 -0.00019
vn -0.99708 0.05387 0.05404
vn -0.94567 0.31698 -0.07233
vn -0.99985 0.01723 -0.00019
vn -0.95169 0.30702 -0.00439
vn -0.99667 0.04841 0.06557
vn -0.9501 0.14456 -0.27642
vn -0.94545 0.24298 -0.217
vn -0.97033 0.24177 -0.00122
vn -0.99985 0.01723 -0.00019
vn -0.99985 0.01723 -0.00019
vn -0.89106 0.45386 -0.00408
vn -0.98295 0.00973 -0.18359
vn -0.95974 0.09805 -0.26323
vn -0.9528 0.14761 -0.26528
vn -0.87131 0.49043 -0.01729
vn -0.81621 -0.49736 0.29401
vn -0.99985 0.01723 -0.00019
vn -0.76919 -0.60194 0.21451
vn -0.99985 0.01723 -0.00019
vn -0.93331 0.31271 -0.17645
vn -0.91243 0.40787 -0.03336
vn -0.85009 0.52602 0.02525
vn -0.89884 0.43811 0.01229
vn -0.99985 0.01723 -0.00019
vn -0.74909 -0.49155 0.44412
vn -0.58483 -0.58939 0.55731
vn -0.89948 0.29842 -0.3192
vn -0.80991 0.51256 -0.28518
vn -0.97751 -0.05067 -0.2047
vn -0.88265 -0.37098 0.28862
vn -0.89609 -0.3635 0.25473
vn -0.94498 0.28829 -0.15462
vn -0.94613 0.30181 -0.11724
vn -0.94998 0.29399 -0.10534
vn -0.95666 -0.28658 0.0517
vn -0.84086 -0.43139 0.32689
vn -0.79315 -0.55471 0.25142
vn -0.99462 -0.09965 -0.02815
vn -0.94189 -0.30037 0.15043
vn -0.96216 -0.25033 0.10759
vn -0.99307 0.07767 -0.08819
vn -0.98343 0.17503 -0.04729
vn -0.98097 0.19349 -0.01632
vn -0.98374 0.17956 -0.00325
vn -0.9997 0.02448 1E-05
vn -0.98407 0.17771 0.00567
vn -0.99972 0.02378 0.00036
vn -0.98634 0.16419 0.01326
vn -0.99972 0.02384 0.00056
vn -0.9864 0.16321 0.01926
vn -0.99973 0.02305 0.00076
vn -0.98868 0.14807 0.0243
vn -0.99975 0.02242 0.00143
vn -0.9898 0.1378 0.0362
vn -0.99971 0.02404 0.00194
vn -0.99345 0.08286 0.0787
vn -0.99982 0.01902 0.00174
vn -0.99985 0.01723 -0.00019
vn -0.99986 0.01674 0.00146
vn -0.99985 0.01723 -0.00019
vn -0.99993 0.01193 0.00169
vn -0.99985 0.01723 -0.00019
vn -0.99991 0.013 0.0027
vn -0.99985 0.01723 -0.00019
vn -0.99988 0.01517 -0.00077
vn -0.9999 0.0138 0.00234
vn -0.99985 0.01723 -0.00019
vn -0.99991 0.01316 0.00139
vn -0.62381 0.77984 -0.052
vn -0.70572 0.66315 0.24938
vn -0.94563 0.13196 -0.29726
vn -0.79421 -0.37871 0.4752
vn -0.67113 -0.52292 0.52549
vn -0.99986 0.01651 -0.00201
vn -0.89757 -0.31384 0.30964
vn -0.84502 -0.42053 0.33029
vn -0.92759 0.37042 0.04869
vn -0.86152 0.44864 -0.23771
vn -0.82425 0.5621 -0.06824
vn -0.8933 0.18373 -0.4102
vn -0.97541 -0.0042 -0.22035
vn -0.89682 0.05769 -0.43862
vn -0.00086 -0.92811 0.3723
vn -0.64474 -0.74156 0.18549
vn -0.49623 -0.78235 0.37641
vn -0.72515 -0.61837 0.30295
vn -0.93533 0.30205 -0.18415
vn -0.44468 -0.86193 0.24358
vn -0.00161 -0.98013 -0.19837
vn -0.00132 -0.98962 -0.14372
vn -0.00195 -0.95474 -0.29743
vn -0.00113 -0.9954 -0.09578
vn 0.09519 -0.75421 0.64969
vn -0.54979 0.09016 0.83043
vn -0.70413 -0.6422 0.30294
vn -0.00087 -0.99911 -0.04227
vn -0.00055 -0.99994 0.01087
vn -0.00069 -0.99342 0.1145
vn -0.92629 0.25574 -0.27675
vn -0.94316 0.10041 -0.3168
vn -0.92142 0.24294 -0.30326
vn -0.71963 -0.62412 0.3043
vn -0.72659 -0.57154 0.38132
vn -0.66003 -0.66771 0.34427
vn -0.78504 -0.53613 0.31029
vn -0.71115 -0.64424 0.28145
vn -0.53966 -0.81839 0.19749
vn -0.57579 -0.78749 0.21983
vn -0.71698 -0.1965 0.66882
vn -0.85777 -0.329 0.39496
vn -0.48944 -0.80967 0.32386
vn -0.87447 -0.34378 0.34221
vn -0.92617 -0.27985 0.25276
vn -0.89535 -0.30214 0.32722
vn -0.81482 -0.55276 0.1747
vn -0.86174 -0.46797 0.19598
vn -0.86783 -0.22817 0.44138
vn -0.81609 -0.32728 0.47633
vn -0.80229 -0.41627 0.42784
vn -0.74048 -0.48791 0.46221
vn -0.83843 -0.40491 0.3648
vn -0.81323 -0.47118 0.34153
vn -0.78173 -0.54547 0.30226
vn -0.77854 -0.59191 0.20859
vn -0.97447 0.21696 -0.05777
vn -0.98921 0.12727 -0.07251
vn -0.99127 0.12448 -0.04352
vn -0.99905 0.01453 -0.04118
vn -0.93926 -0.26712 -0.21549
vn -0.53637 -0.83136 -0.14543
vn -0.88914 -0.44012 -0.12543
vn -0.95216 -0.30176 -0.04826
vn -0.96613 0.01417 -0.25765
vn -0.92683 -0.35071 -0.13409
vn -0.98975 -0.10677 -0.09484
vn -0.77589 -0.55431 -0.30123
vn -0.70373 -0.6799 -0.20614
vn -0.61484 -0.76625 -0.18665
vn -0.89788 0.19733 -0.39353
vn -0.92936 -0.20429 -0.30751
vn -0.95563 0.23745 -0.17434
vn -0.7987 -0.36946 0.47495
vn -0.99985 0.01723 -0.00019
vn -0.99985 0.01723 -0.00019
vn -0.99985 0.01723 -0.00019
vn -0.93143 0.35582 -0.07639
vn -0.93366 0.34778 -0.0856
vn -0.58268 -0.80535 -0.10902
vn -0.48728 -0.82935 0.27338
vn -0.96847 -0.08111 -0.23554
vn -0.97442 -0.05979 -0.21664
vn -0.94591 -0.3142 0.08086
vn -0.53579 -0.8414 -0.07051
vn -0.53475 -0.83979 -0.09378
vn -0.95149 -0.30505 -0.04008
vn -0.53387 -0.84278 -0.06858
vn -0.98536 -0.16985 -0.01474
vn -0.99666 0.07417 -0.03409
vn -0.98689 -0.15824 -0.03179
vn -0.98933 -0.05304 0.1357
vn -0.95682 -0.25936 0.13126
vn -0.57563 -0.64873 -0.4978
vn -0.95152 -0.30648 -0.02594
vn -0.98144 -0.01371 -0.19126
vn -0.57735 -0.53416 -0.61753
vn -0.88699 -0.36355 0.28476
vn -0.9145 0.25472 -0.31434
vn -0.90366 0.02375 0.42759
vn -0.8784 -0.33121 0.34455
vn -0.89523 -0.37049 0.24759
vn -0.94418 0.14976 -0.29341
vn -0.93237 0.2591 -0.25208
vn -0.96636 0.01328 -0.25686
vn -0.96967 0.02006 -0.24357
vn -0.98324 -0.15377 0.09791
vn -0.99648 -0.06911 0.04753
vn -0.99064 -0.11794 0.06873
vn -0.89169 0.45265 -0.00058
vn -0.93616 0.3411 -0.08522
vn -0.88071 -0.32857 0.34116
vn -0.99864 0.05221 -0.00098
vn -0.98018 -0.1935 -0.04246
vn -0.96714 -0.22817 0.11219
vn -0.93605 0.34425 -0.07282
vn -0.99998 -0.00492 -0.00429
vn -0.50788 -0.75861 0.40813
vn -0.88584 -0.38692 0.2561
vn -0.92333 0.37754 -0.07015
vn -0.91556 0.39872 -0.05268
vn -0.99985 0.01723 -0.00019
vn -0.99985 0.01723 -0.00019
vn -0.99985 -0.01407 0.01032
vn -0.99985 -0.01407 0.01032
vn -0.99985 -0.01407 0.01032
vn -0.92992 0.36189 -0.06549
vn -0.99985 -0.01407 0.01032
vn -0.99985 -0.01407 0.01032
vn -0.99985 -0.01407 0.01032
vn -0.99937 -0.03372 0.01063
vn -0.9978 -0.06636 0.00086
vn -0.90087 -0.36234 0.23907
vn -0.9896 -0.14163 -0.02501
vn -0.98484 -0.17339 -0.00495
vn -0.52373 -0.634 -0.56899
vn -0.58886 -0.80801 -0.01913
vn -0.97987 -0.06569 -0.18852
vn -0.95817 -0.26641 0.1046
vn -0.95764 -0.28624 0.03143
vn -0.99985 0.01723 -0.00019
vn -0.99985 0.01723 -0.00019
vn -0.99985 0.01723 -0.00019
vn -0.99985 0.01723 -0.00019
vn -0.71914 -0.52667 0.45328
vn -0.99988 0.01533 0.00281
vn -0.97552 0.21776 -0.03083
vn -0.90989 0.40984 -0.06425
vn -0.97913 0.19495 -0.05745
vn -0.91374 0.39787 -0.08234
vn -0.99985 0.01723 -0.00019
vn -0.95139 0.17562 -0.253
vn -0.8927 0.45066 -0.00056
vn -0.98485 -0.15158 0.08422
vn -0.99985 -0.01407 0.01032
vn -0.93379 0.35137 -0.06764
vn -0.92813 0.36529 -0.07173
vn -0.99985 0.01723 -0.00019
vn -0.73954 -0.67117 0.05105
vn -0.70286 -0.68199 0.20218
vn -0.99651 -0.07816 -0.02948
vn -0.99967 -0.00801 -0.02433
vn -0.97076 0.24004 -0.00027
vn -0.81384 -0.51801 0.26331
vn -0.79897 -0.6008 -0.02624
vn -0.95548 0.29505 -0.00381
vn -0.95692 0.29018 0.01052
vn -0.94622 0.2835 -0.15588
vn -0.96308 0.26818 0.02372
vn -0.79273 -0.60667 -0.0595
vn -0.96401 0.26369 0.03394
vn -0.8195 -0.56862 -0.07141
vn -0.79473 -0.57908 -0.18187
vn -0.96952 0.24106 0.04387
vn -0.96059 0.21647 0.17437
vn -0.97088 0.22987 0.06753
vn -0.78764 -0.60341 -0.12462
vn -0.79081 -0.60536 -0.09036
vn -0.79996 -0.60001 0.00706
vn -0.94529 0.32451 -0.03335
vn -0.94301 0.31105 -0.11823
vn -0.82177 -0.56617 0.06439
vn -0.85068 -0.48973 0.19107
vt 0.98065 0.64885
vt 0.98453 0.64965
vt 0.98184 0.65238
vt 0.94765 0.66881
vt 0.94851 0.67237
vt 0.90614 0.68535
vt 0.90783 0.68921
vt 0.86845 0.69948
vt 0.86741 0.6954
vt 0.8156 0.70605
vt 0.81476 0.70052
vt 0.78915 0.70308
vt 0.76352 0.71103
vt 0.76296 0.70503
vt 0.6152 0.71689
vt 0.63488 0.72302
vt 0.61552 0.72463
vt 0.16407 0.74479
vt 0.22491 0.74865
vt 0.1645 0.75313
vt 0.10998 0.75055
vt 0.07208 0.76262
vt 0.06957 0.75502
vt 0.93524 0.00571
vt 0.94269 0.0214
vt 0.93394 0.02213
vt 0.9409 0.0415
vt 0.93207 0.04178
vt 0.92889 0.06824
vt 0.93697 0.08801
vt 0.92822 0.08768
vt 0.92845 0.14339
vt 0.93583 0.107
vt 0.93639 0.143
vt 0.93907 0.17417
vt 0.93148 0.17605
vt 0.94425 0.20972
vt 0.93682 0.2113
vt 0.95289 0.2246
vt 0.9458 0.22528
vt 0.72138 0.70801
vt 0.71518 0.71503
vt 0.71465 0.70856
vt 0.68894 0.71051
vt 0.68951 0.71722
vt 0.67901 0.71142
vt 0.67963 0.71827
vt 0.64798 0.71432
vt 0.66465 0.71998
vt 0.64854 0.72168
vt 0.6344 0.71548
vt 0.49613 0.72361
vt 0.49637 0.73162
vt 0.31577 0.73425
vt 0.31606 0.74244
vt 0.22455 0.74037
vt 0.11157 0.75847
vt 0.04351 0.76815
vt 0.04045 0.76023
vt 0.82717 0.62573
vt 0.8007 0.62073
vt 0.83052 0.62188
vt 0.71473 0.68391
vt 0.70742 0.68546
vt 0.68749 0.68847
vt 0.67565 0.69034
vt 0.64836 0.69424
vt 0.66403 0.71288
vt 0.63336 0.69613
vt 0.61123 0.69747
vt 0.49723 0.70107
vt 0.31444 0.71396
vt 0.22302 0.71909
vt 0.16079 0.72173
vt 0.10779 0.72495
vt 0.06522 0.72609
vt 0.03054 0.72714
vt 0.90369 0.02364
vt 0.90574 0.04388
vt 0.90737 0.07063
vt 0.90886 0.08962
vt 0.91005 0.10839
vt 0.91454 0.14599
vt 0.91931 0.18019
vt 0.85554 0.21122
vt 0.86984 0.24996
vt 0.86421 0.25442
vt 0.92511 0.21432
vt 0.93901 0.22577
vt 0.92749 0.22861
vt 0.9177 0.63275
vt 0.89302 0.62796
vt 0.91852 0.63081
vt 0.90195 0.2233
vt 0.91653 0.23123
vt 0.90584 0.23564
vt 0.90735 0.1845
vt 0.91358 0.21757
vt 0.89073 0.15229
vt 0.89849 0.18906
vt 0.88055 0.11342
vt 0.90086 0.14878
vt 0.87055 0.07683
vt 0.88992 0.09179
vt 0.87565 0.09518
vt 0.86117 0.04914
vt 0.87447 0.02506
vt 0.88023 0.04597
vt 0.85456 0.02601
vt 0.86798 0.00616
vt 0.05861 0.68273
vt 0.02056 0.69414
vt 0.0136 0.67141
vt 0.10452 0.68658
vt 0.06083 0.69719
vt 0.15591 0.68719
vt 0.1056 0.69938
vt 0.2208 0.68726
vt 0.15753 0.6987
vt 0.31253 0.68363
vt 0.22132 0.69474
vt 0.49725 0.675
vt 0.3129 0.68957
vt 0.63265 0.67505
vt 0.64939 0.67496
vt 0.63282 0.67696
vt 0.60769 0.67643
vt 0.60759 0.6781
vt 0.60902 0.66037
vt 0.50041 0.67214
vt 0.49864 0.67125
vt 0.49995 0.6774
vt 0.49844 0.6786
vt 0.63152 0.65933
vt 0.6314 0.65766
vt 0.73559 0.61644
vt 0.73483 0.61208
vt 0.73671 0.61425
vt 0.64692 0.6561
vt 0.64668 0.65439
vt 0.79752 0.66126
vt 0.77675 0.68352
vt 0.76497 0.66193
vt 0.81211 0.66185
vt 0.80577 0.6807
vt 0.72153 0.64553
vt 0.72942 0.66018
vt 0.71598 0.65272
vt 0.74476 0.68355
vt 0.72808 0.70747
vt 0.72359 0.68382
vt 0.72859 0.71384
vt 0.78235 0.63933
vt 0.79717 0.62518
vt 0.78338 0.64159
vt 0.78984 0.7087
vt 0.87433 0.65981
vt 0.89701 0.65976
vt 0.87963 0.66842
vt 0.8698 0.65121
vt 0.84016 0.66995
vt 0.83145 0.66245
vt 0.81856 0.65987
vt 0.81806 0.66209
vt 0.8237 0.6741
vt 0.81678 0.64103
vt 0.8304 0.62438
vt 0.76512 0.66026
vt 0.77444 0.65193
vt 0.74587 0.64011
vt 0.73374 0.62098
vt 0.76047 0.62264
vt 0.70047 0.65948
vt 0.70851 0.65839
vt 0.70085 0.66216
vt 0.69904 0.62845
vt 0.7032 0.61512
vt 0.71219 0.61414
vt 0.68734 0.63712
vt 0.6863 0.62612
vt 0.64379 0.63962
vt 0.66009 0.64974
vt 0.63261 0.64378
vt 0.61128 0.64681
vt 0.49435 0.65619
vt 0.31219 0.67801
vt 0.31124 0.6622
vt 0.22025 0.67915
vt 0.21845 0.66159
vt 0.1543 0.67566
vt 0.1543 0.65784
vt 0.10343 0.67376
vt 0.10146 0.65373
vt 0.05638 0.66824
vt 0.0541 0.64697
vt 0.00698 0.65011
vt 0.00591 0.63181
vt 0.81664 0.0267
vt 0.82516 0.0062
vt 0.83569 0.02681
vt 0.81816 0.04617
vt 0.83921 0.05622
vt 0.8519 0.08474
vt 0.84906 0.11123
vt 0.8443 0.08289
vt 0.8484 0.1397
vt 0.87935 0.15929
vt 0.86195 0.17225
vt 0.88849 0.19701
vt 0.86729 0.20781
vt 0.90529 0.24906
vt 0.88108 0.27718
vt 0.91297 0.64261
vt 0.88175 0.63909
vt 0.91541 0.63921
vt 0.89441 0.23372
vt 0.80601 0.65075
vt 0.81479 0.6409
vt 0.81267 0.65966
vt 0.86843 0.64972
vt 0.83173 0.66027
vt 0.98791 0.63832
vt 0.98724 0.64681
vt 0.98421 0.64442
vt 0.63289 0.63245
vt 0.64683 0.62193
vt 0.64755 0.62932
vt 0.76423 0.61812
vt 0.76396 0.61532
vt 0.84927 0.21253
vt 0.68935 0.62193
vt 0.67642 0.6206
vt 0.68761 0.61715
vt 0.708 0.6559
vt 0.90958 0.23836
vt 0.90914 0.25074
vt 0.70438 0.61181
vt 0.70401 0.60986
vt 0.10078 0.63906
vt 0.05538 0.62219
vt 0.10201 0.62983
vt 0.15458 0.64442
vt 0.15534 0.63532
vt 0.0535 0.63144
vt 0.00386 0.6097
vt 0.21758 0.64831
vt 0.21796 0.63937
vt 0.80167 0.6182
vt 0.8303 0.61925
vt 0.71392 0.6117
vt 0.71383 0.60976
vt 0.87297 0.28751
vt 0.87375 0.28527
vt 0.94071 0.23047
vt 0.85892 0.25607
vt 0.31069 0.64991
vt 0.31064 0.64118
vt 0.49179 0.64439
vt 0.49136 0.6359
vt 0.61228 0.63572
vt 0.61138 0.62744
vt 0.88012 0.63816
vt 0.87588 0.64523
vt 0.87422 0.64416
vt 0.63156 0.62459
vt 0.89375 0.62543
vt 0.91836 0.62831
vt 0.81356 0.04374
vt 0.80295 0.02996
vt 0.81123 0.02692
vt 0.89189 0.62446
vt 0.76875 0.61599
vt 0.76855 0.61342
vt 0.78971 0.00646
vt 0.79744 0.00215
vt 0.79954 0.66038
vt 0.80884 0.65036
vt 0.91797 0.23574
vt 0.92267 0.62721
vt 0.92302 0.6312
vt 0.90001 0.66049
vt 0.90404 0.65305
vt 0.90701 0.6536
vt 0.85102 0.67971
vt 0.8814 0.67002
vt 0.91382 0.64669
vt 0.91606 0.64342
vt 0.9184 0.6404
vt 0.92198 0.63242
vt 0.83069 0.68815
vt 0.82189 0.69286
vt 0.82969 0.68591
vt 0.8495 0.67747
vt 0.97094 0.64409
vt 0.94686 0.65944
vt 0.94631 0.65075
vt 0.94593 0.64668
vt 0.97429 0.63512
vt 0.98087 0.63697
vt 0.97401 0.63599
vt 0.945 0.6344
vt 0.97291 0.63953
vt 0.97715 0.64367
vt 0.9719 0.64202
vt 0.99527 0.63741
vt 0.98931 0.63459
vt 0.99812 0.63742
vt 0.94523 0.62842
vt 0.97483 0.63137
vt 0.98884 0.63672
vt 0.98205 0.63278
vt 0.98136 0.63595
vt 0.97882 0.64084
vt 0.9824 0.64662
vt 0.97555 0.64612
vt 0.91084 0.64612
vt 0.92876 0.23357
vt 0.89318 0.11026
vt 0.90103 0.006
vt 0.66181 0.69235
vt 0.67362 0.66982
vt 0.68677 0.66646
vt 0.9448 0.63226
vt 0.83423 0.61797
vt 0.83502 0.62146
vt 0.81563 0.67707
vt 0.88965 0.62883
vt 0.89108 0.62995
vt 0.83552 0.62362
vt 0.83705 0.62138
vt 0.84971 0.62204
vt 0.84864 0.62453
vt 0.84018 0.62141
vt 0.83661 0.64966
vt 0.82974 0.64087
vt 0.84099 0.64154
vt 0.81944 0.64897
vt 0.82517 0.64061
vt 0.83688 0.61747
vt 0.89115 0.62706
vt 0.85034 0.61806
vt 0.84046 0.61734
vt 0.83888 0.62386
vt 0.79524 0.62475
vt 0.79954 0.61943
vt 0.77395 0.64942
vt 0.7483 0.63965
vt 0.79997 0.61711
vt 0.73157 0.65892
vt 0.74022 0.64894
vt 0.76287 0.62248
vt 0.71961 0.64485
vt 0.71461 0.65098
vt 0.72383 0.6375
vt 0.72597 0.63805
vt 0.67432 0.64591
vt 0.66731 0.64705
vt 0.67445 0.64391
vt 0.72192 0.71442
vt 0.6866 0.66397
vt 0.73752 0.64978
vt 0.82452 0.64915
vt 0.94554 0.64273
vt 0.68736 0.63952
vt 0.67334 0.66736
vt 0.49961 0.67485
vt 0.71535 0.6097
vt 0.71523 0.61221
vt 0.69959 0.62982
vt 0.64908 0.67285
vt 0.66078 0.67262
vt 0.84573 0.00626
vt 0.85911 0.10282
vt 0.86616 0.12073
vt 0.60832 0.66924
vt 0.63206 0.66727
vt 0.64795 0.66435
vt 0.66046 0.67036
vt 0.66012 0.66071
vt 0.67357 0.65642
vt 0.68685 0.65169
vt 0.69969 0.64512
vt 0.70928 0.64114
vt 0.71236 0.6337
vt 0.71185 0.61535
vt 0.72316 0.61688
vt 0.73404 0.61359
vt 0.72632 0.61054
vt 0.72587 0.61309
vt 0.73305 0.61749
vt 0.66016 0.65154
vt 0.60891 0.66187
vt 0.84555 0.07041
vt 0.86592 0.06295
vt 0.8834 0.05956
vt 0.90664 0.05727
vt 0.8256 0.06897
vt 0.80608 0.04624
vt 0.83397 0.06415
vt 0.93058 0.05507
vt 0.93947 0.05513
vt 0.92724 0.10677
vt 0.9378 0.0686
vt 0.88641 0.07318
vt 0.83276 0.08696
vt 0.81814 0.07222
vt 0.94679 0.06905
vt 0.94444 0.10732
vt 0.94847 0.05522
vt 0.98999 0.64926
vt 0.98661 0.65284
vt 0.72251 0.7208
vt 0.9937 0.63929
vt 0.79054 0.71434
vt 0.7641 0.71702
vt 0.72912 0.72016
vt 0.04657 0.77607
vt 0.11316 0.76639
vt 0.31635 0.75063
vt 0.22527 0.75693
vt 0.49662 0.73962
vt 0.61588 0.73242
vt 0.64921 0.72905
vt 0.63544 0.73061
vt 0.6654 0.72711
vt 0.69014 0.72388
vt 0.68036 0.72506
vt 0.71577 0.72151
vt 0.95177 0.20818
vt 0.94671 0.17235
vt 0.94438 0.14268
vt 0.94579 0.08842
vt 0.94985 0.04122
vt 0.94389 0.00463
vt 0.95158 0.02067
vt 0.07458 0.77021
vt 0.16493 0.76146
vt 0.81648 0.71154
vt 0.86948 0.70358
vt 0.94938 0.67594
vt 0.90951 0.69307
vt 0.98297 0.65597
vt 0.67261 0.71907
vt 0.67338 0.72602
vt 0.6672 0.64889
vt 0.66671 0.65867
vt 0.66671 0.66894
vt 0.66701 0.67131
vt 0.66882 0.69135
vt 0.66556 0.62892
vt 0.66512 0.62169
vt 0.6776 0.62655
vt 0.67548 0.63071
vt 0.66451 0.63319
vt 0.67198 0.71211
vt 0.99659 0.63997
vt 0.83942 0.11363
vt 0.84408 0.14451
vt 0.88431 0.28081
vt 0.84913 0.17721
vt 0.80913 0.00159
vt 0.63702 0.63417
vt 0.3107 0.65285
vt 0.49257 0.6496
vt 0.31084 0.6553
vt 0.63659 0.63615
vt 0.21773 0.65399
vt 0.21746 0.65128
vt 0.15433 0.65013
vt 0.01122 0.62356
vt 0.05285 0.63447
vt 0.10068 0.64512
vt 0.01164 0.62617
vt 0.10039 0.64205
vt 0.05319 0.63782
vt 0.15433 0.6474
vt 0.49193 0.64727
vt 0.61223 0.64075
vt 0.6126 0.63858
vt 0.63317 0.63756
vt 0.63349 0.63526
vt 0.00164 0.61908
vt 0.84231 0.17846
vt 0.82514 0.08947
vt 0.83669 0.14572
vt 0.83183 0.11521
vt 0.98453 0.90248
vt 0.98065 0.90328
vt 0.98184 0.89975
vt 0.94765 0.88333
vt 0.94851 0.87976
vt 0.90614 0.86679
vt 0.90783 0.86293
vt 0.86845 0.85265
vt 0.86741 0.85673
vt 0.8156 0.84608
vt 0.81476 0.85161
vt 0.76352 0.8411
vt 0.78915 0.84906
vt 0.76296 0.8471
vt 0.63488 0.82911
vt 0.6152 0.83524
vt 0.61552 0.8275
vt 0.22491 0.80348
vt 0.16407 0.80734
vt 0.1645 0.799
vt 0.07208 0.78951
vt 0.10998 0.80158
vt 0.06957 0.79711
vt 0.423 0.36617
vt 0.40731 0.35873
vt 0.42373 0.35742
vt 0.4431 0.36439
vt 0.44339 0.35556
vt 0.48961 0.36046
vt 0.46984 0.35237
vt 0.48929 0.35171
vt 0.5086 0.35931
vt 0.54499 0.35193
vt 0.5446 0.35988
vt 0.57577 0.36256
vt 0.57766 0.35496
vt 0.61133 0.36773
vt 0.6129 0.3603
vt 0.62621 0.37637
vt 0.62688 0.36928
vt 0.71518 0.83711
vt 0.72138 0.84413
vt 0.71465 0.84357
vt 0.68894 0.84163
vt 0.68951 0.83491
vt 0.67901 0.84071
vt 0.67963 0.83386
vt 0.66465 0.83215
vt 0.64798 0.83781
vt 0.64854 0.83046
vt 0.6344 0.83666
vt 0.49613 0.82852
vt 0.49637 0.82052
vt 0.31577 0.81789
vt 0.31606 0.80969
vt 0.22455 0.81177
vt 0.11157 0.79366
vt 0.04351 0.78398
vt 0.04045 0.7919
vt 0.8007 0.9314
vt 0.82717 0.9264
vt 0.83052 0.93025
vt 0.71473 0.86822
vt 0.70742 0.86667
vt 0.68749 0.86366
vt 0.67565 0.86179
vt 0.66403 0.83925
vt 0.64836 0.85789
vt 0.63336 0.856
vt 0.61123 0.85467
vt 0.49723 0.85107
vt 0.31444 0.83818
vt 0.22302 0.83304
vt 0.16079 0.8304
vt 0.10779 0.82718
vt 0.06522 0.82604
vt 0.03054 0.82499
vt 0.42524 0.32717
vt 0.44548 0.32922
vt 0.47223 0.33085
vt 0.49122 0.33234
vt 0.50999 0.33354
vt 0.54759 0.33802
vt 0.5818 0.34279
vt 0.65156 0.29333
vt 0.61282 0.27903
vt 0.65602 0.28769
vt 0.62738 0.3625
vt 0.61593 0.34859
vt 0.63022 0.35098
vt 0.89302 0.92417
vt 0.9177 0.91938
vt 0.91852 0.92132
vt 0.63283 0.34001
vt 0.6249 0.32544
vt 0.63724 0.32933
vt 0.58611 0.33084
vt 0.61918 0.33706
vt 0.55389 0.31421
vt 0.59066 0.32197
vt 0.55038 0.32435
vt 0.51503 0.30403
vt 0.49339 0.3134
vt 0.47843 0.29404
vt 0.49678 0.29914
vt 0.42667 0.29795
vt 0.45074 0.28465
vt 0.44757 0.30372
vt 0.40777 0.29147
vt 0.42761 0.27804
vt 0.02056 0.858
vt 0.05861 0.86941
vt 0.0136 0.88072
vt 0.06083 0.85494
vt 0.10452 0.86556
vt 0.1056 0.85276
vt 0.15592 0.86494
vt 0.15753 0.85343
vt 0.2208 0.86488
vt 0.22132 0.85739
vt 0.31253 0.8685
vt 0.3129 0.86256
vt 0.49725 0.87713
vt 0.64939 0.87717
vt 0.63265 0.87708
vt 0.63282 0.87518
vt 0.60769 0.87571
vt 0.60759 0.87403
vt 0.50041 0.88
vt 0.60902 0.89176
vt 0.49864 0.88088
vt 0.49995 0.87474
vt 0.49844 0.87353
vt 0.63152 0.89281
vt 0.6314 0.89447
vt 0.73483 0.94005
vt 0.73559 0.93569
vt 0.73671 0.93788
vt 0.64692 0.89604
vt 0.64668 0.89775
vt 0.77675 0.86861
vt 0.79806 0.88962
vt 0.76497 0.8902
vt 0.80577 0.87144
vt 0.81234 0.8893
vt 0.72942 0.89196
vt 0.72153 0.9066
vt 0.71598 0.89942
vt 0.72808 0.84466
vt 0.74476 0.86858
vt 0.72359 0.86831
vt 0.72859 0.83829
vt 0.79717 0.92695
vt 0.78235 0.9128
vt 0.78338 0.91055
vt 0.78984 0.84343
vt 0.89701 0.89238
vt 0.87433 0.89232
vt 0.87963 0.88371
vt 0.84016 0.88218
vt 0.8698 0.90092
vt 0.83145 0.88968
vt 0.81856 0.89226
vt 0.81806 0.89004
vt 0.8237 0.87804
vt 0.81679 0.9111
vt 0.8304 0.92775
vt 0.77444 0.9002
vt 0.76512 0.89187
vt 0.73374 0.93116
vt 0.74587 0.91202
vt 0.76047 0.9295
vt 0.70851 0.89375
vt 0.70047 0.89266
vt 0.70085 0.88998
vt 0.7032 0.93701
vt 0.69904 0.92369
vt 0.71219 0.938
vt 0.6863 0.92602
vt 0.68734 0.91501
vt 0.66009 0.9024
vt 0.64379 0.91251
vt 0.63261 0.90835
vt 0.61128 0.90532
vt 0.49435 0.89594
vt 0.31219 0.87413
vt 0.31124 0.88993
vt 0.22025 0.87299
vt 0.21845 0.89054
vt 0.1543 0.87647
vt 0.1543 0.89429
vt 0.10343 0.87838
vt 0.10146 0.8984
vt 0.05638 0.88389
vt 0.0541 0.90517
vt 0.00698 0.90202
vt 0.00591 0.92032
vt 0.4078 0.24865
vt 0.4283 0.24013
vt 0.42841 0.25918
vt 0.44778 0.24164
vt 0.45783 0.26269
vt 0.51283 0.27254
vt 0.48634 0.27538
vt 0.48449 0.26779
vt 0.56089 0.30283
vt 0.5413 0.27189
vt 0.57386 0.28543
vt 0.59861 0.31197
vt 0.60941 0.29078
vt 0.65066 0.32878
vt 0.67878 0.30457
vt 0.88175 0.91305
vt 0.91297 0.90952
vt 0.91541 0.91292
vt 0.63533 0.31789
vt 0.80601 0.90138
vt 0.81479 0.91124
vt 0.81267 0.89247
vt 0.86843 0.90241
vt 0.83173 0.89186
vt 0.98724 0.90532
vt 0.98791 0.91381
vt 0.98421 0.90771
vt 0.64683 0.9302
vt 0.63289 0.91968
vt 0.64755 0.92281
vt 0.76423 0.93402
vt 0.76396 0.93681
vt 0.67642 0.93153
vt 0.68935 0.93021
vt 0.68761 0.93499
vt 0.708 0.89623
vt 0.63997 0.33307
vt 0.65234 0.33262
vt 0.70438 0.94032
vt 0.70402 0.94228
vt 0.05538 0.92994
vt 0.10078 0.91307
vt 0.10201 0.92231
vt 0.15458 0.90771
vt 0.15534 0.91682
vt 0.00386 0.94243
vt 0.0535 0.92069
vt 0.21758 0.90383
vt 0.21796 0.91277
vt 0.80167 0.93393
vt 0.8303 0.93288
vt 0.71392 0.94044
vt 0.71383 0.94237
vt 0.68911 0.29645
vt 0.68687 0.29723
vt 0.63207 0.3642
vt 0.65767 0.28241
vt 0.58006 0.2658
vt 0.57881 0.27261
vt 0.31069 0.90223
vt 0.31064 0.91095
vt 0.49179 0.90774
vt 0.49136 0.91623
vt 0.61228 0.91641
vt 0.61138 0.9247
vt 0.87588 0.90691
vt 0.88012 0.91397
vt 0.87422 0.90797
vt 0.63156 0.92754
vt 0.89375 0.9267
vt 0.91836 0.92382
vt 0.49108 0.24863
vt 0.51523 0.2629
vt 0.48856 0.25625
vt 0.43157 0.22643
vt 0.44534 0.23704
vt 0.42852 0.23472
vt 0.89189 0.92767
vt 0.54732 0.26018
vt 0.54611 0.26757
vt 0.76875 0.93614
vt 0.76855 0.93871
vt 0.40807 0.2132
vt 0.40375 0.22092
vt 0.79954 0.89175
vt 0.80884 0.90178
vt 0.63735 0.34146
vt 0.92267 0.92492
vt 0.92302 0.92093
vt 0.90404 0.89908
vt 0.90001 0.89164
vt 0.90701 0.89854
vt 0.85102 0.87242
vt 0.8814 0.88211
vt 0.91382 0.90544
vt 0.91606 0.90871
vt 0.9184 0.91173
vt 0.92198 0.91972
vt 0.82189 0.85928
vt 0.83069 0.86398
vt 0.82969 0.86622
vt 0.8495 0.87467
vt 0.94686 0.89269
vt 0.97094 0.90804
vt 0.94631 0.90138
vt 0.94593 0.90546
vt 0.98087 0.91516
vt 0.97429 0.91702
vt 0.97401 0.91614
vt 0.945 0.91773
vt 0.97715 0.90846
vt 0.97291 0.9126
vt 0.9719 0.91011
vt 0.98931 0.91754
vt 0.99527 0.91472
vt 0.99812 0.91472
vt 0.94523 0.92371
vt 0.97483 0.92076
vt 0.98205 0.91935
vt 0.98884 0.91541
vt 0.98136 0.91618
vt 0.9824 0.90552
vt 0.97882 0.91129
vt 0.97555 0.90602
vt 0.91084 0.90601
vt 0.63518 0.35224
vt 0.81563 0.87507
vt 0.51186 0.31666
vt 0.4076 0.32451
vt 0.66181 0.85978
vt 0.67362 0.88232
vt 0.68677 0.88567
vt 0.9448 0.91987
vt 0.83423 0.93416
vt 0.83502 0.93068
vt 0.88965 0.9233
vt 0.89108 0.92219
vt 0.83552 0.92851
vt 0.83705 0.93075
vt 0.84971 0.93009
vt 0.84864 0.9276
vt 0.84018 0.93072
vt 0.82974 0.91127
vt 0.83661 0.90247
vt 0.84099 0.91059
vt 0.81944 0.90317
vt 0.82517 0.91152
vt 0.83688 0.93466
vt 0.85034 0.93407
vt 0.89115 0.92508
vt 0.84046 0.9348
vt 0.83888 0.92827
vt 0.79524 0.92738
vt 0.79954 0.9327
vt 0.7483 0.91249
vt 0.77395 0.90272
vt 0.79997 0.93502
vt 0.73157 0.89321
vt 0.74022 0.90319
vt 0.76287 0.92965
vt 0.71961 0.90728
vt 0.71461 0.90115
vt 0.72383 0.91464
vt 0.72597 0.91408
vt 0.66731 0.90509
vt 0.67432 0.90622
vt 0.67445 0.90823
vt 0.72192 0.83772
vt 0.6866 0.88816
vt 0.73752 0.90235
vt 0.82452 0.90299
vt 0.94554 0.9094
vt 0.68736 0.91261
vt 0.67334 0.88477
vt 0.49961 0.87728
vt 0.71535 0.94243
vt 0.71523 0.93993
vt 0.69959 0.92231
vt 0.66078 0.87952
vt 0.64908 0.87928
vt 0.40787 0.26922
vt 0.50442 0.2826
vt 0.52234 0.28964
vt 0.60832 0.8829
vt 0.63206 0.88486
vt 0.64795 0.88779
vt 0.66046 0.88178
vt 0.66012 0.89142
vt 0.67357 0.89572
vt 0.68685 0.90045
vt 0.69969 0.90701
vt 0.70928 0.91099
vt 0.71185 0.93678
vt 0.71236 0.91843
vt 0.72316 0.93526
vt 0.72632 0.94159
vt 0.73404 0.93854
vt 0.72587 0.93905
vt 0.73305 0.93464
vt 0.66016 0.90059
vt 0.60891 0.89026
vt 0.47202 0.26903
vt 0.46455 0.28941
vt 0.46116 0.30688
vt 0.45888 0.33013
vt 0.44784 0.22956
vt 0.47057 0.24909
vt 0.46575 0.25745
vt 0.45667 0.35407
vt 0.45673 0.36295
vt 0.51681 0.25531
vt 0.50837 0.35072
vt 0.47021 0.36129
vt 0.47479 0.30989
vt 0.47382 0.24162
vt 0.47065 0.37027
vt 0.50893 0.36793
vt 0.45683 0.37195
vt 0.98999 0.90287
vt 0.98661 0.8993
vt 0.72251 0.83134
vt 0.9937 0.91285
vt 0.79054 0.8378
vt 0.7641 0.83511
vt 0.72912 0.83197
vt 0.04657 0.77607
vt 0.11316 0.78574
vt 0.31635 0.8015
vt 0.22527 0.79521
vt 0.49662 0.81251
vt 0.61588 0.81972
vt 0.64921 0.82308
vt 0.63544 0.82152
vt 0.6654 0.82502
vt 0.69014 0.82825
vt 0.68036 0.82707
vt 0.71577 0.83063
vt 0.60978 0.37525
vt 0.57395 0.3702
vt 0.54428 0.36786
vt 0.49002 0.36927
vt 0.44282 0.37334
vt 0.42227 0.37506
vt 0.40623 0.36737
vt 0.07458 0.78192
vt 0.16493 0.79067
vt 0.81648 0.84059
vt 0.86948 0.84855
vt 0.94938 0.8762
vt 0.90951 0.85907
vt 0.98297 0.89616
vt 0.67262 0.83306
vt 0.67338 0.82611
vt 0.6672 0.90324
vt 0.66671 0.89346
vt 0.66671 0.88319
vt 0.66701 0.88083
vt 0.66882 0.86078
vt 0.66556 0.92321
vt 0.66512 0.93045
vt 0.6776 0.92559
vt 0.67548 0.92142
vt 0.66451 0.91894
vt 0.67198 0.84002
vt 0.99659 0.91217
vt 0.68241 0.30779
vt 0.40319 0.23261
vt 0.63702 0.91796
vt 0.3107 0.89929
vt 0.49257 0.90253
vt 0.31084 0.89684
vt 0.63659 0.91598
vt 0.21773 0.89814
vt 0.21746 0.90085
vt 0.15433 0.902
vt 0.01122 0.92857
vt 0.05285 0.91766
vt 0.10068 0.90701
vt 0.01164 0.92596
vt 0.05319 0.91431
vt 0.10039 0.91009
vt 0.15433 0.90474
vt 0.49193 0.90486
vt 0.61223 0.91138
vt 0.63317 0.91457
vt 0.6126 0.91355
vt 0.63349 0.91687
vt 0.00164 0.93306
vt 0.61413 0.27276
vt 0.95282 0.00353
vt 0.40514 0.37631
usemtl mat0
f 1/1/1 2/2/2 3/3/3
f 4/4/4 3/3/3 5/5/5
f 6/6/6 5/5/5 7/7/7
f 6/6/6 8/8/8 9/9/9
f 9/9/9 10/10/10 11/11/11
f 12/12/12 13/13/13 14/14/14
f 15/15/15 16/16/16 17/17/17
f 18/18/18 19/19/19 20/20/20
f 21/21/21 22/22/22 23/23/23
f 24/24/24 25/25/25 26/26/26
f 26/26/26 27/27/27 28/28/28
f 29/29/29 30/30/30 31/31/31
f 32/32/32 33/33/33 34/34/34
f 32/32/32 35/35/35 36/36/36
f 36/36/36 37/37/37 38/38/38
f 37/37/37 39/39/39 40/40/40
f 41/41/41 42/42/42 43/43/43
f 44/44/44 42/42/42 45/45/45
f 46/46/46 45/45/45 47/47/47
f 48/48/48 49/49/49 50/50/50
f 51/51/51 50/50/50 16/16/16
f 52/52/52 17/17/17 53/53/53
f 54/54/54 53/53/53 55/55/55
f 56/56/56 55/55/55 19/19/19
f 18/18/18 57/57/57 21/21/21
f 23/23/23 58/58/58 24/59/24
f 59/60/59 60/61/60 61/62/61
f 62/63/62 43/43/43 63/64/63
f 63/64/63 44/44/44 64/65/64
f 65/66/65 44/44/44 46/46/46
f 66/67/66 67/68/67 48/48/48
f 68/69/68 48/48/48 51/51/51
f 68/69/68 15/15/15 69/70/69
f 69/70/69 52/52/52 70/71/70
f 71/72/71 52/52/52 54/54/54
f 71/72/71 56/56/56 72/73/72
f 72/73/72 18/18/18 73/74/73
f 73/74/73 21/21/21 74/75/74
f 74/75/74 23/23/23 75/76/75
f 75/76/75 24/59/24 76/77/76
f 77/78/77 24/24/24 26/26/26
f 77/78/77 28/28/28 78/79/78
f 79/80/79 31/31/31 80/81/80
f 81/82/81 32/32/32 82/83/82
f 82/83/82 36/36/36 83/84/83
f 84/85/84 85/86/85 86/87/86
f 87/88/87 88/89/88 89/90/89
f 90/91/90 91/92/91 92/93/92
f 93/94/93 94/95/94 95/96/95
f 96/97/96 87/88/87 97/98/97
f 98/99/98 96/97/96 99/100/99
f 100/101/100 101/102/101 98/99/98
f 102/103/102 103/104/103 104/105/104
f 105/106/105 106/107/106 107/108/107
f 108/109/108 109/110/109 106/107/106
f 110/111/110 109/112/109 111/113/111
f 112/114/112 113/115/113 110/111/110
f 114/116/114 115/117/115 112/114/112
f 116/118/116 117/119/117 114/116/114
f 118/120/118 119/121/119 116/118/116
f 120/122/120 121/123/121 118/120/118
f 122/124/122 123/125/123 124/126/124
f 125/127/125 124/126/124 126/128/126
f 127/129/127 128/130/128 129/131/129
f 130/132/130 126/128/126 131/133/131
f 132/134/132 127/129/127 133/135/133
f 134/136/134 135/137/135 136/138/136
f 137/139/137 133/135/133 138/140/138
f 139/141/139 140/142/140 141/143/141
f 142/144/142 143/145/143 139/141/139
f 144/146/144 145/147/145 146/148/146
f 147/149/147 148/150/148 149/151/149
f 14/14/14 150/152/150 148/150/148
f 141/143/141 147/149/147 145/147/145
f 151/153/151 152/154/152 153/155/153
f 11/11/11 154/156/154 12/12/12
f 155/157/155 156/158/156 157/159/157
f 158/160/158 159/161/159 160/162/160
f 161/163/161 160/162/160 162/164/162
f 160/162/160 163/165/163 162/164/162
f 164/166/164 59/60/59 165/167/165
f 166/168/166 167/169/167 141/143/141
f 168/170/168 169/171/169 170/172/170
f 171/173/171 172/174/172 173/175/173
f 174/176/174 175/177/175 176/178/176
f 177/179/177 178/180/178 175/177/175
f 179/181/179 180/182/180 138/140/138
f 181/183/181 138/140/138 133/135/133
f 182/184/182 133/135/133 127/129/127
f 183/185/183 127/129/127 129/131/129
f 183/185/183 184/186/184 185/187/185
f 185/187/185 186/188/186 187/189/187
f 187/189/187 188/190/188 189/191/189
f 189/191/189 190/192/190 191/193/191
f 191/193/191 192/194/192 193/195/193
f 193/195/193 194/196/194 195/197/195
f 196/198/196 194/199/194 197/200/197
f 198/201/198 197/200/197 199/202/199
f 200/203/200 201/204/201 202/205/202
f 203/206/203 204/207/204 205/208/205
f 205/208/205 206/209/206 207/210/207
f 85/86/85 208/211/208 209/212/209
f 210/213/210 211/214/211 212/215/212
f 206/209/206 93/94/93 213/216/213
f 214/217/214 153/155/153 215/218/215
f 216/219/216 162/164/162 142/144/142
f 217/220/217 160/162/160 218/221/218
f 219/222/219 220/223/220 221/224/221
f 222/225/222 223/226/223 224/227/224
f 225/228/225 136/138/136 226/229/226
f 86/87/86 227/230/227 84/85/84
f 228/231/228 229/232/229 230/233/230
f 231/234/231 146/148/146 172/174/172
f 208/211/208 232/235/232 233/236/233
f 234/237/234 230/233/230 235/238/235
f 236/239/236 237/240/237 238/241/238
f 239/242/239 238/241/238 240/243/240
f 241/244/241 242/245/242 237/240/237
f 243/246/243 240/243/240 244/247/244
f 61/62/61 245/248/245 246/249/246
f 247/250/247 235/238/235 248/251/248
f 209/212/209 249/252/249 250/253/250
f 40/40/40 251/254/251 88/89/88
f 250/253/250 252/255/252 86/87/86
f 253/256/253 244/247/244 254/257/254
f 255/258/255 254/257/254 256/259/256
f 257/260/257 256/259/256 258/261/258
f 259/262/259 260/263/260 261/264/261
f 257/260/257 262/265/262 222/225/222
f 92/93/92 263/266/263 264/267/264
f 265/268/265 266/269/266 267/270/267
f 91/92/91 268/271/268 263/266/263
f 269/272/269 226/229/226 270/273/270
f 267/270/267 242/274/242 271/275/271
f 272/276/272 214/217/214 273/277/273
f 89/90/89 274/278/274 94/95/94
f 92/93/92 275/279/275 276/280/276
f 277/281/277 278/282/278 279/283/279
f 280/284/280 157/159/157 281/285/281
f 282/286/282 210/213/210 283/287/283
f 284/288/284 90/91/90 285/289/285
f 286/290/286 287/291/287 288/292/288
f 286/290/286 289/293/289 280/284/280
f 279/283/279 4/4/4 277/281/277
f 290/294/290 291/295/291 292/296/292
f 293/297/293 290/294/290 292/296/292
f 294/298/294 295/299/295 296/300/296
f 281/285/281 9/9/9 280/284/280
f 286/290/286 9/9/9 11/11/11
f 276/280/276 297/301/297 285/289/285
f 277/281/277 6/6/6 281/285/281
f 298/302/298 299/303/299 300/304/300
f 298/302/298 297/301/297 296/300/296
f 301/305/301 302/306/302 303/307/303
f 284/288/284 293/297/293 283/287/283
f 294/298/294 304/308/304 305/309/305
f 306/310/306 307/311/307 302/306/302
f 281/285/281 156/158/156 277/281/277
f 282/286/282 291/295/291 279/283/279
f 308/312/308 305/309/305 307/311/307
f 309/313/309 310/314/310 299/303/299
f 308/312/308 219/222/219 295/299/295
f 311/315/311 4/4/4 291/295/291
f 279/283/279 312/316/312 282/286/282
f 88/89/88 313/317/313 89/90/89
f 159/161/159 288/292/288 163/165/163
f 155/157/155 289/293/289 159/161/159
f 158/160/158 278/282/278 155/157/155
f 140/142/140 14/14/14 147/149/147
f 145/147/145 149/151/149 146/148/146
f 143/145/143 287/291/287 11/11/11
f 143/145/143 12/12/12 140/142/140
f 83/84/83 38/38/38 87/88/87
f 97/98/97 89/90/89 94/95/94
f 101/102/101 83/84/83 96/97/96
f 81/82/81 101/102/101 314/318/314
f 103/104/103 79/80/79 80/81/80
f 107/108/107 77/78/77 78/79/78
f 106/107/106 76/319/76 77/78/77
f 113/115/113 76/77/76 109/112/109
f 115/117/115 75/76/75 113/115/113
f 117/119/117 74/75/74 115/117/115
f 119/121/119 73/74/73 117/119/117
f 121/123/121 72/73/72 119/121/119
f 121/123/121 70/71/70 71/72/71
f 126/128/126 70/71/70 131/133/131
f 124/126/124 69/70/69 126/128/126
f 124/126/124 66/67/66 68/69/68
f 123/125/123 315/320/315 66/67/66
f 316/321/316 64/65/64 65/66/65
f 317/322/317 63/64/63 64/65/64
f 173/175/173 62/63/62 63/64/63
f 318/323/318 275/279/275 304/308/304
f 61/62/61 319/324/319 320/325/320
f 162/164/162 321/326/321 142/144/142
f 322/327/322 91/92/91 323/328/323
f 272/276/272 142/144/142 139/141/139
f 321/326/321 288/292/288 287/291/287
f 324/329/324 320/325/320 325/330/325
f 326/331/326 322/327/322 327/332/327
f 327/332/327 328/333/328 326/331/326
f 329/334/329 330/335/330 331/336/331
f 331/336/331 261/264/261 329/334/329
f 332/337/332 164/166/164 333/338/333
f 325/330/325 319/324/319 334/339/334
f 335/340/335 336/341/336 268/271/268
f 326/331/326 337/342/337 336/341/336
f 328/333/328 334/339/334 337/342/337
f 332/337/332 161/163/161 216/219/216
f 330/335/330 324/329/324 338/343/338
f 339/344/339 269/272/269 340/345/340
f 341/346/341 342/347/342 151/153/151
f 340/345/340 270/273/270 343/348/343
f 344/349/344 141/143/141 145/147/145
f 345/350/345 168/170/168 342/347/342
f 60/61/60 343/348/343 245/248/245
f 346/351/346 225/228/225 269/272/269
f 172/174/172 149/151/149 62/63/62
f 347/352/347 146/148/146 348/353/348
f 349/354/349 169/171/169 350/355/350
f 351/356/351 352/357/352 353/358/353
f 149/151/149 41/41/41 62/63/62
f 148/150/148 354/359/354 41/41/41
f 355/360/355 173/175/173 317/322/317
f 344/349/344 356/361/356 345/350/345
f 345/350/345 166/168/166 344/349/344
f 357/362/357 333/338/333 330/335/330
f 216/219/216 273/277/273 332/337/332
f 329/334/329 217/220/217 218/221/218
f 357/362/357 218/221/218 161/163/161
f 299/303/299 1/1/1 311/315/311
f 283/287/283 292/296/292 282/286/282
f 300/304/300 311/315/311 290/294/290
f 358/363/358 300/304/300 293/297/293
f 283/287/283 212/215/212 284/288/284
f 273/277/273 215/218/215 164/166/164
f 261/264/261 158/160/158 217/220/217
f 94/95/94 232/235/232 95/96/95
f 167/169/167 139/141/139 141/143/141
f 99/100/99 97/98/97 93/94/93
f 260/263/260 312/316/312 158/160/158
f 341/346/341 153/155/153 167/169/167
f 356/361/356 350/355/350 168/170/168
f 349/354/349 144/146/144 347/352/347
f 359/364/359 353/358/353 177/179/177
f 360/365/360 317/322/317 316/321/316
f 130/132/130 120/122/120 361/366/361
f 247/250/247 362/367/362 363/368/363
f 364/369/364 177/179/177 174/176/174
f 365/370/365 366/371/366 123/125/123
f 184/186/184 120/122/120 118/120/118
f 184/186/184 116/118/116 186/188/186
f 186/188/186 114/116/114 188/190/188
f 188/190/188 112/114/112 190/192/190
f 190/192/190 110/111/110 192/194/192
f 111/113/111 192/194/192 110/111/110
f 197/200/197 111/372/111 108/109/108
f 199/202/199 108/109/108 105/106/105
f 200/203/200 104/105/104 367/373/367
f 368/374/368 98/99/98 204/207/204
f 204/207/204 99/100/99 206/209/206
f 213/216/213 95/96/95 208/211/208
f 310/314/310 220/223/220 2/2/2
f 125/127/125 361/366/361 369/375/369
f 122/124/122 369/375/369 370/376/370
f 365/370/365 370/376/370 371/377/371
f 372/378/372 371/377/371 373/379/373
f 355/360/355 374/380/374 375/381/375
f 171/173/171 375/381/375 376/382/376
f 231/234/231 376/382/376 377/383/377
f 378/384/378 379/385/379 380/386/380
f 381/387/381 382/388/382 135/137/135
f 383/389/383 362/367/362 382/388/382
f 349/354/349 380/386/380 384/390/384
f 348/353/348 377/383/377 347/352/347
f 347/352/347 378/384/378 349/354/349
f 377/383/377 364/369/364 378/384/378
f 376/382/376 359/364/359 364/369/364
f 375/381/375 351/356/351 359/364/359
f 373/379/373 137/139/137 385/391/385
f 371/377/371 132/134/132 137/139/137
f 370/376/370 386/392/386 132/134/132
f 369/375/369 128/130/128 386/392/386
f 176/178/176 363/368/363 379/385/379
f 129/131/129 361/366/361 120/122/120
f 387/393/387 105/106/105 388/394/388
f 389/395/389 78/79/78 390/396/390
f 391/397/391 392/398/392 265/268/265
f 393/399/393 199/202/199 387/393/387
f 388/394/388 107/108/107 389/395/389
f 78/79/78 394/400/394 390/396/390
f 28/28/28 395/401/395 394/400/394
f 367/373/367 100/101/100 368/374/368
f 314/318/314 80/81/80 81/82/81
f 201/204/201 368/374/368 203/206/203
f 104/105/104 314/318/314 100/101/100
f 80/81/80 396/402/396 81/82/81
f 31/31/31 33/33/33 396/402/396
f 394/400/394 397/403/397 29/29/29
f 390/396/390 29/29/29 79/80/79
f 102/103/102 389/395/389 398/404/398
f 387/393/387 202/205/202 393/399/393
f 399/405/399 400/406/400 391/397/391
f 398/404/398 390/396/390 79/80/79
f 387/393/387 102/103/102 200/203/200
f 395/401/395 401/407/401 397/403/397
f 30/30/30 402/408/402 33/33/33
f 27/27/27 403/409/403 395/401/395
f 2/2/2 404/410/404 405/411/405
f 150/152/150 406/412/406 354/359/354
f 407/413/407 404/410/404 220/223/220
f 10/10/10 408/414/408 154/156/154
f 150/152/150 409/415/409 410/416/410
f 22/22/22 411/417/411 58/58/58
f 20/20/20 412/418/412 57/57/57
f 19/19/19 413/419/413 414/420/414
f 55/55/55 415/421/415 413/419/413
f 53/53/53 416/422/416 415/421/415
f 16/16/16 417/423/417 418/424/418
f 50/50/50 419/425/419 417/423/417
f 47/47/47 420/426/420 421/427/421
f 45/45/45 422/428/422 420/426/420
f 354/359/354 422/428/422 42/42/42
f 38/38/38 40/40/40 88/89/88
f 35/35/35 423/429/423 37/37/37
f 34/34/34 424/430/424 35/35/35
f 34/34/34 402/408/402 425/431/425
f 30/30/30 401/407/401 426/432/426
f 25/25/25 427/433/427 27/27/27
f 58/434/58 428/435/428 25/25/25
f 57/57/57 429/436/429 22/22/22
f 20/20/20 414/420/414 430/437/430
f 17/17/17 418/424/418 416/422/416
f 154/156/154 409/415/409 13/13/13
f 8/8/8 431/438/431 10/10/10
f 7/7/7 432/439/432 8/8/8
f 7/7/7 433/440/433 434/441/434
f 5/5/5 435/442/435 433/440/433
f 3/3/3 405/411/405 435/442/435
f 436/443/436 421/427/421 437/444/437
f 49/49/49 437/444/437 419/425/419
f 374/380/374 438/445/438 351/356/351
f 439/446/439 385/391/385 438/445/438
f 360/365/360 439/446/439 374/380/374
f 440/447/440 373/379/373 439/446/439
f 440/447/440 316/321/316 441/448/441
f 372/378/372 441/448/441 366/371/366
f 385/391/385 138/140/138 180/182/180
f 438/445/438 180/182/180 352/357/352
f 441/448/441 65/66/65 442/449/442
f 366/371/366 442/449/442 315/320/315
f 443/450/443 223/226/223 444/451/444
f 445/452/445 444/451/444 229/232/229
f 353/358/353 446/453/446 178/180/178
f 352/357/352 447/454/447 446/453/446
f 65/66/65 448/455/448 442/449/442
f 442/449/442 67/68/67 315/320/315
f 448/455/448 47/47/47 436/443/436
f 67/68/67 436/443/436 49/49/49
f 443/450/443 446/453/446 447/454/447
f 445/452/445 178/180/178 446/453/446
f 301/305/301 449/456/449 407/413/407
f 393/399/393 399/405/399 391/397/391
f 450/457/450 203/206/203 451/458/451
f 198/201/198 391/397/391 265/268/265
f 174/176/174 379/385/379 364/369/364
f 384/390/384 383/389/383 381/387/381
f 380/386/380 363/368/363 383/389/383
f 384/390/384 134/136/134 169/171/169
f 342/347/342 170/172/170 346/351/346
f 151/153/151 346/351/346 339/344/339
f 338/343/338 325/330/325 328/333/328
f 331/336/331 338/343/338 327/332/327
f 259/262/259 327/332/327 322/327/322
f 333/338/333 165/167/165 324/329/324
f 211/214/211 322/327/322 323/328/323
f 295/299/295 221/224/221 309/313/309
f 296/300/296 318/323/318 294/298/294
f 358/363/358 285/289/285 297/301/297
f 309/313/309 296/300/296 295/299/295
f 285/289/285 92/93/92 276/280/276
f 208/211/208 452/459/452 209/212/209
f 306/310/306 407/413/407 219/222/219
f 86/87/86 209/212/209 250/253/250
f 453/460/453 207/210/207 84/85/84
f 451/458/451 205/208/205 453/460/453
f 399/405/399 201/204/201 450/457/450
f 265/268/265 196/198/196 198/201/198
f 195/461/195 267/270/267 271/275/271
f 454/462/454 222/225/222 224/227/224
f 455/463/455 243/246/243 253/256/253
f 456/464/456 185/187/185 457/465/457
f 454/462/454 179/181/179 458/466/458
f 457/465/457 187/189/187 459/467/459
f 460/468/460 239/242/239 243/246/243
f 459/467/459 189/191/189 461/469/461
f 462/470/462 241/244/241 463/471/463
f 461/469/461 191/193/191 464/472/464
f 224/227/224 447/454/447 179/181/179
f 228/231/228 175/177/175 178/180/178
f 176/178/176 234/237/234 247/250/247
f 170/172/170 134/136/134 225/228/225
f 165/167/165 61/62/61 320/325/320
f 339/344/339 60/61/60 152/154/152
f 212/215/212 323/328/323 90/91/90
f 207/210/207 213/216/213 85/86/85
f 215/218/215 152/154/152 59/60/59
f 463/471/463 465/473/465 462/470/462
f 466/474/466 467/475/467 463/471/463
f 468/476/468 464/472/464 466/474/466
f 460/468/460 461/469/461 468/476/468
f 455/463/455 459/467/459 460/468/460
f 469/477/469 457/465/457 455/463/455
f 469/477/469 470/478/470 456/464/456
f 471/479/471 472/480/472 470/478/470
f 473/481/473 458/466/458 472/480/472
f 465/473/465 271/482/271 462/470/462
f 456/464/456 182/184/182 183/185/183
f 469/477/469 253/256/253 255/258/255
f 470/478/470 181/183/181 182/184/182
f 469/477/469 257/260/257 471/479/471
f 465/473/465 193/195/193 195/197/195
f 466/474/466 241/244/241 236/239/236
f 458/466/458 181/183/181 472/480/472
f 471/479/471 222/225/222 473/481/473
f 464/472/464 193/195/193 467/475/467
f 468/476/468 236/239/236 239/242/239
f 84/85/84 474/483/474 453/460/453
f 450/457/450 475/484/475 399/405/399
f 453/460/453 476/485/476 451/458/451
f 451/458/451 477/486/477 450/457/450
f 478/487/478 479/488/479 480/489/480
f 480/489/480 481/490/481 482/491/482
f 482/491/482 483/492/483 484/493/484
f 485/494/485 483/492/483 486/495/486
f 487/496/487 486/495/486 488/497/488
f 489/498/489 490/499/490 491/500/491
f 492/501/492 493/502/493 494/503/494
f 495/504/495 496/505/496 497/506/497
f 498/507/498 499/508/499 500/509/500
f 501/510/501 502/511/502 503/512/503
f 504/513/504 503/512/503 505/514/505
f 506/515/506 507/516/507 508/517/508
f 509/518/509 510/519/510 511/520/511
f 512/521/512 510/519/510 513/522/513
f 514/523/514 513/522/513 515/524/515
f 39/525/39 514/523/514 516/526/516
f 517/527/517 518/528/518 519/529/519
f 517/527/517 520/530/520 521/531/521
f 521/531/521 522/532/522 523/533/523
f 524/534/524 525/535/525 526/536/526
f 526/536/526 527/537/527 492/501/492
f 494/503/494 528/538/528 529/539/529
f 529/539/529 530/540/530 531/541/531
f 531/541/531 532/542/532 495/504/495
f 533/543/533 496/505/496 499/508/499
f 534/544/534 500/509/500 502/545/502
f 535/546/535 536/547/536 537/548/537
f 519/529/519 538/549/538 539/550/539
f 520/530/520 539/550/539 540/551/540
f 520/530/520 541/552/541 522/532/522
f 542/553/542 543/554/543 525/535/525
f 525/535/525 544/555/544 527/537/527
f 493/502/493 544/555/544 545/556/545
f 528/538/528 545/556/545 546/557/546
f 528/538/528 547/558/547 530/540/530
f 532/542/532 547/558/547 548/559/548
f 496/505/496 548/559/548 549/560/549
f 499/508/499 549/560/549 550/561/550
f 500/509/500 550/561/550 551/562/551
f 502/545/502 551/562/551 552/563/552
f 502/511/502 553/564/553 503/512/503
f 505/514/505 553/564/553 554/565/554
f 508/517/508 555/566/555 556/567/556
f 510/519/510 557/568/557 558/569/558
f 513/522/513 558/569/558 559/570/559
f 560/571/560 561/572/561 562/573/562
f 563/574/563 564/575/564 565/576/565
f 566/577/566 567/578/567 568/579/568
f 569/580/569 570/581/570 571/582/571
f 564/575/564 572/583/572 573/584/573
f 572/583/572 574/585/574 575/586/575
f 576/587/576 577/588/577 574/585/574
f 578/589/578 579/590/579 580/591/580
f 581/592/581 582/593/582 583/594/583
f 584/595/584 585/596/585 581/592/581
f 584/597/584 586/598/586 587/599/587
f 588/600/588 589/601/589 586/598/586
f 590/602/590 591/603/591 589/601/589
f 592/604/592 593/605/593 591/603/591
f 594/606/594 595/607/595 593/605/593
f 596/608/596 597/609/597 595/607/595
f 598/610/598 599/611/599 600/612/600
f 600/612/600 601/613/601 602/614/602
f 603/615/603 604/616/604 605/617/605
f 602/614/602 606/618/606 607/619/607
f 604/616/604 608/620/608 609/621/609
f 135/622/135 610/623/610 136/624/136
f 609/621/609 611/625/611 612/626/612
f 613/627/613 614/628/614 615/629/615
f 616/630/616 617/631/617 614/628/614
f 618/632/618 619/633/619 620/634/620
f 621/635/621 622/636/622 623/637/623
f 624/638/624 491/500/491 621/635/621
f 622/636/622 615/629/615 618/632/618
f 625/639/625 626/640/626 627/641/627
f 628/642/628 488/497/488 490/499/490
f 629/643/629 630/644/630 631/645/631
f 632/646/632 633/647/633 634/648/634
f 634/648/634 635/649/635 636/650/636
f 637/651/637 634/648/634 636/650/636
f 536/547/536 638/652/638 639/653/639
f 640/654/640 641/655/641 615/629/615
f 642/656/642 643/657/643 644/658/644
f 645/659/645 646/660/646 647/661/647
f 648/662/648 649/663/649 650/664/650
f 651/665/651 652/666/652 648/662/648
f 653/667/653 654/668/654 612/626/612
f 612/626/612 655/669/655 609/621/609
f 609/621/609 656/670/656 604/616/604
f 604/616/604 657/671/657 605/617/605
f 658/672/658 657/671/657 659/673/659
f 660/674/660 659/673/659 661/675/661
f 662/676/662 661/675/661 663/677/663
f 664/678/664 663/677/663 665/679/665
f 666/680/666 665/679/665 667/681/667
f 668/682/668 667/681/667 669/683/669
f 668/684/668 670/685/670 671/686/671
f 671/686/671 672/687/672 673/688/673
f 674/689/674 675/690/675 676/691/676
f 677/692/677 678/693/678 679/694/679
f 680/695/680 679/694/679 681/696/681
f 682/697/682 560/571/560 683/698/683
f 684/699/684 685/700/685 686/701/686
f 570/581/570 680/695/680 687/702/687
f 627/641/627 688/703/688 689/704/689
f 636/650/636 690/705/690 617/631/617
f 634/648/634 691/706/691 692/707/692
f 693/708/693 694/709/694 695/710/695
f 223/711/223 696/712/696 697/713/697
f 136/624/136 698/714/698 226/715/226
f 229/716/229 699/717/699 230/718/230
f 620/634/620 700/719/700 645/659/645
f 232/720/232 682/697/682 233/721/233
f 230/718/230 701/722/701 235/723/235
f 237/724/237 702/725/702 238/726/238
f 238/726/238 703/727/703 240/728/240
f 242/729/242 704/730/704 237/724/237
f 240/728/240 705/731/705 244/732/244
f 245/733/245 537/548/537 246/734/246
f 235/723/235 706/735/706 248/736/248
f 249/737/249 683/698/683 707/738/707
f 251/739/251 516/526/516 563/574/563
f 252/740/252 707/738/707 562/573/562
f 474/741/474 561/572/561 708/742/708
f 244/732/244 709/743/709 254/744/254
f 254/744/254 710/745/710 256/746/256
f 256/746/256 711/747/711 258/748/258
f 712/749/712 713/750/713 714/751/714
f 262/752/262 711/747/711 696/712/696
f 263/753/263 568/579/568 264/754/264
f 475/755/475 715/756/715 716/757/716
f 266/758/266 717/759/717 718/760/718
f 268/761/268 566/577/566 263/753/263
f 476/762/476 708/742/708 719/763/719
f 226/715/226 720/764/720 270/765/270
f 242/766/242 718/760/718 721/767/721
f 688/703/688 722/768/722 723/769/723
f 274/770/274 565/576/565 569/580/569
f 275/771/275 568/579/568 724/772/724
f 725/773/725 726/774/726 727/775/727
f 631/645/631 728/776/728 729/777/729
f 685/700/685 730/778/730 731/779/731
f 567/578/567 732/780/732 733/781/733
f 734/782/734 735/783/735 736/784/736
f 737/785/737 735/783/735 728/776/728
f 481/490/481 727/775/727 726/774/726
f 738/786/738 739/787/739 740/788/740
f 739/787/739 741/789/741 740/788/740
f 742/790/742 743/791/743 744/792/744
f 486/495/486 729/777/729 728/776/728
f 486/495/486 735/783/735 488/497/488
f 745/793/745 724/772/724 733/781/733
f 483/492/483 726/774/726 729/777/729
f 746/794/746 747/795/747 748/796/748
f 745/793/745 747/795/747 744/792/744
f 302/797/302 749/798/749 303/799/303
f 741/789/741 732/780/732 731/779/731
f 304/800/304 743/791/743 305/801/305
f 307/802/307 750/803/750 302/797/302
f 629/643/629 729/777/729 726/774/726
f 738/786/738 730/778/730 727/775/727
f 305/801/305 751/804/751 307/802/307
f 752/805/752 753/806/753 746/794/746
f 694/709/694 751/804/751 742/790/742
f 481/490/481 754/807/754 738/786/738
f 755/808/755 727/775/727 730/778/730
f 313/809/313 563/574/563 565/576/565
f 736/784/736 632/646/632 637/651/637
f 737/785/737 630/644/630 632/646/632
f 725/773/725 633/647/633 630/644/630
f 491/500/491 613/627/613 622/636/622
f 623/637/623 618/632/618 620/634/620
f 616/630/616 734/782/734 756/810/756
f 490/499/490 616/630/616 613/627/613
f 515/524/515 559/570/559 564/575/564
f 565/576/565 573/584/573 569/580/569
f 559/570/559 576/587/576 572/583/572
f 576/587/576 557/568/557 757/811/757
f 555/566/555 578/589/578 556/567/556
f 553/564/553 583/594/583 554/565/554
f 552/812/552 581/592/581 553/564/553
f 552/563/552 588/600/588 584/597/584
f 551/562/551 590/602/590 588/600/588
f 550/561/550 592/604/592 590/602/590
f 549/560/549 594/606/594 592/604/592
f 548/559/548 596/608/596 594/606/594
f 546/557/546 596/608/596 547/558/547
f 546/557/546 602/614/602 607/619/607
f 545/556/545 600/612/600 602/614/602
f 543/554/543 600/612/600 544/555/544
f 758/813/758 598/610/598 543/554/543
f 540/551/540 759/814/759 541/552/541
f 539/550/539 760/815/760 540/551/540
f 538/549/538 647/661/647 539/550/539
f 275/771/275 761/816/761 304/800/304
f 319/817/319 537/548/537 762/818/762
f 756/810/756 636/650/636 617/631/617
f 566/577/566 763/819/763 764/820/764
f 617/631/617 722/768/722 614/628/614
f 736/784/736 756/810/756 734/782/734
f 762/818/762 765/821/765 766/822/766
f 763/819/763 767/823/767 768/824/768
f 769/825/769 768/824/768 767/823/767
f 770/826/770 771/827/771 772/828/772
f 714/751/714 772/828/772 771/827/771
f 638/652/638 773/829/773 774/830/774
f 319/817/319 766/822/766 334/831/334
f 336/832/336 775/833/775 268/761/268
f 337/834/337 767/823/767 336/832/336
f 334/831/334 769/825/769 337/834/337
f 635/649/635 773/829/773 690/705/690
f 765/821/765 770/826/770 776/835/776
f 720/764/720 777/836/777 778/837/778
f 779/838/779 780/839/780 626/640/626
f 270/765/270 778/837/778 343/840/343
f 615/629/615 781/841/781 618/632/618
f 643/657/643 782/842/782 779/838/779
f 343/840/343 535/546/535 245/733/245
f 698/714/698 783/843/783 720/764/720
f 623/637/623 645/659/645 538/549/538
f 620/634/620 784/844/784 785/845/785
f 642/656/642 786/846/786 787/847/787
f 788/848/788 789/849/789 790/850/790
f 518/528/518 623/637/623 538/549/538
f 791/851/791 621/635/621 518/528/518
f 647/661/647 792/852/792 760/815/760
f 793/853/793 781/841/781 782/842/782
f 641/655/641 782/842/782 781/841/781
f 774/830/774 794/854/794 770/826/770
f 723/769/723 690/705/690 773/829/773
f 691/706/691 771/827/771 692/707/692
f 692/707/692 794/854/794 635/649/635
f 479/488/479 746/794/746 754/807/754
f 740/788/740 731/779/731 730/778/730
f 754/807/754 748/796/748 739/787/739
f 748/796/748 795/855/795 741/789/741
f 686/701/686 731/779/731 732/780/732
f 689/704/689 723/769/723 638/652/638
f 633/647/633 714/751/714 691/706/691
f 232/720/232 569/580/569 571/582/571
f 614/628/614 640/654/640 615/629/615
f 573/584/573 575/586/575 570/581/570
f 755/808/755 712/749/712 633/647/633
f 627/641/627 780/839/780 640/654/640
f 787/847/787 793/853/793 643/657/643
f 619/633/619 786/846/786 784/844/784
f 790/850/790 796/856/796 652/666/652
f 760/815/760 797/857/797 759/814/759
f 597/609/597 606/618/606 798/858/798
f 362/859/362 706/735/706 799/860/799
f 652/666/652 800/861/800 649/663/649
f 801/862/801 802/863/802 598/610/598
f 597/609/597 658/672/658 595/607/595
f 593/605/593 658/672/658 660/674/660
f 591/603/591 660/674/660 662/676/662
f 589/601/589 662/676/662 664/678/664
f 586/598/586 664/678/664 666/680/666
f 666/680/666 587/599/587 586/598/586
f 587/864/587 671/686/671 585/596/585
f 585/596/585 673/688/673 582/593/582
f 580/591/580 675/690/675 803/865/803
f 574/585/574 804/866/804 677/692/677
f 575/586/575 677/692/677 680/695/680
f 571/582/571 687/702/687 682/697/682
f 693/708/693 752/805/752 478/487/478
f 798/858/798 601/613/601 805/867/805
f 805/867/805 599/611/599 806/868/806
f 806/868/806 802/863/802 807/869/807
f 807/869/807 808/870/808 809/871/809
f 810/872/810 792/852/792 811/873/811
f 811/873/811 646/660/646 812/874/812
f 812/874/812 700/719/700 813/875/813
f 814/876/814 815/877/815 816/878/816
f 382/879/382 817/880/817 135/622/135
f 362/859/362 818/881/818 382/879/382
f 816/878/816 786/846/786 819/882/819
f 813/875/813 785/845/785 784/844/784
f 815/877/815 784/844/784 786/846/786
f 800/861/800 813/875/813 815/877/815
f 796/856/796 812/874/812 800/861/800
f 789/849/789 811/873/811 796/856/796
f 611/625/611 809/871/809 820/883/820
f 608/620/608 807/869/807 611/625/611
f 821/884/821 806/868/806 608/620/608
f 603/615/603 805/867/805 821/884/821
f 799/860/799 650/664/650 814/876/814
f 798/858/798 605/617/605 597/609/597
f 582/593/582 822/885/822 823/886/823
f 554/565/554 824/887/824 825/888/825
f 392/889/392 826/890/826 717/759/717
f 673/688/673 827/891/827 822/885/822
f 583/594/583 823/886/823 824/887/824
f 828/892/828 554/565/554 825/888/825
f 829/893/829 505/514/505 828/892/828
f 577/588/577 803/865/803 804/866/804
f 556/567/556 757/811/757 557/568/557
f 477/894/477 719/763/719 715/756/715
f 804/866/804 674/689/674 678/693/678
f 757/811/757 580/591/580 577/588/577
f 830/895/830 556/567/556 557/568/557
f 509/518/509 508/517/508 830/895/830
f 831/896/831 828/892/828 507/516/507
f 507/516/507 825/888/825 555/566/555
f 824/887/824 579/590/579 832/897/832
f 676/691/676 822/885/822 827/891/827
f 400/898/400 716/757/716 826/890/826
f 825/888/825 832/897/832 555/566/555
f 579/590/579 822/885/822 675/690/675
f 401/899/401 829/893/829 831/896/831
f 402/900/402 506/515/506 509/518/509
f 403/901/403 504/513/504 829/893/829
f 404/902/404 478/487/478 405/903/405
f 406/904/406 624/638/624 791/851/791
f 404/902/404 833/905/833 693/708/693
f 408/906/408 487/496/487 628/642/628
f 409/907/409 624/638/624 410/908/410
f 411/909/411 498/507/498 534/544/534
f 412/910/412 497/506/497 533/543/533
f 413/911/413 495/504/495 414/912/414
f 415/913/415 531/541/531 413/911/413
f 416/914/416 529/539/529 415/913/415
f 417/915/417 492/501/492 418/916/418
f 419/917/419 526/536/526 417/915/417
f 420/918/420 523/533/523 421/919/421
f 422/920/422 521/531/521 420/918/420
f 422/920/422 791/851/791 517/527/517
f 516/526/516 515/524/515 563/574/563
f 423/921/423 512/521/512 514/523/514
f 424/922/424 511/520/511 512/521/512
f 402/900/402 511/520/511 425/923/425
f 401/899/401 506/515/506 426/924/426
f 427/925/427 501/510/501 504/513/504
f 428/926/428 534/927/534 501/510/501
f 429/928/429 533/543/533 498/507/498
f 414/912/414 497/506/497 430/929/430
f 418/916/418 494/503/494 416/914/416
f 409/907/409 628/642/628 489/498/489
f 431/930/431 485/494/485 487/496/487
f 432/931/432 484/493/484 485/494/485
f 433/932/433 484/493/484 434/933/434
f 435/934/435 482/491/482 433/932/433
f 405/903/405 480/489/480 435/934/435
f 421/919/421 834/935/834 437/936/437
f 437/936/437 524/534/524 419/917/419
f 835/937/835 810/872/810 789/849/789
f 820/883/820 836/938/836 835/937/835
f 836/938/836 797/857/797 810/872/810
f 809/871/809 837/939/837 836/938/836
f 759/814/759 837/939/837 838/940/838
f 838/940/838 808/870/808 801/862/801
f 612/626/612 820/883/820 653/667/653
f 653/667/653 835/937/835 788/848/788
f 541/552/541 838/940/838 839/941/839
f 839/941/839 801/862/801 758/813/758
f 223/711/223 840/942/840 444/943/444
f 444/943/444 841/944/841 229/716/229
f 842/945/842 790/850/790 651/665/651
f 843/946/843 788/848/788 842/945/842
f 844/947/844 541/552/541 839/941/839
f 542/553/542 839/941/839 758/813/758
f 523/533/523 844/947/844 834/935/834
f 834/935/834 542/553/542 524/534/524
f 842/945/842 840/942/840 843/946/843
f 651/665/651 841/944/841 842/945/842
f 449/948/449 749/798/749 833/905/833
f 716/757/716 827/891/827 826/890/826
f 678/693/678 715/756/715 719/763/719
f 826/890/826 672/687/672 717/759/717
f 814/876/814 649/663/649 800/861/800
f 818/881/818 819/882/819 817/880/817
f 799/860/799 816/878/816 818/881/818
f 610/623/610 819/882/819 642/656/642
f 644/658/644 779/838/779 783/843/783
f 783/843/783 626/640/626 777/836/777
f 766/822/766 776/835/776 769/825/769
f 776/835/776 772/828/772 768/824/768
f 768/824/768 713/750/713 763/819/763
f 639/653/639 774/830/774 765/821/765
f 763/819/763 684/699/684 764/820/764
f 695/710/695 742/790/742 753/806/753
f 761/816/761 744/792/744 743/791/743
f 733/781/733 795/855/795 745/793/745
f 744/792/744 753/806/753 742/790/742
f 568/579/568 733/781/733 724/772/724
f 452/949/452 682/697/682 683/698/683
f 833/905/833 750/803/750 694/709/694
f 683/698/683 562/573/562 707/738/707
f 681/696/681 708/742/708 561/572/561
f 679/694/679 719/763/719 708/742/708
f 674/689/674 716/757/716 715/756/715
f 670/685/670 717/759/717 672/687/672
f 718/760/718 669/950/669 721/767/721
f 696/712/696 845/951/845 697/713/697
f 705/731/705 846/952/846 709/743/709
f 659/673/659 847/953/847 848/954/848
f 654/668/654 845/951/845 849/955/849
f 661/675/661 848/954/848 850/956/850
f 703/727/703 851/957/851 705/731/705
f 663/677/663 850/956/850 852/958/852
f 704/730/704 853/959/853 854/960/854
f 665/679/665 852/958/852 855/961/855
f 843/946/843 697/713/697 654/668/654
f 648/662/648 699/717/699 651/665/651
f 701/722/701 650/664/650 706/735/706
f 610/623/610 644/658/644 698/714/698
f 537/548/537 639/653/639 762/818/762
f 535/546/535 777/836/777 625/639/625
f 764/820/764 686/701/686 567/578/567
f 687/702/687 681/696/681 560/571/560
f 625/639/625 689/704/689 536/547/536
f 856/962/856 854/960/854 853/959/853
f 857/963/857 858/964/858 854/960/854
f 855/961/855 859/965/859 858/964/858
f 852/958/852 851/957/851 859/965/859
f 850/956/850 846/952/846 851/957/851
f 848/954/848 860/966/860 846/952/846
f 861/967/861 860/966/860 847/953/847
f 862/968/862 863/969/863 861/967/861
f 849/955/849 864/970/864 862/968/862
f 721/971/721 856/962/856 853/959/853
f 656/670/656 847/953/847 657/671/657
f 709/743/709 860/966/860 710/745/710
f 655/669/655 861/967/861 656/670/656
f 711/747/711 860/966/860 863/969/863
f 667/681/667 856/962/856 669/683/669
f 704/730/704 858/964/858 702/725/702
f 655/669/655 849/955/849 862/968/862
f 696/712/696 863/969/863 864/970/864
f 667/681/667 855/961/855 857/963/857
f 702/725/702 859/965/859 703/727/703
f 227/972/227 562/573/562 561/572/561
f 1/1/1 310/314/310 2/2/2
f 4/4/4 1/1/1 3/3/3
f 6/6/6 4/4/4 5/5/5
f 6/6/6 7/7/7 8/8/8
f 9/9/9 8/8/8 10/10/10
f 12/12/12 154/156/154 13/13/13
f 15/15/15 51/51/51 16/16/16
f 18/18/18 56/56/56 19/19/19
f 21/21/21 57/57/57 22/22/22
f 24/24/24 58/434/58 25/25/25
f 26/26/26 25/25/25 27/27/27
f 29/29/29 397/403/397 30/30/30
f 32/32/32 396/402/396 33/33/33
f 32/32/32 34/34/34 35/35/35
f 36/36/36 35/35/35 37/37/37
f 37/37/37 423/429/423 39/39/39
f 41/41/41 354/359/354 42/42/42
f 44/44/44 43/43/43 42/42/42
f 46/46/46 44/44/44 45/45/45
f 48/48/48 67/68/67 49/49/49
f 51/51/51 48/48/48 50/50/50
f 52/52/52 15/15/15 17/17/17
f 54/54/54 52/52/52 53/53/53
f 56/56/56 54/54/54 55/55/55
f 18/18/18 20/20/20 57/57/57
f 23/23/23 22/22/22 58/58/58
f 59/60/59 152/154/152 60/61/60
f 62/63/62 41/41/41 43/43/43
f 63/64/63 43/43/43 44/44/44
f 65/66/65 64/65/64 44/44/44
f 66/67/66 315/320/315 67/68/67
f 68/69/68 66/67/66 48/48/48
f 68/69/68 51/51/51 15/15/15
f 69/70/69 15/15/15 52/52/52
f 71/72/71 70/71/70 52/52/52
f 71/72/71 54/54/54 56/56/56
f 72/73/72 56/56/56 18/18/18
f 73/74/73 18/18/18 21/21/21
f 74/75/74 21/21/21 23/23/23
f 75/76/75 23/23/23 24/59/24
f 77/78/77 76/319/76 24/24/24
f 77/78/77 26/26/26 28/28/28
f 79/80/79 29/29/29 31/31/31
f 81/82/81 396/402/396 32/32/32
f 82/83/82 32/32/32 36/36/36
f 84/85/84 207/210/207 85/86/85
f 87/88/87 38/38/38 88/89/88
f 90/91/90 323/328/323 91/92/91
f 93/94/93 97/98/97 94/95/94
f 96/97/96 83/84/83 87/88/87
f 98/99/98 101/102/101 96/97/96
f 100/101/100 314/318/314 101/102/101
f 102/103/102 398/404/398 103/104/103
f 105/106/105 108/109/108 106/107/106
f 108/109/108 111/372/111 109/110/109
f 110/111/110 113/115/113 109/112/109
f 112/114/112 115/117/115 113/115/113
f 114/116/114 117/119/117 115/117/115
f 116/118/116 119/121/119 117/119/117
f 118/120/118 121/123/121 119/121/119
f 120/122/120 131/133/131 121/123/121
f 122/124/122 365/370/365 123/125/123
f 125/127/125 122/124/122 124/126/124
f 127/129/127 386/392/386 128/130/128
f 130/132/130 125/127/125 126/128/126
f 132/134/132 386/392/386 127/129/127
f 134/136/134 381/387/381 135/137/135
f 137/139/137 132/134/132 133/135/133
f 139/141/139 143/145/143 140/142/140
f 142/144/142 321/326/321 143/145/143
f 144/146/144 356/361/356 145/147/145
f 147/149/147 14/14/14 148/150/148
f 14/14/14 13/13/13 150/152/150
f 141/143/141 140/142/140 147/149/147
f 151/153/151 339/344/339 152/154/152
f 11/11/11 10/10/10 154/156/154
f 155/157/155 278/282/278 156/158/156
f 158/160/158 155/157/155 159/161/159
f 161/163/161 218/221/218 160/162/160
f 160/162/160 159/161/159 163/165/163
f 164/166/164 215/218/215 59/60/59
f 166/168/166 341/346/341 167/169/167
f 168/170/168 350/355/350 169/171/169
f 171/173/171 231/234/231 172/174/172
f 174/176/174 177/179/177 175/177/175
f 177/179/177 353/358/353 178/180/178
f 179/181/179 447/454/447 180/182/180
f 181/183/181 179/181/179 138/140/138
f 182/184/182 181/183/181 133/135/133
f 183/185/183 182/184/182 127/129/127
f 183/185/183 129/131/129 184/186/184
f 185/187/185 184/186/184 186/188/186
f 187/189/187 186/188/186 188/190/188
f 189/191/189 188/190/188 190/192/190
f 191/193/191 190/192/190 192/194/192
f 193/195/193 192/194/192 194/196/194
f 196/198/196 195/461/195 194/199/194
f 198/201/198 196/198/196 197/200/197
f 200/203/200 367/373/367 201/204/201
f 203/206/203 368/374/368 204/207/204
f 205/208/205 204/207/204 206/209/206
f 85/86/85 213/216/213 208/211/208
f 210/213/210 260/263/260 211/214/211
f 206/209/206 99/100/99 93/94/93
f 214/217/214 167/169/167 153/155/153
f 216/219/216 161/163/161 162/164/162
f 217/220/217 158/160/158 160/162/160
f 219/222/219 407/413/407 220/223/220
f 222/225/222 262/265/262 223/226/223
f 225/228/225 134/136/134 136/138/136
f 86/87/86 252/255/252 227/230/227
f 228/231/228 445/452/445 229/232/229
f 231/234/231 348/353/348 146/148/146
f 208/211/208 95/96/95 232/235/232
f 234/237/234 228/231/228 230/233/230
f 236/239/236 241/244/241 237/240/237
f 239/242/239 236/239/236 238/241/238
f 241/244/241 271/482/271 242/245/242
f 243/246/243 239/242/239 240/243/240
f 61/62/61 60/61/60 245/248/245
f 247/250/247 234/237/234 235/238/235
f 209/212/209 452/459/452 249/252/249
f 40/40/40 39/39/39 251/254/251
f 250/253/250 249/252/249 252/255/252
f 253/256/253 243/246/243 244/247/244
f 255/258/255 253/256/253 254/257/254
f 257/260/257 255/258/255 256/259/256
f 259/262/259 211/214/211 260/263/260
f 257/260/257 258/261/258 262/265/262
f 92/93/92 91/92/91 263/266/263
f 265/268/265 392/398/392 266/269/266
f 91/92/91 335/340/335 268/271/268
f 269/272/269 225/228/225 226/229/226
f 267/270/267 266/269/266 242/274/242
f 272/276/272 139/141/139 214/217/214
f 89/90/89 313/317/313 274/278/274
f 92/93/92 264/267/264 275/279/275
f 277/281/277 156/158/156 278/282/278
f 280/284/280 289/293/289 157/159/157
f 282/286/282 312/316/312 210/213/210
f 284/288/284 212/215/212 90/91/90
f 286/290/286 11/11/11 287/291/287
f 286/290/286 288/292/288 289/293/289
f 279/283/279 291/295/291 4/4/4
f 290/294/290 311/315/311 291/295/291
f 293/297/293 300/304/300 290/294/290
f 294/298/294 308/312/308 295/299/295
f 281/285/281 6/6/6 9/9/9
f 286/290/286 280/284/280 9/9/9
f 276/280/276 318/323/318 297/301/297
f 277/281/277 4/4/4 6/6/6
f 298/302/298 309/313/309 299/303/299
f 298/302/298 358/363/358 297/301/297
f 301/305/301 306/310/306 302/306/302
f 284/288/284 358/363/358 293/297/293
f 294/298/294 318/323/318 304/308/304
f 306/310/306 308/312/308 307/311/307
f 281/285/281 157/159/157 156/158/156
f 282/286/282 292/296/292 291/295/291
f 308/312/308 294/298/294 305/309/305
f 309/313/309 221/224/221 310/314/310
f 308/312/308 306/310/306 219/222/219
f 311/315/311 1/1/1 4/4/4
f 279/283/279 278/282/278 312/316/312
f 88/89/88 251/254/251 313/317/313
f 159/161/159 289/293/289 288/292/288
f 155/157/155 157/159/157 289/293/289
f 158/160/158 312/316/312 278/282/278
f 140/142/140 12/12/12 14/14/14
f 145/147/145 147/149/147 149/151/149
f 143/145/143 321/326/321 287/291/287
f 143/145/143 11/11/11 12/12/12
f 83/84/83 36/36/36 38/38/38
f 97/98/97 87/88/87 89/90/89
f 101/102/101 82/83/82 83/84/83
f 81/82/81 82/83/82 101/102/101
f 103/104/103 398/404/398 79/80/79
f 107/108/107 106/107/106 77/78/77
f 106/107/106 109/110/109 76/319/76
f 113/115/113 75/76/75 76/77/76
f 115/117/115 74/75/74 75/76/75
f 117/119/117 73/74/73 74/75/74
f 119/121/119 72/73/72 73/74/73
f 121/123/121 71/72/71 72/73/72
f 121/123/121 131/133/131 70/71/70
f 126/128/126 69/70/69 70/71/70
f 124/126/124 68/69/68 69/70/69
f 124/126/124 123/125/123 66/67/66
f 123/125/123 366/371/366 315/320/315
f 316/321/316 317/322/317 64/65/64
f 317/322/317 173/175/173 63/64/63
f 173/175/173 172/174/172 62/63/62
f 318/323/318 276/280/276 275/279/275
f 61/62/61 246/249/246 319/324/319
f 162/164/162 163/165/163 321/326/321
f 322/327/322 335/340/335 91/92/91
f 272/276/272 216/219/216 142/144/142
f 321/326/321 163/165/163 288/292/288
f 324/329/324 165/167/165 320/325/320
f 326/331/326 335/340/335 322/327/322
f 327/332/327 338/343/338 328/333/328
f 329/334/329 357/362/357 330/335/330
f 331/336/331 259/262/259 261/264/261
f 332/337/332 273/277/273 164/166/164
f 325/330/325 320/325/320 319/324/319
f 335/340/335 326/331/326 336/341/336
f 326/331/326 328/333/328 337/342/337
f 328/333/328 325/330/325 334/339/334
f 332/337/332 357/362/357 161/163/161
f 330/335/330 333/338/333 324/329/324
f 339/344/339 346/351/346 269/272/269
f 341/346/341 345/350/345 342/347/342
f 340/345/340 269/272/269 270/273/270
f 344/349/344 166/168/166 141/143/141
f 345/350/345 356/361/356 168/170/168
f 60/61/60 340/345/340 343/348/343
f 346/351/346 170/172/170 225/228/225
f 172/174/172 146/148/146 149/151/149
f 347/352/347 144/146/144 146/148/146
f 349/354/349 384/390/384 169/171/169
f 351/356/351 438/445/438 352/357/352
f 149/151/149 148/150/148 41/41/41
f 148/150/148 150/152/150 354/359/354
f 355/360/355 171/173/171 173/175/173
f 344/349/344 145/147/145 356/361/356
f 345/350/345 341/346/341 166/168/166
f 357/362/357 332/337/332 333/338/333
f 216/219/216 272/276/272 273/277/273
f 329/334/329 261/264/261 217/220/217
f 357/362/357 329/334/329 218/221/218
f 299/303/299 310/314/310 1/1/1
f 283/287/283 293/297/293 292/296/292
f 300/304/300 299/303/299 311/315/311
f 358/363/358 298/302/298 300/304/300
f 283/287/283 210/213/210 212/215/212
f 273/277/273 214/217/214 215/218/215
f 261/264/261 260/263/260 158/160/158
f 94/95/94 274/278/274 232/235/232
f 167/169/167 214/217/214 139/141/139
f 99/100/99 96/97/96 97/98/97
f 260/263/260 210/213/210 312/316/312
f 341/346/341 151/153/151 153/155/153
f 356/361/356 144/146/144 350/355/350
f 349/354/349 350/355/350 144/146/144
f 359/364/359 351/356/351 353/358/353
f 360/365/360 355/360/355 317/322/317
f 130/132/130 131/133/131 120/122/120
f 247/250/247 248/251/248 362/367/362
f 364/369/364 359/364/359 177/179/177
f 365/370/365 372/378/372 366/371/366
f 184/186/184 129/131/129 120/122/120
f 184/186/184 118/120/118 116/118/116
f 186/188/186 116/118/116 114/116/114
f 188/190/188 114/116/114 112/114/112
f 190/192/190 112/114/112 110/111/110
f 111/113/111 194/196/194 192/194/192
f 197/200/197 194/199/194 111/372/111
f 199/202/199 197/200/197 108/109/108
f 200/203/200 102/103/102 104/105/104
f 368/374/368 100/101/100 98/99/98
f 204/207/204 98/99/98 99/100/99
f 213/216/213 93/94/93 95/96/95
f 310/314/310 221/224/221 220/223/220
f 125/127/125 130/132/130 361/366/361
f 122/124/122 125/127/125 369/375/369
f 365/370/365 122/124/122 370/376/370
f 372/378/372 365/370/365 371/377/371
f 355/360/355 360/365/360 374/380/374
f 171/173/171 355/360/355 375/381/375
f 231/234/231 171/173/171 376/382/376
f 378/384/378 364/369/364 379/385/379
f 381/387/381 383/389/383 382/388/382
f 383/389/383 363/368/363 362/367/362
f 349/354/349 378/384/378 380/386/380
f 348/353/348 231/234/231 377/383/377
f 347/352/347 377/383/377 378/384/378
f 377/383/377 376/382/376 364/369/364
f 376/382/376 375/381/375 359/364/359
f 375/381/375 374/380/374 351/356/351
f 373/379/373 371/377/371 137/139/137
f 371/377/371 370/376/370 132/134/132
f 370/376/370 369/375/369 386/392/386
f 369/375/369 361/366/361 128/130/128
f 176/178/176 247/250/247 363/368/363
f 129/131/129 128/130/128 361/366/361
f 387/393/387 199/202/199 105/106/105
f 389/395/389 107/108/107 78/79/78
f 391/397/391 400/406/400 392/398/392
f 393/399/393 198/201/198 199/202/199
f 388/394/388 105/106/105 107/108/107
f 78/79/78 28/28/28 394/400/394
f 28/28/28 27/27/27 395/401/395
f 367/373/367 104/105/104 100/101/100
f 314/318/314 103/104/103 80/81/80
f 201/204/201 367/373/367 368/374/368
f 104/105/104 103/104/103 314/318/314
f 80/81/80 31/31/31 396/402/396
f 31/31/31 30/30/30 33/33/33
f 394/400/394 395/401/395 397/403/397
f 390/396/390 394/400/394 29/29/29
f 102/103/102 388/394/388 389/395/389
f 387/393/387 200/203/200 202/205/202
f 399/405/399 475/484/475 400/406/400
f 398/404/398 389/395/389 390/396/390
f 387/393/387 388/394/388 102/103/102
f 395/401/395 403/409/403 401/407/401
f 30/30/30 426/432/426 402/408/402
f 27/27/27 427/433/427 403/409/403
f 2/2/2 220/223/220 404/410/404
f 150/152/150 410/416/410 406/412/406
f 407/413/407 449/456/449 404/410/404
f 10/10/10 431/438/431 408/414/408
f 150/152/150 13/13/13 409/415/409
f 22/22/22 429/436/429 411/417/411
f 20/20/20 430/437/430 412/418/412
f 19/19/19 55/55/55 413/419/413
f 55/55/55 53/53/53 415/421/415
f 53/53/53 17/17/17 416/422/416
f 16/16/16 50/50/50 417/423/417
f 50/50/50 49/49/49 419/425/419
f 47/47/47 45/45/45 420/426/420
f 45/45/45 42/42/42 422/428/422
f 354/359/354 406/412/406 422/428/422
f 38/38/38 37/37/37 40/40/40
f 35/35/35 424/430/424 423/429/423
f 34/34/34 425/431/425 424/430/424
f 34/34/34 33/33/33 402/408/402
f 30/30/30 397/403/397 401/407/401
f 25/25/25 428/435/428 427/433/427
f 58/434/58 411/973/411 428/435/428
f 57/57/57 412/418/412 429/436/429
f 20/20/20 19/19/19 414/420/414
f 17/17/17 16/16/16 418/424/418
f 154/156/154 408/414/408 409/415/409
f 8/8/8 432/439/432 431/438/431
f 7/7/7 434/441/434 432/439/432
f 7/7/7 5/5/5 433/440/433
f 5/5/5 3/3/3 435/442/435
f 3/3/3 2/2/2 405/411/405
f 436/443/436 47/47/47 421/427/421
f 49/49/49 436/443/436 437/444/437
f 374/380/374 439/446/439 438/445/438
f 439/446/439 373/379/373 385/391/385
f 360/365/360 440/447/440 439/446/439
f 440/447/440 372/378/372 373/379/373
f 440/447/440 360/365/360 316/321/316
f 372/378/372 440/447/440 441/448/441
f 385/391/385 137/139/137 138/140/138
f 438/445/438 385/391/385 180/182/180
f 441/448/441 316/321/316 65/66/65
f 366/371/366 441/448/441 442/449/442
f 443/450/443 224/227/224 223/226/223
f 445/452/445 443/450/443 444/451/444
f 353/358/353 352/357/352 446/453/446
f 352/357/352 180/182/180 447/454/447
f 65/66/65 46/46/46 448/455/448
f 442/449/442 448/455/448 67/68/67
f 448/455/448 46/46/46 47/47/47
f 67/68/67 448/455/448 436/443/436
f 443/450/443 445/452/445 446/453/446
f 445/452/445 228/231/228 178/180/178
f 301/305/301 303/307/303 449/456/449
f 393/399/393 202/205/202 399/405/399
f 450/457/450 201/204/201 203/206/203
f 198/201/198 393/399/393 391/397/391
f 174/176/174 176/178/176 379/385/379
f 384/390/384 380/386/380 383/389/383
f 380/386/380 379/385/379 363/368/363
f 384/390/384 381/387/381 134/136/134
f 342/347/342 168/170/168 170/172/170
f 151/153/151 342/347/342 346/351/346
f 338/343/338 324/329/324 325/330/325
f 331/336/331 330/335/330 338/343/338
f 259/262/259 331/336/331 327/332/327
f 333/338/333 164/166/164 165/167/165
f 211/214/211 259/262/259 322/327/322
f 295/299/295 219/222/219 221/224/221
f 296/300/296 297/301/297 318/323/318
f 358/363/358 284/288/284 285/289/285
f 309/313/309 298/302/298 296/300/296
f 285/289/285 90/91/90 92/93/92
f 208/211/208 233/236/233 452/459/452
f 306/310/306 301/305/301 407/413/407
f 86/87/86 85/86/85 209/212/209
f 453/460/453 205/208/205 207/210/207
f 451/458/451 203/206/203 205/208/205
f 399/405/399 202/205/202 201/204/201
f 265/268/265 267/270/267 196/198/196
f 195/461/195 196/198/196 267/270/267
f 454/462/454 473/481/473 222/225/222
f 455/463/455 460/468/460 243/246/243
f 456/464/456 183/185/183 185/187/185
f 454/462/454 224/227/224 179/181/179
f 457/465/457 185/187/185 187/189/187
f 460/468/460 468/476/468 239/242/239
f 459/467/459 187/189/187 189/191/189
f 462/470/462 271/482/271 241/244/241
f 461/469/461 189/191/189 191/193/191
f 224/227/224 443/450/443 447/454/447
f 228/231/228 234/237/234 175/177/175
f 176/178/176 175/177/175 234/237/234
f 170/172/170 169/171/169 134/136/134
f 165/167/165 59/60/59 61/62/61
f 339/344/339 340/345/340 60/61/60
f 212/215/212 211/214/211 323/328/323
f 207/210/207 206/209/206 213/216/213
f 215/218/215 153/155/153 152/154/152
f 463/471/463 467/475/467 465/473/465
f 466/474/466 464/472/464 467/475/467
f 468/476/468 461/469/461 464/472/464
f 460/468/460 459/467/459 461/469/461
f 455/463/455 457/465/457 459/467/459
f 469/477/469 456/464/456 457/465/457
f 469/477/469 471/479/471 470/478/470
f 471/479/471 473/481/473 472/480/472
f 473/481/473 454/462/454 458/466/458
f 465/473/465 195/197/195 271/482/271
f 456/464/456 470/478/470 182/184/182
f 469/477/469 455/463/455 253/256/253
f 470/478/470 472/480/472 181/183/181
f 469/477/469 255/258/255 257/260/257
f 465/473/465 467/475/467 193/195/193
f 466/474/466 463/471/463 241/244/241
f 458/466/458 179/181/179 181/183/181
f 471/479/471 257/260/257 222/225/222
f 464/472/464 191/193/191 193/195/193
f 468/476/468 466/474/466 236/239/236
f 84/85/84 227/230/227 474/483/474
f 450/457/450 477/486/477 475/484/475
f 453/460/453 474/483/474 476/485/476
f 451/458/451 476/485/476 477/486/477
f 478/487/478 752/805/752 479/488/479
f 480/489/480 479/488/479 481/490/481
f 482/491/482 481/490/481 483/492/483
f 485/494/485 484/493/484 483/492/483
f 487/496/487 485/494/485 486/495/486
f 489/498/489 628/642/628 490/499/490
f 492/501/492 527/537/527 493/502/493
f 495/504/495 532/542/532 496/505/496
f 498/507/498 533/543/533 499/508/499
f 501/510/501 534/927/534 502/511/502
f 504/513/504 501/510/501 503/512/503
f 506/515/506 831/896/831 507/516/507
f 509/518/509 830/895/830 510/519/510
f 512/521/512 511/520/511 510/519/510
f 514/523/514 512/521/512 513/522/513
f 39/525/39 423/921/423 514/523/514
f 517/527/517 791/851/791 518/528/518
f 517/527/517 519/529/519 520/530/520
f 521/531/521 520/530/520 522/532/522
f 524/534/524 542/553/542 525/535/525
f 526/536/526 525/535/525 527/537/527
f 494/503/494 493/502/493 528/538/528
f 529/539/529 528/538/528 530/540/530
f 531/541/531 530/540/530 532/542/532
f 533/543/533 497/506/497 496/505/496
f 534/544/534 498/507/498 500/509/500
f 535/546/535 625/639/625 536/547/536
f 519/529/519 518/528/518 538/549/538
f 520/530/520 519/529/519 539/550/539
f 520/530/520 540/551/540 541/552/541
f 542/553/542 758/813/758 543/554/543
f 525/535/525 543/554/543 544/555/544
f 493/502/493 527/537/527 544/555/544
f 528/538/528 493/502/493 545/556/545
f 528/538/528 546/557/546 547/558/547
f 532/542/532 530/540/530 547/558/547
f 496/505/496 532/542/532 548/559/548
f 499/508/499 496/505/496 549/560/549
f 500/509/500 499/508/499 550/561/550
f 502/545/502 500/509/500 551/562/551
f 502/511/502 552/812/552 553/564/553
f 505/514/505 503/512/503 553/564/553
f 508/517/508 507/516/507 555/566/555
f 510/519/510 830/895/830 557/568/557
f 513/522/513 510/519/510 558/569/558
f 560/571/560 681/696/681 561/572/561
f 563/574/563 515/524/515 564/575/564
f 566/577/566 764/820/764 567/578/567
f 569/580/569 573/584/573 570/581/570
f 564/575/564 559/570/559 572/583/572
f 572/583/572 576/587/576 574/585/574
f 576/587/576 757/811/757 577/588/577
f 578/589/578 832/897/832 579/590/579
f 581/592/581 585/596/585 582/593/582
f 584/595/584 587/864/587 585/596/585
f 584/597/584 588/600/588 586/598/586
f 588/600/588 590/602/590 589/601/589
f 590/602/590 592/604/592 591/603/591
f 592/604/592 594/606/594 593/605/593
f 594/606/594 596/608/596 595/607/595
f 596/608/596 607/619/607 597/609/597
f 598/610/598 802/863/802 599/611/599
f 600/612/600 599/611/599 601/613/601
f 603/615/603 821/884/821 604/616/604
f 602/614/602 601/613/601 606/618/606
f 604/616/604 821/884/821 608/620/608
f 135/622/135 817/880/817 610/623/610
f 609/621/609 608/620/608 611/625/611
f 613/627/613 616/630/616 614/628/614
f 616/630/616 756/810/756 617/631/617
f 618/632/618 793/853/793 619/633/619
f 621/635/621 491/500/491 622/636/622
f 624/638/624 489/498/489 491/500/491
f 622/636/622 613/627/613 615/629/615
f 625/639/625 777/836/777 626/640/626
f 628/642/628 487/496/487 488/497/488
f 629/643/629 725/773/725 630/644/630
f 632/646/632 630/644/630 633/647/633
f 634/648/634 692/707/692 635/649/635
f 637/651/637 632/646/632 634/648/634
f 536/547/536 689/704/689 638/652/638
f 640/654/640 780/839/780 641/655/641
f 642/656/642 787/847/787 643/657/643
f 645/659/645 700/719/700 646/660/646
f 648/662/648 652/666/652 649/663/649
f 651/665/651 790/850/790 652/666/652
f 653/667/653 843/946/843 654/668/654
f 612/626/612 654/668/654 655/669/655
f 609/621/609 655/669/655 656/670/656
f 604/616/604 656/670/656 657/671/657
f 658/672/658 605/617/605 657/671/657
f 660/674/660 658/672/658 659/673/659
f 662/676/662 660/674/660 661/675/661
f 664/678/664 662/676/662 663/677/663
f 666/680/666 664/678/664 665/679/665
f 668/682/668 666/680/666 667/681/667
f 668/684/668 669/950/669 670/685/670
f 671/686/671 670/685/670 672/687/672
f 674/689/674 803/865/803 675/690/675
f 677/692/677 804/866/804 678/693/678
f 680/695/680 677/692/677 679/694/679
f 682/697/682 687/702/687 560/571/560
f 684/699/684 712/749/712 685/700/685
f 570/581/570 575/586/575 680/695/680
f 627/641/627 640/654/640 688/703/688
f 636/650/636 635/649/635 690/705/690
f 634/648/634 633/647/633 691/706/691
f 693/708/693 833/905/833 694/709/694
f 223/711/223 262/752/262 696/712/696
f 136/624/136 610/623/610 698/714/698
f 229/716/229 841/944/841 699/717/699
f 620/634/620 785/845/785 700/719/700
f 232/720/232 571/582/571 682/697/682
f 230/718/230 699/717/699 701/722/701
f 237/724/237 704/730/704 702/725/702
f 238/726/238 702/725/702 703/727/703
f 242/729/242 721/971/721 704/730/704
f 240/728/240 703/727/703 705/731/705
f 245/733/245 535/546/535 537/548/537
f 235/723/235 701/722/701 706/735/706
f 249/737/249 452/949/452 683/698/683
f 251/739/251 39/525/39 516/526/516
f 252/740/252 249/737/249 707/738/707
f 474/741/474 227/972/227 561/572/561
f 244/732/244 705/731/705 709/743/709
f 254/744/254 709/743/709 710/745/710
f 256/746/256 710/745/710 711/747/711
f 712/749/712 684/699/684 713/750/713
f 262/752/262 258/748/258 711/747/711
f 263/753/263 566/577/566 568/579/568
f 475/755/475 477/894/477 715/756/715
f 266/758/266 392/889/392 717/759/717
f 268/761/268 775/833/775 566/577/566
f 476/762/476 474/741/474 708/742/708
f 226/715/226 698/714/698 720/764/720
f 242/766/242 266/758/266 718/760/718
f 688/703/688 614/628/614 722/768/722
f 274/770/274 313/809/313 565/576/565
f 275/771/275 264/754/264 568/579/568
f 725/773/725 629/643/629 726/774/726
f 631/645/631 737/785/737 728/776/728
f 685/700/685 755/808/755 730/778/730
f 567/578/567 686/701/686 732/780/732
f 734/782/734 488/497/488 735/783/735
f 737/785/737 736/784/736 735/783/735
f 481/490/481 738/786/738 727/775/727
f 738/786/738 754/807/754 739/787/739
f 739/787/739 748/796/748 741/789/741
f 742/790/742 751/804/751 743/791/743
f 486/495/486 483/492/483 729/777/729
f 486/495/486 728/776/728 735/783/735
f 745/793/745 761/816/761 724/772/724
f 483/492/483 481/490/481 726/774/726
f 746/794/746 753/806/753 747/795/747
f 745/793/745 795/855/795 747/795/747
f 302/797/302 750/803/750 749/798/749
f 741/789/741 795/855/795 732/780/732
f 304/800/304 761/816/761 743/791/743
f 307/802/307 751/804/751 750/803/750
f 629/643/629 631/645/631 729/777/729
f 738/786/738 740/788/740 730/778/730
f 305/801/305 743/791/743 751/804/751
f 752/805/752 695/710/695 753/806/753
f 694/709/694 750/803/750 751/804/751
f 481/490/481 479/488/479 754/807/754
f 755/808/755 725/773/725 727/775/727
f 313/809/313 251/739/251 563/574/563
f 736/784/736 737/785/737 632/646/632
f 737/785/737 631/645/631 630/644/630
f 725/773/725 755/808/755 633/647/633
f 491/500/491 490/499/490 613/627/613
f 623/637/623 622/636/622 618/632/618
f 616/630/616 488/497/488 734/782/734
f 490/499/490 488/497/488 616/630/616
f 515/524/515 513/522/513 559/570/559
f 565/576/565 564/575/564 573/584/573
f 559/570/559 558/569/558 576/587/576
f 576/587/576 558/569/558 557/568/557
f 555/566/555 832/897/832 578/589/578
f 553/564/553 581/592/581 583/594/583
f 552/812/552 584/595/584 581/592/581
f 552/563/552 551/562/551 588/600/588
f 551/562/551 550/561/550 590/602/590
f 550/561/550 549/560/549 592/604/592
f 549/560/549 548/559/548 594/606/594
f 548/559/548 547/558/547 596/608/596
f 546/557/546 607/619/607 596/608/596
f 546/557/546 545/556/545 602/614/602
f 545/556/545 544/555/544 600/612/600
f 543/554/543 598/610/598 600/612/600
f 758/813/758 801/862/801 598/610/598
f 540/551/540 760/815/760 759/814/759
f 539/550/539 647/661/647 760/815/760
f 538/549/538 645/659/645 647/661/647
f 275/771/275 724/772/724 761/816/761
f 319/817/319 246/734/246 537/548/537
f 756/810/756 637/651/637 636/650/636
f 566/577/566 775/833/775 763/819/763
f 617/631/617 690/705/690 722/768/722
f 736/784/736 637/651/637 756/810/756
f 762/818/762 639/653/639 765/821/765
f 763/819/763 775/833/775 767/823/767
f 769/825/769 776/835/776 768/824/768
f 770/826/770 794/854/794 771/827/771
f 714/751/714 713/750/713 772/828/772
f 638/652/638 723/769/723 773/829/773
f 319/817/319 762/818/762 766/822/766
f 336/832/336 767/823/767 775/833/775
f 337/834/337 769/825/769 767/823/767
f 334/831/334 766/822/766 769/825/769
f 635/649/635 794/854/794 773/829/773
f 765/821/765 774/830/774 770/826/770
f 720/764/720 783/843/783 777/836/777
f 779/838/779 782/842/782 780/839/780
f 270/765/270 720/764/720 778/837/778
f 615/629/615 641/655/641 781/841/781
f 643/657/643 793/853/793 782/842/782
f 343/840/343 778/837/778 535/546/535
f 698/714/698 644/658/644 783/843/783
f 623/637/623 620/634/620 645/659/645
f 620/634/620 619/633/619 784/844/784
f 642/656/642 819/882/819 786/846/786
f 788/848/788 835/937/835 789/849/789
f 518/528/518 621/635/621 623/637/623
f 791/851/791 624/638/624 621/635/621
f 647/661/647 646/660/646 792/852/792
f 793/853/793 618/632/618 781/841/781
f 641/655/641 780/839/780 782/842/782
f 774/830/774 773/829/773 794/854/794
f 723/769/723 722/768/722 690/705/690
f 691/706/691 714/751/714 771/827/771
f 692/707/692 771/827/771 794/854/794
f 479/488/479 752/805/752 746/794/746
f 740/788/740 741/789/741 731/779/731
f 754/807/754 746/794/746 748/796/748
f 748/796/748 747/795/747 795/855/795
f 686/701/686 685/700/685 731/779/731
f 689/704/689 688/703/688 723/769/723
f 633/647/633 712/749/712 714/751/714
f 232/720/232 274/770/274 569/580/569
f 614/628/614 688/703/688 640/654/640
f 573/584/573 572/583/572 575/586/575
f 755/808/755 685/700/685 712/749/712
f 627/641/627 626/640/626 780/839/780
f 787/847/787 619/633/619 793/853/793
f 619/633/619 787/847/787 786/846/786
f 790/850/790 789/849/789 796/856/796
f 760/815/760 792/852/792 797/857/797
f 597/609/597 607/619/607 606/618/606
f 362/859/362 248/736/248 706/735/706
f 652/666/652 796/856/796 800/861/800
f 801/862/801 808/870/808 802/863/802
f 597/609/597 605/617/605 658/672/658
f 593/605/593 595/607/595 658/672/658
f 591/603/591 593/605/593 660/674/660
f 589/601/589 591/603/591 662/676/662
f 586/598/586 589/601/589 664/678/664
f 666/680/666 668/682/668 587/599/587
f 587/864/587 668/684/668 671/686/671
f 585/596/585 671/686/671 673/688/673
f 580/591/580 579/590/579 675/690/675
f 574/585/574 577/588/577 804/866/804
f 575/586/575 574/585/574 677/692/677
f 571/582/571 570/581/570 687/702/687
f 693/708/693 695/710/695 752/805/752
f 798/858/798 606/618/606 601/613/601
f 805/867/805 601/613/601 599/611/599
f 806/868/806 599/611/599 802/863/802
f 807/869/807 802/863/802 808/870/808
f 810/872/810 797/857/797 792/852/792
f 811/873/811 792/852/792 646/660/646
f 812/874/812 646/660/646 700/719/700
f 814/876/814 800/861/800 815/877/815
f 382/879/382 818/881/818 817/880/817
f 362/859/362 799/860/799 818/881/818
f 816/878/816 815/877/815 786/846/786
f 813/875/813 700/719/700 785/845/785
f 815/877/815 813/875/813 784/844/784
f 800/861/800 812/874/812 813/875/813
f 796/856/796 811/873/811 812/874/812
f 789/849/789 810/872/810 811/873/811
f 611/625/611 807/869/807 809/871/809
f 608/620/608 806/868/806 807/869/807
f 821/884/821 805/867/805 806/868/806
f 603/615/603 798/858/798 805/867/805
f 799/860/799 706/735/706 650/664/650
f 798/858/798 603/615/603 605/617/605
f 582/593/582 673/688/673 822/885/822
f 554/565/554 583/594/583 824/887/824
f 392/889/392 400/898/400 826/890/826
f 673/688/673 672/687/672 827/891/827
f 583/594/583 582/593/582 823/886/823
f 828/892/828 505/514/505 554/565/554
f 829/893/829 504/513/504 505/514/505
f 577/588/577 580/591/580 803/865/803
f 556/567/556 578/589/578 757/811/757
f 477/894/477 476/762/476 719/763/719
f 804/866/804 803/865/803 674/689/674
f 757/811/757 578/589/578 580/591/580
f 830/895/830 508/517/508 556/567/556
f 509/518/509 506/515/506 508/517/508
f 831/896/831 829/893/829 828/892/828
f 507/516/507 828/892/828 825/888/825
f 824/887/824 823/886/823 579/590/579
f 676/691/676 675/690/675 822/885/822
f 400/898/400 475/755/475 716/757/716
f 825/888/825 824/887/824 832/897/832
f 579/590/579 823/886/823 822/885/822
f 401/899/401 403/901/403 829/893/829
f 402/900/402 426/924/426 506/515/506
f 403/901/403 427/925/427 504/513/504
f 404/902/404 693/708/693 478/487/478
f 406/904/406 410/908/410 624/638/624
f 404/902/404 449/948/449 833/905/833
f 408/906/408 431/930/431 487/496/487
f 409/907/409 489/498/489 624/638/624
f 411/909/411 429/928/429 498/507/498
f 412/910/412 430/929/430 497/506/497
f 413/911/413 531/541/531 495/504/495
f 415/913/415 529/539/529 531/541/531
f 416/914/416 494/503/494 529/539/529
f 417/915/417 526/536/526 492/501/492
f 419/917/419 524/534/524 526/536/526
f 420/918/420 521/531/521 523/533/523
f 422/920/422 517/527/517 521/531/521
f 422/920/422 406/904/406 791/851/791
f 516/526/516 514/523/514 515/524/515
f 423/921/423 424/922/424 512/521/512
f 424/922/424 425/923/425 511/520/511
f 402/900/402 509/518/509 511/520/511
f 401/899/401 831/896/831 506/515/506
f 427/925/427 428/926/428 501/510/501
f 428/926/428 411/974/411 534/927/534
f 429/928/429 412/910/412 533/543/533
f 414/912/414 495/504/495 497/506/497
f 418/916/418 492/501/492 494/503/494
f 409/907/409 408/906/408 628/642/628
f 431/930/431 432/931/432 485/494/485
f 432/931/432 434/933/434 484/493/484
f 433/932/433 482/491/482 484/493/484
f 435/934/435 480/489/480 482/491/482
f 405/903/405 478/487/478 480/489/480
f 421/919/421 523/533/523 834/935/834
f 437/936/437 834/935/834 524/534/524
f 835/937/835 836/938/836 810/872/810
f 820/883/820 809/871/809 836/938/836
f 836/938/836 837/939/837 797/857/797
f 809/871/809 808/870/808 837/939/837
f 759/814/759 797/857/797 837/939/837
f 838/940/838 837/939/837 808/870/808
f 612/626/612 611/625/611 820/883/820
f 653/667/653 820/883/820 835/937/835
f 541/552/541 759/814/759 838/940/838
f 839/941/839 838/940/838 801/862/801
f 223/711/223 697/713/697 840/942/840
f 444/943/444 840/942/840 841/944/841
f 842/945/842 788/848/788 790/850/790
f 843/946/843 653/667/653 788/848/788
f 844/947/844 522/532/522 541/552/541
f 542/553/542 844/947/844 839/941/839
f 523/533/523 522/532/522 844/947/844
f 834/935/834 844/947/844 542/553/542
f 842/945/842 841/944/841 840/942/840
f 651/665/651 699/717/699 841/944/841
f 449/948/449 303/799/303 749/798/749
f 716/757/716 676/691/676 827/891/827
f 678/693/678 674/689/674 715/756/715
f 826/890/826 827/891/827 672/687/672
f 814/876/814 650/664/650 649/663/649
f 818/881/818 816/878/816 819/882/819
f 799/860/799 814/876/814 816/878/816
f 610/623/610 817/880/817 819/882/819
f 644/658/644 643/657/643 779/838/779
f 783/843/783 779/838/779 626/640/626
f 766/822/766 765/821/765 776/835/776
f 776/835/776 770/826/770 772/828/772
f 768/824/768 772/828/772 713/750/713
f 639/653/639 638/652/638 774/830/774
f 763/819/763 713/750/713 684/699/684
f 695/710/695 694/709/694 742/790/742
f 761/816/761 745/793/745 744/792/744
f 733/781/733 732/780/732 795/855/795
f 744/792/744 747/795/747 753/806/753
f 568/579/568 567/578/567 733/781/733
f 452/949/452 233/721/233 682/697/682
f 833/905/833 749/798/749 750/803/750
f 683/698/683 560/571/560 562/573/562
f 681/696/681 679/694/679 708/742/708
f 679/694/679 678/693/678 719/763/719
f 674/689/674 676/691/676 716/757/716
f 670/685/670 718/760/718 717/759/717
f 718/760/718 670/685/670 669/950/669
f 696/712/696 864/970/864 845/951/845
f 705/731/705 851/957/851 846/952/846
f 659/673/659 657/671/657 847/953/847
f 654/668/654 697/713/697 845/951/845
f 661/675/661 659/673/659 848/954/848
f 703/727/703 859/965/859 851/957/851
f 663/677/663 661/675/661 850/956/850
f 704/730/704 721/971/721 853/959/853
f 665/679/665 663/677/663 852/958/852
f 843/946/843 840/942/840 697/713/697
f 648/662/648 701/722/701 699/717/699
f 701/722/701 648/662/648 650/664/650
f 610/623/610 642/656/642 644/658/644
f 537/548/537 536/547/536 639/653/639
f 535/546/535 778/837/778 777/836/777
f 764/820/764 684/699/684 686/701/686
f 687/702/687 680/695/680 681/696/681
f 625/639/625 627/641/627 689/704/689
f 856/962/856 857/963/857 854/960/854
f 857/963/857 855/961/855 858/964/858
f 855/961/855 852/958/852 859/965/859
f 852/958/852 850/956/850 851/957/851
f 850/956/850 848/954/848 846/952/846
f 848/954/848 847/953/847 860/966/860
f 861/967/861 863/969/863 860/966/860
f 862/968/862 864/970/864 863/969/863
f 849/955/849 845/951/845 864/970/864
f 721/971/721 669/683/669 856/962/856
f 656/670/656 861/967/861 847/953/847
f 709/743/709 846/952/846 860/966/860
f 655/669/655 862/968/862 861/967/861
f 711/747/711 710/745/710 860/966/860
f 667/681/667 857/963/857 856/962/856
f 704/730/704 854/960/854 858/964/858
f 655/669/655 654/668/654 849/955/849
f 696/712/696 711/747/711 863/969/863
f 667/681/667 665/679/665 855/961/855
f 702/725/702 858/964/858 859/965/859
f 227/972/227 252/740/252 562/573/562
# Vertices: 864, normals: 864, texture coordinates: 974, faces: 1724

o obj2
v 43.48457336 -269.95092773 5356.29492188
v -44.05411911 -360.65670776 5252.55322266
v -43.48457336 -269.95092773 5356.29492188
v 45.76015854 13.22460556 5914.59179688
v -44.15884781 92.75777435 6076.65771484
v 45.4904747 92.75777435 6076.65771484
v 43.2607193 -212.95870972 5429.89257812
v -43.63965225 -149.81977844 5546.00439453
v 43.63965225 -149.81977844 5546.00439453
v 44.00057983 170.88276672 6231.73339844
v -43.71582413 170.88276672 6231.73339844
v 44.06148148 375.47323608 6352.08007812
v 43.77074432 290.83087158 6416.53125
v 13.8863306 344.37619019 7097.94482422
v -14.44869328 397.51412964 7141.87158203
v 13.8863306 397.51412964 7141.87158203
v -44.55900192 -89.66719055 5688.79980469
v 44.55900192 -89.66719055 5688.79980469
v -43.2607193 -212.95870972 5429.89257812
v 13.8863306 387.93380737 6964.31884766
v -26.14413261 463.54244995 6966.29882812
v -14.44869328 387.93380737 6964.31884766
v 84.19706726 -358.02780151 5250.35498047
v 147.7484436 -185.28538513 5291.31542969
v 289.25088501 -266.82000732 5353.77441406
v 173.35676575 572.10955811 6702.96337891
v 56.36058426 529.8927002 6815.5546875
v 161.45376587 529.84625244 6815.55761719
v 81.61375427 202.06263733 6978.39111328
v 39.83123779 328.20831299 6998.21875
v 39.83123779 291.19180298 7054.02050781
v 81.61375427 350.39447021 6917.24609375
v 71.51000214 422.55657959 6965.23046875
v 39.83123779 387.88745117 6964.32275391
v 13.8863306 291.23815918 7054.01757812
v 39.83123779 287.48425293 7968.73535156
v 13.8863306 260.83435059 7908.66552734
v 13.8863306 287.53057861 7968.73242188
v 39.83123779 397.46780396 7141.87548828
v 39.83123779 369.05584717 7367.33007812
v 13.8863306 231.91339111 7430.35888672
v 39.83123779 231.86701965 7430.36279297
v 13.8863306 198.54316711 7552.71582031
v 39.83123779 198.49681091 7552.71972656
v 39.83123779 214.06962585 7728.46972656
v 13.8863306 214.11598206 7728.46679688
v 39.83123779 260.78799438 7908.66943359
v 13.8863306 237.47518921 7818.56689453
v 39.83123779 340.87667847 8088.86865234
v 13.8863306 314.22680664 8028.79931641
v 13.8863306 340.92303467 8088.86572266
v 39.83123779 418.12258911 8184.65332031
v 13.8863306 418.16894531 8184.64941406
v 13.8863306 344.75448608 8293.66015625
v 39.83123779 344.70812988 8293.66308594
v 13.8863306 286.91275024 8453.8359375
v 39.83123779 286.86639404 8453.83984375
v 13.8863306 240.77978516 8620.12890625
v 39.83123779 240.73342896 8620.1328125
v 13.8863306 211.41400146 8807.00390625
v 39.83123779 211.36766052 8807.00683594
v 13.8863306 200.59959412 8939.86621094
v 39.83123779 200.55323792 8939.87011719
v 13.8863306 195.96488953 9068.09375
v 39.83123779 195.91853333 9068.09863281
v 13.8863306 194.41996765 9197.8671875
v 39.83123779 194.37362671 9197.87109375
v 13.8863306 199.05477905 9309.1015625
v 39.83123779 199.00842285 9309.10449219
v 13.8863306 205.23446655 9446.59863281
v 39.83123779 205.18812561 9446.60253906
v 39.83123779 226.81700134 9576.375
v 13.8863306 226.86334229 9576.37207031
v 39.83123779 271.61968994 9721.59765625
v 13.8863306 271.66604614 9721.59375
v 39.83123779 324.14700317 9854.46191406
v 13.8863306 324.19335938 9854.45703125
v 39.83123779 385.9437561 9984.23339844
v 13.8863306 385.99008179 9984.23046875
v 39.83123779 436.92611694 10080.01855469
v 13.8863306 436.97244263 10080.015625
v 13.8863306 379.81048584 10192.79492188
v 39.83123779 379.76412964 10192.79785156
v 39.43141556 267.61325073 10405.63085938
v 13.8863306 251.06730652 10382.15527344
v 54.05334854 251.88224792 10382.04003906
v 39.83123779 196.30505371 10293.64746094
v 17.82142448 232.8286438 10352.65039062
v 13.8863306 196.35139465 10293.64355469
v 39.83123779 204.88786316 10087.65722656
v 13.8863306 200.64279175 10190.64941406
v 13.8863306 204.93421936 10087.65429688
v 130.37678528 236.51164246 10016.97363281
v 39.83123779 153.08442688 10015.13378906
v 39.83123779 -4.31992388 9794.76757812
v 13.8863306 -42.8965416 9786.1796875
v 39.83123779 -42.94289017 9786.18359375
v 39.83123779 -91.22158813 9833.38964844
v 13.8863306 -139.45393372 9880.59277344
v 39.83123779 -139.50028992 9880.59570312
v 39.83123779 -48.30713272 10075.85644531
v 13.8863306 -93.8573761 9978.22265625
v 13.8863306 -48.26078415 10075.85253906
v 39.83123779 -304.62164307 9935.79882812
v 13.8863306 -381.9203186 9802.2734375
v 39.83123779 -381.9666748 9802.27636719
v 39.83123779 -347.09875488 9731.64648438
v 13.8863306 -347.05239868 9731.64355469
v 39.83123779 -308.65460205 9661.01660156
v 13.8863306 -308.60824585 9661.01367188
v 39.83123779 -285.40936279 9593.96289062
v 13.8863306 -285.36303711 9593.95898438
v 39.83123779 -268.4223938 9503.6640625
v 13.8863306 -268.37606812 9503.66015625
v 39.83123779 -265.74029541 9405.31835938
v 13.8863306 -265.69393921 9405.31445312
v 13.8863306 -279.04211426 9245.13867188
v 39.83123779 -279.08847046 9245.14160156
v 13.8863306 -292.94638062 9093.73632812
v 39.83123779 -292.9927063 9093.73925781
v 13.8863306 -309.94052124 8946.96777344
v 39.83123779 -309.98687744 8946.97167969
v 13.8863306 -323.84481812 8800.20117188
v 39.83123779 -323.8911438 8800.20410156
v 13.8863306 -342.38388062 8659.61328125
v 39.83123779 -342.43023682 8659.6171875
v 13.8863306 -357.83309937 8512.84667969
v 39.83123779 -357.87942505 8512.84960938
v 13.8863306 -371.73733521 8378.4375
v 39.83123779 -371.78369141 8378.44140625
v 13.8863306 -385.6416626 8223.9453125
v 39.83123779 -385.68804932 8223.94921875
v 13.8863306 -404.18075562 8106.53222656
v 39.83123779 -404.2270813 8106.53515625
v 39.75551987 -350.46392822 8039.79492188
v 13.85958767 -350.41760254 8039.79199219
v 39.54128265 -348.61001587 7978.61621094
v 13.78392029 -348.56365967 7978.61328125
v 13.8863306 -409.74249268 7832.15478516
v 39.83123779 -409.78884888 7832.15771484
v 39.83123779 -411.07635498 7738.17529297
v 13.8863306 -411.02990723 7738.17138672
v 39.83123779 -409.78890991 7551.49755859
v 13.8863306 -410.38626099 7644.83349609
v 13.8863306 -409.74255371 7551.49365234
v 39.83123779 -407.21408081 7399.58056641
v 13.8863306 -407.16772461 7399.57714844
v 13.8863306 -462.76422119 7253.97363281
v 39.83123779 -462.81057739 7253.9765625
v 39.83123779 -347.12710571 7109.37207031
v 13.8863306 -347.08074951 7109.36914062
v 13.8863306 -458.31488037 7029.28027344
v 39.83123779 -458.36123657 7029.28320312
v 13.8863306 -469.12939453 6927.31494141
v 39.83123779 -469.17575073 6927.31835938
v 13.8863306 -484.57855225 6834.62060547
v 39.83123779 -484.62490845 6834.62353516
v 13.8863306 -510.84216309 6741.92480469
v 39.83123779 -510.88851929 6741.92871094
v 39.4903717 -560.3260498 6672.40429688
v 13.76593876 -560.27960205 6672.40283203
v 13.7859869 -654.51977539 6618.33203125
v 39.5471344 -654.56616211 6618.33398438
v 39.64746857 -608.21856689 6510.18994141
v 13.82142258 -608.17211914 6510.18652344
v 39.77598572 -540.24212646 6371.1484375
v 13.86681652 -540.19567871 6371.14501953
v 39.89335632 -456.81652832 6242.92089844
v 13.90826893 -456.77008057 6242.91748047
v 39.98399734 -368.75610352 6142.50195312
v 13.94028378 -368.70980835 6142.49804688
v 40.02497482 -313.13903809 6096.15380859
v 13.94752121 -340.9012146 6119.32421875
v 13.95475674 -313.09274292 6096.15039062
v 14.33785152 -232.75698853 6096.15039062
v 40.02046967 -232.80329895 6096.15380859
v 17.99024773 -279.10455322 5912.61425781
v 51.1741333 -279.15084839 5912.61914062
v 37.93217468 -299.26724243 5762.76220703
v 96.08332062 -299.2911377 5762.76416016
v 37.98867416 -327.29638672 5571.49511719
v 96.2264328 -327.32028198 5571.49804688
v 38.01764679 -338.41983032 5473.23876953
v 96.29981232 -338.44369507 5473.24169922
v 38.04779053 -355.10498047 5371.27441406
v 96.37617493 -355.1288147 5371.27783203
v 152.43092346 509.81759644 6875.80664062
v 51.75989151 509.86392212 6875.80273438
v 25.93019676 463.54244995 6966.29882812
v 39.83123779 417.70544434 7209.58691406
v 13.8863306 417.75180054 7209.58398438
v 13.8863306 369.10220337 7367.32617188
v 39.83123779 314.18045044 8028.80273438
v 31.16331482 -220.61886597 6594.70214844
v -0.28118148 -262.89144897 6567.56884766
v 31.16149902 -263.26168823 6566.578125
v -0.28118148 -298.39059448 6588.71923828
v 31.15548134 -299.6517334 6588.30126953
v 129.8692627 -405.92932129 6551.14208984
v 37.70597839 -266.64929199 6555.87988281
v 37.70326614 -306.70129395 6585.8359375
v 27.05207443 -53.21334076 8210.43261719
v 29.16661453 -96.20697021 8178.15771484
v 74.06403351 -98.17552185 8104.1328125
v 130.37678528 -240.28746033 8800.80664062
v 28.5261898 -150.85043335 8655.73730469
v 28.60842896 -146.84338379 8794.84863281
v 130.37678528 -265.07220459 8381.30175781
v 28.46702385 -177.1842041 8268.52929688
v 28.4674263 -169.26428223 8383.45898438
v 128.8710022 -229.82643127 8110.48144531
v 130.37678528 -247.63110352 8653.015625
v 28.46708679 -157.45985413 8503.87109375
v 130.37678528 -230.18998718 8944.92480469
v 28.75525284 -144.06018066 8947.85253906
v 130.37678528 -217.33860779 9095.46875
v 28.89969063 -137.33514404 9089.63378906
v 130.37678528 -191.63594055 9235.91503906
v 28.38128281 -82.57756042 9179.21875
v 28.11880684 -19.06183815 9279.50097656
v 106.38826752 -92.63768005 9460.51269531
v 119.23537445 90.77890015 9069.77441406
v 28.05822563 3.99438834 9196.97753906
v 28.11353874 -1.16581666 9079.79394531
v 28.1015873 0.19275613 8949.17578125
v 119.23537445 98.70996857 8946.04980469
v 28.10608101 4.29900551 8806.578125
v 119.23537445 106.64104462 8808.04785156
v 28.02181625 17.82863617 8636.78125
v 119.23537445 132.02050781 8620.87402344
v 27.82136726 36.64522934 8457.85351562
v 119.23537445 168.50354004 8467.01074219
v 26.87371445 -5.21478271 8288.71484375
v -0.28118148 52.04483032 8337.78125
v -0.28118148 -10.37590122 8290.96484375
v -28.68117142 -19.06183815 9279.50097656
v -113.70679474 116.08153534 9398.34179688
v -28.62934113 12.55893612 9268.28320312
v -6.8032937 269.3059082 10411.65820312
v -14.44869328 251.06730652 10382.15527344
v 119.23537445 373.12649536 10092.88769531
v 119.23537445 339.81588745 10203.921875
v 119.23537445 309.6776123 10007.23144531
v 119.23537445 231.95274353 9870.81640625
v 28.06697845 12.55893612 9268.28320312
v -0.28118148 -15.52035713 9275.89941406
v -0.28118148 9.64119434 9266.3984375
v 39.83123779 200.59645081 10190.65234375
v 130.37678528 287.27075195 10218.42382812
v 130.37678528 312.65026855 10108.97558594
v 55.84371185 232.7822876 10352.65429688
v 13.8863306 153.13079834 10015.12890625
v 13.8863306 78.00431061 9909.953125
v 39.83123779 77.95794678 9909.95605469
v 130.37678528 147.6832428 9886.90429688
v 13.8863306 -4.27357531 9794.76367188
v 130.37678528 74.71705627 9753.66015625
v 13.8863306 -62.20793152 10202.98632812
v 39.83123779 -62.25428391 10202.99023438
v 13.8863306 -71.93452454 10291.6484375
v 39.83123779 -71.98087311 10291.65234375
v 39.83123779 -151.73898315 10199.72265625
v 13.8863306 -228.13397217 10067.75683594
v 39.83123779 -228.18029785 10067.76074219
v 13.8863306 -304.57531738 9935.79589844
v 39.83123779 -102.73680115 10284.31542969
v 13.8863306 -151.69264221 10199.71875
v -14.44869328 -80.25354004 10291.12402344
v 13.8863306 -80.25354004 10291.12402344
v 39.83123779 -80.29988861 10291.12695312
v 13.8863306 -88.57256317 10290.59863281
v 39.83123779 -88.61890411 10290.60253906
v 79.53330994 -85.60801697 10202.33105469
v 96.31007385 -125.18640137 10190.31347656
v 77.35488129 -143.38285828 10197.92773438
v 39.83123779 -93.90372467 9978.22558594
v 79.53330994 -104.18198395 10078.81445312
v 119.23537445 -194.18951416 10074.77148438
v 119.23537445 -256.38162231 9957.6953125
v 119.23537445 -160.05683899 10081.7734375
v 79.53330994 -150.95169067 9978.90234375
v 119.23537445 -268.27609253 9854.26757812
v 119.23537445 -207.99969482 9979.57910156
v 13.8863306 -91.17523956 9833.38671875
v 119.23537445 -218.70674133 9778.26171875
v 79.53330994 -203.88819885 9867.43164062
v 119.23537445 -283.09500122 9847.50097656
v 79.53330994 -114.30170441 9747.52441406
v 79.53330994 -154.9641571 9805.82421875
v 119.23537445 -247.22850037 9684.9453125
v 119.23537445 -185.6605072 9708.86523438
v 130.37678528 -12.5251255 9609.31542969
v 119.1566925 -85.3314209 9606.76953125
v 119.23537445 -221.83660889 9599.09667969
v 119.23537445 -158.1219635 9604.21875
v 119.23537445 -206.11642456 9501.11230469
v 118.80397797 -144.1068573 9498.80859375
v 117.03446198 -110.84105682 9499.80371094
v 119.23537445 178.02120972 9721.7109375
v 115.06776428 130.85913086 9592.55566406
v 113.14444733 116.08152008 9398.34179688
v 111.06012726 128.5151062 9438.66113281
v 119.23537445 93.95137024 9203.01855469
v 119.23537445 208.15901184 8292.52636719
v 119.23537445 235.1247406 8184.66357422
v 117.47875214 -164.79444885 9396.46191406
v 130.37245178 -212.65481567 9239.49121094
v 121.22298431 -200.08650208 9397.68261719
v 125.82804108 -233.26705933 9241.21777344
v 130.3352356 -238.37475586 9092.75
v 125.84934235 -256.21243286 9089.68847656
v 130.32736206 -252.746521 8942.9765625
v 125.84934235 -271.8821106 8940.828125
v 130.32969666 -263.64215088 8799.72265625
v 125.84934235 -283.6343689 8798.49511719
v 130.32904053 -272.54647827 8655.29785156
v 125.84934235 -294.08084106 8657.46875
v 130.3354187 -283.11935425 8504.39355469
v 125.84934235 -307.1388855 8503.3828125
v 130.34046936 -292.20840454 8379.74023438
v 125.84934235 -316.27947998 8378.02636719
v 130.36976624 -302.48410034 8220.93847656
v 125.84934235 -330.64190674 8212.18847656
v 119.17785645 -233.63117981 9401.59570312
v 119.23537445 -256.62207031 9243.15625
v 119.23537445 -274.67349243 9091.71875
v 119.23537445 -291.00543213 8943.90527344
v 119.23537445 -303.83370972 8799.35449219
v 119.23537445 -318.32647705 8658.546875
v 119.23537445 -332.58010864 8508.12109375
v 119.23537445 -344.10247803 8378.23828125
v 119.23537445 -358.23660278 8218.07519531
v 127.19042206 -205.49209595 8050.27441406
v 119.23537445 155.81373596 8104.25097656
v 114.23300171 -73.07579041 9494.56054688
v 130.37678528 -255.8927002 8505.22558594
v 119.21613312 -293.9559021 8147.38671875
v 117.12937164 -307.65380859 8044.16796875
v 116.04834747 -256.57299805 8047.22119141
v 119.22616577 -319.63180542 8137.64892578
v 117.72015381 -329.12979126 8041.98681641
v 119.23537445 74.29958344 8032.65087891
v 129.07722473 -299.32647705 7979.22900391
v 115.50547791 -324.03900146 7978.92773438
v 119.23537445 24.73017502 7986.38623047
v 125.38540649 -97.52993011 7891.64746094
v 123.27560425 -153.70890808 7966.55126953
v 125.77374268 -325.32867432 7827.40869141
v 116.04705048 -367.63265991 7829.78955078
v 98.56562805 -223.72027588 7853.35009766
v 109.03466034 -226.5113678 7972.88671875
v 129.99815369 -51.67617798 7803.72021484
v 119.23537445 -6.11302137 7903.77050781
v 130.29502869 -42.36694336 7712.26025391
v 119.23537445 -0.47198212 7807.87207031
v 119.23537445 -6.11311007 7554.02441406
v 119.23537445 -4.23271418 7706.33300781
v 130.03184509 -42.36845016 7411.51269531
v 129.18675232 -55.68990707 7546.65966797
v 127.49337006 -34.74837875 7303.02441406
v 119.23537445 8.92970467 7411.11767578
v 125.47290039 -326.93109131 7748.1171875
v 115.99856567 -369.07528687 7743.14941406
v 125.67266083 -325.3380127 7549.83300781
v 116.13825226 -368.35528564 7646.90771484
v 116.12930298 -367.63613892 7550.66992188
v 115.64920044 -363.19412231 7400.15039062
v 124.7490387 -319.04397583 7400.70556641
v 98.56558228 -224.72061157 7760.53320312
v 125.70658875 -326.13330078 7648.96923828
v 39.83123779 -410.43261719 7644.83642578
v 98.56558228 -222.7388916 7663.67333984
v 98.56558228 -221.2986908 7543.62890625
v 39.83123779 237.42883301 7818.56982422
v 118.58927155 -7.70293379 7150.10839844
v 119.23537445 37.09975052 7296.87597656
v 118.38911438 -314.14782715 7246.31591797
v 98.56571198 -220.81147766 7395.29589844
v 114.53520203 -152.18228149 7205.69091797
v 98.56565094 -182.39544678 7288.48193359
v 114.03245544 -49.9474678 6994.00341797
v 115.5503006 -10.79280758 6983.25732422
v 120.35183716 -53.08144379 6793.43164062
v 113.7178421 -16.20005035 6884.3828125
v 116.10894012 -51.5144577 6893.71728516
v 94.23693085 -116.88305664 6996.97851562
v 92.13597107 -81.8245163 6990.23193359
v 105.62983704 -66.75898743 6796.96582031
v 124.77298737 -55.37182999 6748.08203125
v 118.58511353 -80.62911224 6641.86474609
v 130.37678528 -60.91628647 6638.30273438
v 117.48691559 -108.45867157 6504.60351562
v 130.37678528 -68.75112915 6489.44091797
v 118.24517059 -23.41382599 6741.70019531
v 119.23537445 -27.78700256 6635.65039062
v 85.75032043 -107.81589508 6305.17871094
v 119.23537445 -29.33195877 6474.97949219
v 128.39102173 -148.66625977 6304.5390625
v 129.662323 -191.11045837 6317.26513672
v 98.86457825 -81.00821686 6896.12353516
v 119.23537445 -396.5300293 7263.90771484
v 117.70343781 -278.72241211 7129.61816406
v 115.48498535 -250.58078003 7137.9296875
v 99.64004517 -286.9972229 7000.08251953
v 99.39414215 -190.37898254 6998.31982422
v 103.89450836 -347.34500122 6982.30371094
v 99.64004517 -175.35583496 6902.16845703
v 99.64004517 -263.61300659 6905.80761719
v 99.64004517 -176.00227356 6803.40478516
v 115.22538757 -21.60728836 6785.5078125
v 111.58614349 -74.68295288 6754.92578125
v 107.36677551 -153.66229248 6761.11083984
v 102.66965485 -110.29690552 6801.40771484
v 31.16331482 -220.59391785 6669.71191406
v -0.28118148 -221.14468384 6595.15625
v 129.87330627 -357.82980347 6932.75683594
v 130.56686401 -381.18399048 6804.30664062
v 130.56686401 -394.65670776 6759.63427734
v 119.23537445 -156.60777283 6657.12988281
v 109.23439026 -105.61206055 6756.82128906
v 129.69210815 -443.99868774 6615.859375
v 119.23537445 -112.08920288 6648.38867188
v 119.23537445 -168.02857971 6553.17236328
v 119.23537445 -127.4616394 6521.22412109
v 37.7630043 -314.36013794 6762.29785156
v 35.48843384 -273.44934082 6821.32470703
v 36.28900528 -217.65574646 6766.82666016
v 99.64004517 -114.67539215 6899.66650391
v 119.23537445 -362.00033569 8122.09716797
v 119.23537445 -282.97369385 9754.95898438
v 39.83123779 -95.67785645 10287.45898438
v -45.70281982 13.22460556 5914.59179688
v 31.16331482 -308.64993286 6762.48681641
v -0.28118148 -304.82775879 6671.11523438
v -0.28118148 -307.40261841 6762.52294922
v 31.15587234 -306.06533813 6670.6484375
v 130.34712219 -276.01617432 6374.97998047
v 130.26963806 -314.56295776 6404.57763672
v 119.23537445 118.93637848 7336.42675781
v 40.00448227 -340.9475708 6119.328125
v 110.34444427 -128.2956543 6157.24658203
v 151.55189514 -161.20175171 6028.75830078
v 192.23426819 -220.7461853 5818.78808594
v 119.23537445 216.56777954 7256.8359375
v 119.23537445 157.56047058 7197.82861328
v 119.23537445 101.77171326 7127.02050781
v 119.23537445 41.33820724 6989.81347656
v 117.70967102 26.78712654 6881.77392578
v 120.31781769 23.45284843 6790.14257812
v 119.62657928 18.37013435 6735.36279297
v 119.23537445 17.56766129 6630.52441406
v 103.79165649 -0.28038299 6458.72558594
v 87.56360626 -7.91872644 6324.94677734
v 83.20549011 -120.23538971 6170.75976562
v 83.64292145 -113.71405792 6081.59326172
v 223.73580933 -135.96076965 5894.72265625
v 288.37927246 -264.20288086 5571.265625
v 288.77664185 -281.44604492 5473.05126953
v 288.99813843 -291.05667114 5418.31005859
v 289.1244812 -278.93832397 5386.04248047
v 96.42095947 -356.87942505 5311.01757812
v 288.85894775 -245.52612305 5450.38330078
v 288.41940308 -205.23304749 5557.76416016
v 284.68426514 -153.41958618 5752.99267578
v 226.39228821 -95.5124054 5900.93212891
v 121.21392822 -61.33930969 6093.15966797
v 90.00074005 -68.08499146 6092.52832031
v 86.91021729 -52.88825226 6251.29248047
v 86.11159515 -74.13596344 6167.31201172
v 83.32906342 -0.80390787 6283.91064453
v 115.03971863 2.19658661 6278.26513672
v 87.50506592 101.34611511 6343.23535156
v 114.79203796 125.26205444 6400.62158203
v 121.80697632 108.21756744 6334.96533203
v 81.61375427 121.97405243 6896.07763672
v 39.83123779 344.32983398 7097.94775391
v 84.02656555 175.81861877 6748.36816406
v 81.61375427 159.79364014 6804.86621094
v 84.0017395 138.26515198 6606.28759766
v 84.08699036 84.75014496 6375.41748047
v 83.99680328 93.35404205 6424.50097656
v 114.60132599 177.06280518 6599.79931641
v 82.72050476 118.58745575 6406.26660156
v 82.57591248 169.05973816 6601.06591797
v 82.70333099 206.46247864 6744.97607422
v 81.61375427 207.47676086 6785.19921875
v 82.46776581 232.15480042 6775.02050781
v 81.61375427 250.81382751 6859.43603516
v 83.45191956 291.37350464 6847.90039062
v 81.61375427 297.33175659 6939.11962891
v 44.05674744 255.63162231 6167.45507812
v 43.39513397 177.61170959 6012.57617188
v 13.8863306 328.25466919 6998.21484375
v -14.44869328 291.23815918 7054.01757812
v 116.83850098 305.72744751 6843.81884766
v 114.77406311 240.88829041 6771.41894531
v 114.62281799 213.53077698 6743.46289062
v 120.43534851 -49.42483902 6245.12548828
v 115.52810669 -69.53168488 6161.34179688
v 287.8729248 -86.09301758 5687.19726562
v 288.94125366 -209.60621643 5427.71435547
v 38.06547165 -356.87667847 5311.01757812
v 113.71772003 369.17318726 6909.50537109
v 217.57383728 433.47338867 6865.56396484
v 218.08425903 356.29071045 6805.70849609
v 213.48736572 288.559021 6742.70166016
v 215.63265991 260.20617676 6714.34765625
v 212.55502319 227.12788391 6582.03564453
v 208.39758301 170.42221069 6381.99072266
v 278.96560669 428.24865723 6743.27539062
v 278.63928223 374.69326782 6697.59521484
v 278.29708862 341.61499023 6655.06689453
v 273.91604614 291.20999146 6536.92919922
v 265.66107178 232.92912292 6403.04199219
v 257.69464111 154.17132568 6256.55273438
v 220.09802246 137.34393311 6290.63232422
v 232.5196991 31.80846786 6215.02490234
v 270.57104492 56.51162338 6173.06933594
v 285.47387695 476.6975708 6628.94677734
v 145.81954956 521.05053711 6531.06591797
v 145.81954956 558.3861084 6566.47021484
v 145.81954956 624.68884277 6621.18554688
v 88.5615387 653.72851562 6640.4921875
v 278.11895752 478.65356445 6782.65478516
v 287.76852417 514.74121094 6663.47753906
v 285.47387695 439.36196899 6593.54248047
v 284.96176147 360.82870483 6498.27246094
v 279.40155029 293.88214111 6412.01464844
v 281.40936279 174.1040802 6229.83300781
v 284.76513672 96.13205719 6074.93408203
v 266.2460022 16.47450638 5913.04785156
v 27.73066711 56.72886276 8336.4140625
v 37.00292587 -216.35134888 6668.87792969
v 37.00519943 -217.13049316 6591.94726562
v 37.67642212 -315.19296265 6667.0234375
v -0.28118148 -271.35449219 6806.29492188
v 31.16331482 -271.47937012 6807.62646484
v 121.55879974 -75.40742493 7168.61865234
v 130.37678528 -272.68612671 8230.92773438
v 31.20716286 -222.21073914 6767.23339844
v -0.28118148 -221.14466858 6669.82714844
v -0.28118148 -58.10939789 8212.93945312
v -0.28118148 -173.77130127 8269.85253906
v -0.28118148 -165.84016418 8383.53222656
v -0.28118148 -153.94346619 8503.8203125
v -0.28118148 -147.334198 8655.83300781
v -0.28118148 -143.36859131 8794.62695312
v -0.28118148 -140.72483826 8947.9609375
v -0.28118148 -134.11557007 9089.39941406
v -0.28118148 -78.78144073 9177.265625
v -0.28118148 0.89678246 9196.76269531
v -0.28118148 -4.39064837 9080.14648438
v -0.28118148 -3.25242138 8949.28320312
v -0.28118148 0.71309483 8806.5234375
v -0.28118148 13.93156433 8637.32714844
v -0.28118148 32.43742752 8457.5546875
v -0.28118148 -96.10788727 8178.59472656
v 13.8863306 269.3059082 10411.65820312
v -14.51552773 -232.75698853 6096.15039062
v 13.8863306 -102.69043732 10284.3125
v -14.44869328 -151.69264221 10199.71875
v 43.50661469 520.93762207 6531.16210938
v -43.15841293 558.26428223 6566.57275391
v 43.15841293 558.26428223 6566.57275391
v -56.47080994 529.8927002 6815.5546875
v -51.97428894 509.86392212 6875.80273438
v -14.44869328 196.35139465 10293.64355469
v -14.44869328 287.53057861 7968.73242188
v -14.44869328 -407.16772461 7399.57714844
v -14.44869328 -93.8573761 9978.22265625
v -14.44869328 -62.20793152 10202.98632812
v 13.8863306 -95.63150024 10287.45605469
v -14.44869328 -48.26078415 10075.85253906
v -14.44869328 -228.13397217 10067.75683594
v -14.44869328 -71.93452454 10291.6484375
v -14.44869328 -95.63150024 10287.45605469
v -14.44869328 -347.05239868 9731.64355469
v -14.44869328 78.00431061 9909.953125
v -14.44869328 -381.9203186 9802.2734375
v -14.44869328 -42.8965416 9786.1796875
v -14.44869328 153.13079834 10015.12890625
v 147.59033203 -128.04858398 5365.25244141
v 40.49451447 -64.94354248 5481.96826172
v 147.34432983 -64.68952179 5481.79882812
v -14.44869328 340.92303467 8088.86572266
v -14.44869328 344.37619019 7097.94482422
v -14.44869328 369.10220337 7367.32617188
v -45.11153793 573.06610107 6702.34960938
v -14.51711941 -313.09274292 6096.15039062
v -38.04779053 -355.10498047 5371.27441406
v -38.06547165 -356.87667847 5311.01757812
v -38.01764679 -338.41983032 5473.23876953
v -37.98867416 -327.29638672 5571.49511719
v -37.93217468 -299.26724243 5762.76220703
v -18.1904335 -279.10455322 5912.61425781
v -14.44869328 -88.57256317 10290.59863281
v -14.50988388 -340.9012146 6119.32421875
v -14.50264645 -368.70980835 6142.49804688
v -14.47063255 -456.77008057 6242.91748047
v -14.42917919 -540.19567871 6371.14501953
v -14.38378525 -608.17211914 6510.18652344
v -14.34834862 -654.51977539 6618.33203125
v -14.32830238 -560.27960205 6672.40283203
v -14.44869328 -510.84216309 6741.92480469
v -14.44869328 -484.57855225 6834.62060547
v -14.44869328 -469.12939453 6927.31494141
v -14.44869328 -458.31488037 7029.28027344
v -14.44869328 -347.08074951 7109.36914062
v -14.44869328 -462.76422119 7253.97363281
v -14.44869328 260.83435059 7908.66552734
v -14.44869328 -410.38626099 7644.83349609
v -14.44869328 -411.02990723 7738.17138672
v -14.44869328 -409.74249268 7832.15478516
v -14.34628201 -348.56365967 7978.61328125
v -14.42195129 -350.41760254 8039.79199219
v -14.44869328 -404.18075562 8106.53222656
v -14.44869328 -385.6416626 8223.9453125
v -14.44869328 -371.73733521 8378.4375
v -14.44869328 -357.83309937 8512.84667969
v -14.44869328 -342.38388062 8659.61328125
v -14.44869328 -323.84481812 8800.20117188
v -14.44869328 -309.94052124 8946.96777344
v -14.44869328 -292.94638062 9093.73632812
v -14.44869328 -279.04211426 9245.13867188
v -14.44869328 -265.69393921 9405.31445312
v -14.44869328 -268.37606812 9503.66015625
v -14.44869328 -285.36303711 9593.95898438
v -14.44869328 -308.60824585 9661.01367188
v -14.44869328 -304.57531738 9935.79589844
v -14.44869328 -139.45393372 9880.59277344
v -14.44869328 -409.74255371 7551.49365234
v -14.44869328 -91.17523956 9833.38671875
v -14.44869328 -4.27357531 9794.76367188
v -14.44869328 204.93421936 10087.65429688
v -14.44869328 200.64279175 10190.64941406
v -14.44869328 379.81048584 10192.79492188
v -14.44869328 436.97244263 10080.015625
v -14.44869328 385.99008179 9984.23046875
v -14.44869328 324.19335938 9854.45703125
v -14.44869328 271.66604614 9721.59375
v -14.44869328 226.86334229 9576.37207031
v -14.44869328 205.23446655 9446.59863281
v -14.44869328 199.05477905 9309.1015625
v -14.44869328 194.41996765 9197.8671875
v -14.44869328 195.96488953 9068.09375
v -14.44869328 200.59959412 8939.86621094
v -14.44869328 211.41400146 8807.00390625
v -14.44869328 240.77978516 8620.12890625
v -14.44869328 286.91275024 8453.8359375
v -14.44869328 344.75448608 8293.66015625
v -14.44869328 231.91339111 7430.35888672
v -14.44869328 -102.69043732 10284.3125
v -14.44869328 237.47518921 7818.56689453
v -14.44869328 214.11598206 7728.46679688
v -14.44869328 198.54316711 7552.71582031
v -14.44869328 328.25466919 6998.21484375
v -14.44869328 418.16894531 8184.64941406
v -14.44869328 314.22680664 8028.79931641
v -14.44869328 417.75180054 7209.58398438
v 41.95084 654.56835938 6639.93603516
v 45.11200714 573.06610107 6702.34960938
v 146.64709473 255.75752258 6167.35791016
v 42.80815125 597.18505859 6599.98486328
v -42.40003586 624.54760742 6621.30126953
v 42.40003586 624.54760742 6621.30126953
v 146.60903931 597.23046875 6599.96972656
v -41.95084 654.56835938 6639.93603516
v 40.31309128 -185.56375122 5291.49462891
v 136.07699585 98.09490204 5850.57958984
v 147.33570862 177.77047729 6012.45996094
v -40.31309128 -185.56375122 5291.49462891
v -147.59033203 -128.04858398 5365.25244141
v -40.11646652 -128.32180786 5365.43164062
v 43.88201141 442.41387939 6435.88574219
v 41.40706253 -4.73581171 5624.88378906
v 40.11646652 -128.32180786 5365.43164062
v 42.6491394 98.11083984 5850.57666016
v 147.04473877 -4.51263046 5624.73388672
v -44.0704422 375.47323608 6352.08007812
v 44.05381775 -360.6583252 5252.55126953
v 288.45956421 -146.26318359 5544.26269531
v 285.47387695 543.00036621 6683.66259766
v 145.81954956 442.5171814 6435.79638672
v 145.3515625 375.57061768 6349.53857422
v -42.80815125 597.18505859 6599.98486328
v -43.50661469 520.93762207 6531.16210938
v -0.28118148 -223.33581543 6767.33496094
v -43.92101288 290.83087158 6416.53125
v -84.19706726 -358.02780151 5250.35498047
v -289.25088501 -266.82000732 5353.77441406
v -147.7484436 -185.28538513 5291.31542969
v -155.49536133 529.84625244 6815.55761719
v -40.39359665 328.20831299 6998.21875
v -82.1761322 202.06263733 6978.39111328
v -40.39359665 291.19180298 7054.02050781
v -71.88515472 422.55657959 6965.23046875
v -82.1761322 350.39447021 6917.24609375
v -40.39359665 387.88745117 6964.32275391
v -40.39359665 287.48425293 7968.73535156
v -40.39359665 397.46780396 7141.87548828
v -40.39359665 369.05584717 7367.33007812
v -40.39359665 231.86701965 7430.36279297
v -40.39359665 198.49681091 7552.71972656
v -40.39359665 214.06962585 7728.46972656
v -40.39359665 260.78799438 7908.66943359
v -40.39359665 340.87667847 8088.86865234
v -40.39359665 418.12258911 8184.65332031
v -40.39359665 344.70812988 8293.66308594
v -40.39359665 286.86639404 8453.83984375
v -40.39359665 240.73342896 8620.1328125
v -40.39359665 211.36766052 8807.00683594
v -40.39359665 200.55323792 8939.87011719
v -40.39359665 195.91853333 9068.09863281
v -40.39359665 194.37362671 9197.87109375
v -40.39359665 199.00842285 9309.10449219
v -40.39359665 205.18812561 9446.60253906
v -40.39359665 226.81700134 9576.375
v -40.39359665 271.61968994 9721.59765625
v -40.39359665 324.14700317 9854.46191406
v -40.39359665 385.9437561 9984.23339844
v -40.39359665 436.92611694 10080.01855469
v -40.39359665 379.76412964 10192.79785156
v -39.973423 267.35525513 10405.70996094
v -50.70454407 252.61547852 10382.51464844
v -18.38378334 232.8286438 10352.65039062
v -37.03295135 196.31105042 10293.64746094
v -40.39359665 204.88786316 10087.65722656
v -130.93913269 236.51164246 10016.97363281
v -40.39359665 153.08442688 10015.13378906
v -40.39359665 -4.31992388 9794.76757812
v -40.39359665 -42.94289017 9786.18359375
v -40.39359665 -91.22158813 9833.38964844
v -40.39359665 -139.50028992 9880.59570312
v -40.39359665 -48.30713272 10075.85644531
v -40.39359665 -304.62164307 9935.79882812
v -40.39359665 -381.9666748 9802.27636719
v -40.39359665 -347.09875488 9731.64648438
v -40.39359665 -308.65460205 9661.01660156
v -40.39359665 -285.40936279 9593.96289062
v -40.39359665 -268.4223938 9503.6640625
v -40.39359665 -265.74029541 9405.31835938
v -40.39359665 -279.08847046 9245.14160156
v -40.39359665 -292.9927063 9093.73925781
v -40.39359665 -309.98687744 8946.97167969
v -40.39359665 -323.8911438 8800.20410156
v -40.39359665 -342.43023682 8659.6171875
v -40.39359665 -357.87942505 8512.84960938
v -40.39359665 -371.78369141 8378.44140625
v -40.39359665 -385.68804932 8223.94921875
v -40.39359665 -404.2270813 8106.53515625
v -40.31788254 -350.46392822 8039.79492188
v -40.10364532 -348.61001587 7978.61621094
v -40.39359665 -409.78884888 7832.15771484
v -40.39359665 -411.07635498 7738.17529297
v -40.39359665 -409.78890991 7551.49755859
v -40.39359665 -407.21408081 7399.58056641
v -40.39359665 -462.81057739 7253.9765625
v -40.39359665 -347.12710571 7109.37207031
v -40.39359665 -458.36123657 7029.28320312
v -40.39359665 -469.17575073 6927.31835938
v -40.39359665 -484.62490845 6834.62353516
v -40.39359665 -510.88851929 6741.92871094
v -40.05273056 -560.3260498 6672.40429688
v -40.10948944 -654.56616211 6618.33398438
v -40.20982361 -608.21856689 6510.18994141
v -40.3383522 -540.24212646 6371.1484375
v -40.45571136 -456.81652832 6242.92089844
v -40.5463562 -368.75610352 6142.50195312
v -40.58732986 -313.13903809 6096.15380859
v -40.58282471 -232.80329895 6096.15380859
v -51.3191452 -279.15084839 5912.61914062
v -96.08332062 -299.2911377 5762.76416016
v -96.2264328 -327.32028198 5571.49804688
v -96.29981232 -338.44369507 5473.24169922
v -96.37617493 -355.1288147 5371.27783203
v -145.62503052 509.81759644 6875.80664062
v -40.39359665 417.70544434 7209.58691406
v -40.39359665 314.18045044 8028.80273438
v -31.72567558 -220.61886597 6594.70214844
v -31.72386551 -263.26168823 6566.578125
v -31.71783638 -299.6517334 6588.30126953
v -38.26834106 -266.64929199 6555.87988281
v -130.43164062 -405.92932129 6551.14208984
v -38.26562119 -306.70129395 6585.8359375
v -27.61444092 -53.21334076 8210.43261719
v -119.79772949 74.29958344 8032.65087891
v -67.45862579 -101.4329834 8081.91601562
v -29.08854485 -150.85043335 8655.73730469
v -130.93913269 -240.28746033 8800.80664062
v -29.17079544 -146.84338379 8794.84863281
v -29.02939034 -177.1842041 8268.52929688
v -130.93913269 -265.07220459 8381.30175781
v -29.02978706 -169.26428223 8383.45898438
v -29.72898102 -96.20697021 8178.15771484
v -122.1985321 -230.57881165 8112.06347656
v -29.02944374 -157.45985413 8503.87109375
v -130.93913269 -247.63110352 8653.015625
v -130.93913269 -230.18998718 8944.92480469
v -29.3176136 -144.06018066 8947.85253906
v -130.93913269 -217.33860779 9095.46875
v -29.46205139 -137.33514404 9089.63378906
v -130.93913269 -191.63594055 9235.91503906
v -28.94364548 -82.57756042 9179.21875
v -106.95063019 -92.63768005 9460.51269531
v -28.6205864 3.99438834 9196.97753906
v -119.79772949 90.77890015 9069.77441406
v -28.67590714 -1.16581666 9079.79394531
v -28.66394424 0.19275613 8949.17578125
v -119.79772949 98.70996857 8946.04980469
v -28.66843987 4.29900551 8806.578125
v -119.79772949 106.64104462 8808.04785156
v -28.5841732 17.82863617 8636.78125
v -119.79772949 132.02050781 8620.87402344
v -28.38372612 36.64522934 8457.85351562
v -119.79772949 168.50354004 8467.01074219
v -119.79772949 373.12649536 10092.88769531
v -119.79772949 339.81588745 10203.921875
v -119.79772949 309.6776123 10007.23144531
v -119.79772949 231.95274353 9870.81640625
v -40.39359665 200.59645081 10190.65234375
v -130.93913269 287.27075195 10218.42382812
v -130.93913269 312.65026855 10108.97558594
v -59.56338501 232.7822876 10352.65429688
v -40.39359665 77.95794678 9909.95605469
v -130.93913269 147.6832428 9886.90429688
v -130.93913269 74.71705627 9753.66015625
v -40.39359665 -62.25428391 10202.99023438
v -40.39359665 -71.98087311 10291.65234375
v -40.39359665 -151.73898315 10199.72265625
v -40.39359665 -228.18029785 10067.76074219
v -40.39359665 -102.73680115 10284.31542969
v -40.39359665 -80.29988861 10291.12695312
v -40.39359665 -88.61890411 10290.60253906
v -80.09568024 -85.60801697 10202.33105469
v -96.87245178 -125.18640137 10190.31347656
v -65.17755127 -151.21986389 10198.08984375
v -40.39359665 -93.90372467 9978.22558594
v -80.09568024 -104.18198395 10078.81445312
v -119.79772949 -194.18951416 10074.77148438
v -119.79772949 -256.38162231 9957.6953125
v -80.09568024 -150.95169067 9978.90234375
v -119.79772949 -160.05683899 10081.7734375
v -119.79772949 -268.27609253 9854.26757812
v -119.79772949 -289.21035767 9844.70800781
v -80.09568024 -203.88819885 9867.43164062
v -119.79772949 -218.70674133 9778.26171875
v -119.79772949 -282.97369385 9754.95898438
v -80.09568024 -114.30170441 9747.52441406
v -80.09568024 -154.9641571 9805.82421875
v -119.79772949 -247.22850037 9684.9453125
v -130.93913269 -12.5251255 9609.31542969
v -119.71905518 -85.3314209 9606.76953125
v -119.79772949 -185.6605072 9708.86523438
v -119.79772949 -221.83660889 9599.09667969
v -119.79772949 -158.1219635 9604.21875
v -119.79772949 -206.11642456 9501.11230469
v -111.55252075 -110.92397308 9501.2109375
v -119.79772949 178.02120972 9721.7109375
v -115.63011169 130.85913086 9592.55566406
v -111.62247467 128.5151062 9438.66113281
v -119.79772949 93.95137024 9203.01855469
v -119.79772949 208.15901184 8292.52636719
v -119.79772949 235.1247406 8184.66357422
v -114.30695343 -144.21754456 9498.79003906
v -125.45378113 -163.30477905 9396.96386719
v -126.4178772 -200.63052368 9398.09863281
v -138.30953979 -212.79116821 9239.92480469
v -130.87135315 -235.81956482 9241.85839844
v -138.16418457 -239.51586914 9092.87988281
v -130.64512634 -259.87719727 9090.13964844
v -138.16978455 -253.85800171 8943.08203125
v -130.65635681 -275.49395752 8941.14746094
v -138.19906616 -264.68319702 8799.8046875
v -130.6894989 -287.04733276 8798.74414062
v -138.2277832 -273.5050354 8655.37402344
v -130.72250366 -297.27801514 8657.69921875
v -138.2567749 -284.01568604 8504.46582031
v -130.75491333 -310.10720825 8503.60742188
v -138.27763367 -293.07766724 8379.81445312
v -130.77215576 -319.11880493 8378.24023438
v -138.39179993 -302.07403564 8221.02246094
v -130.82043457 -333.08859253 8212.0859375
v -119.74022675 -233.63117981 9401.59570312
v -119.79772949 -256.62207031 9243.15625
v -119.79772949 -274.67349243 9091.71875
v -119.79772949 -291.00543213 8943.90527344
v -119.79772949 -303.83370972 8799.35449219
v -119.79772949 -318.32647705 8658.546875
v -119.79772949 -332.58010864 8508.12109375
v -119.79772949 -344.10247803 8378.23828125
v -119.79772949 -358.23660278 8218.07519531
v -127.7527771 -205.49209595 8050.27441406
v -28.2930336 56.72886276 8336.4140625
v -27.43607521 -5.21478271 8288.71484375
v -119.79772949 155.81373596 8104.25097656
v -114.79534912 -73.07579041 9494.56054688
v -130.93913269 -255.8927002 8505.22558594
v -138.40438843 -293.61373901 8145.85888672
v -130.88952637 -321.05499268 8136.93408203
v -117.69173431 -307.65380859 8044.16796875
v -116.61070251 -256.57299805 8047.22119141
v -119.79772949 -362.00033569 8122.09716797
v -118.28253174 -329.12979126 8041.98681641
v -129.63957214 -299.32647705 7979.22900391
v -116.06784058 -324.03900146 7978.92773438
v -119.79772949 24.73017502 7986.38623047
v -125.94777679 -97.52993011 7891.64746094
v -123.83795166 -153.70890808 7966.55126953
v -126.33609772 -325.32867432 7827.40869141
v -116.60940552 -367.63265991 7829.78955078
v -99.12799835 -223.72027588 7853.35009766
v -109.59703064 -226.5113678 7972.88671875
v -119.79772949 -6.11302137 7903.77050781
v -130.56051636 -51.67617798 7803.72021484
v -119.79772949 -0.47198212 7807.87207031
v -130.85740662 -42.36694336 7712.26025391
v -119.79772949 -6.11311007 7554.02441406
v -119.79772949 -4.23271418 7706.33300781
v -130.59420776 -42.36845016 7411.51269531
v -129.74911499 -55.68990707 7546.65966797
v -119.79772949 8.92970467 7411.11767578
v -128.05574036 -34.74837875 7303.02441406
v -126.03527069 -326.93109131 7748.1171875
v -116.56091309 -369.07528687 7743.14941406
v -116.70061493 -368.35528564 7646.90771484
v -126.2350235 -325.3380127 7549.83300781
v -116.69165802 -367.63613892 7550.66992188
v -116.21157074 -363.19412231 7400.15039062
v -125.31138611 -319.04397583 7400.70556641
v -99.12796021 -224.72061157 7760.53320312
v -126.26895905 -326.13330078 7648.96923828
v -40.39359665 -410.43261719 7644.83642578
v -99.12796021 -222.7388916 7663.67333984
v -99.12796021 -221.2986908 7543.62890625
v -40.39359665 237.42883301 7818.56982422
v -119.15164185 -7.70293379 7150.10839844
v -119.79772949 37.09975052 7296.87597656
v -99.12808228 -220.81147766 7395.29589844
v -120.56713104 -330.15917969 7273.67773438
v -99.12802887 -182.39544678 7288.48193359
v -112.86170197 -210.16992188 7149.86572266
v -114.59481812 -49.9474678 6994.00341797
v -116.1126709 -10.79280758 6983.25732422
v -114.28019714 -16.20005035 6884.3828125
v -120.91418457 -53.08144379 6793.43164062
v -116.6713028 -51.5144577 6893.71728516
v -95.16111755 -122.03925323 6997.07324219
v -106.15548706 -139.55297852 7194.28857422
v -92.698349 -81.8245163 6990.23193359
v -106.19220734 -66.75898743 6796.96582031
v -119.1474762 -80.62911224 6641.86474609
v -125.33535004 -55.37182999 6748.08203125
v -130.93913269 -60.91628647 6638.30273438
v -118.04927826 -108.45867157 6504.60351562
v -130.93913269 -68.75112915 6489.44091797
v -118.80753326 -23.41382599 6741.70019531
v -119.79772949 -27.78700256 6635.65039062
v -93.39820099 -83.91577911 6291.68359375
v -119.79772949 -29.33195877 6474.97949219
v -128.9533844 -148.66625977 6304.5390625
v -130.22468567 -191.11045837 6317.26513672
v -99.42696381 -81.00821686 6896.12353516
v -119.79772949 -396.5300293 7263.90771484
v -118.26580811 -278.72241211 7129.61816406
v -100.20241547 -286.9972229 7000.08251953
v -99.95651245 -190.37898254 6998.31982422
v -104.45685577 -347.34500122 6982.30371094
v -100.20241547 -175.35583496 6902.16845703
v -100.20241547 -263.61300659 6905.80761719
v -100.20241547 -176.00227356 6803.40478516
v -36.05079269 -273.44934082 6821.32470703
v -115.78774261 -21.60728836 6785.5078125
v -112.14849091 -74.68295288 6754.92578125
v -103.31916809 -108.40699768 6801.35058594
v -107.92914581 -153.66229248 6761.11083984
v -31.72567558 -220.59391785 6669.71191406
v -130.43565369 -357.82980347 6932.75683594
v -131.12921143 -381.18399048 6804.30664062
v -131.12921143 -394.65670776 6759.63427734
v -109.85046387 -104.2299881 6756.69726562
v -119.79772949 -156.60777283 6657.12988281
v -130.25448608 -443.99868774 6615.859375
v -119.79772949 -110.80869293 6648.13671875
v -119.79772949 -168.02857971 6553.17236328
v -38.32536316 -314.36013794 6762.29785156
v -36.85136032 -217.65574646 6766.82666016
v -100.20241547 -112.93000031 6899.59423828
v -119.79772949 -207.99969482 9979.57910156
v -40.39359665 -95.67785645 10287.45898438
v -31.72567558 -308.64993286 6762.48681641
v -31.71823883 -306.06533813 6670.6484375
v -130.91717529 -272.19522095 6372.04638672
v -130.83200073 -314.56295776 6404.57763672
v -119.79772949 118.93637848 7336.42675781
v -40.56684494 -340.9475708 6119.328125
v -110.90681458 -128.2956543 6157.24658203
v -151.88879395 -161.20175171 6028.75830078
v -192.23435974 -220.7461853 5818.78808594
v -119.79772949 216.56777954 7256.8359375
v -119.79772949 157.56047058 7197.82861328
v -119.79772949 101.77171326 7127.02050781
v -119.79772949 41.33820724 6989.81347656
v -118.27204132 26.78712654 6881.77392578
v -120.88019562 23.45284843 6790.14257812
v -120.1889267 18.37013435 6735.36279297
v -119.79772949 17.56766129 6630.52441406
v -98.93361664 -2.95715857 6424.78564453
v -84.83679962 -8.67256737 6311.08056641
v -88.88152313 -96.42857361 6178.10595703
v -100.81677246 -103.85140228 6076.76367188
v -229.76722717 -109.39282227 5903.87597656
v -288.37927246 -264.20288086 5571.265625
v -288.77664185 -281.44604492 5473.05126953
v -288.99813843 -291.05667114 5418.31005859
v -289.1244812 -278.93832397 5386.04248047
v -96.42095947 -356.87942505 5311.01757812
v -288.85894775 -245.52612305 5450.38330078
v -288.41940308 -205.23304749 5557.76416016
v -284.68426514 -153.41958618 5752.99267578
v -121.65721893 -61.33930969 6093.15966797
v -230.89459229 -46.45916367 5908.46191406
v -89.44554138 -68.08499146 6092.52832031
v -84.7173996 -52.88825226 6251.29248047
v -82.8105545 -0.80390787 6283.91064453
v -87.88774872 101.34611511 6343.23535156
v -114.53120422 2.19658661 6278.26513672
v -115.20174408 125.26205444 6400.62158203
v -122.15756226 108.21756744 6334.96533203
v -82.1761322 121.97405243 6896.07763672
v -40.39359665 344.32983398 7097.94775391
v -84.87004089 174.57540894 6748.26513672
v -82.1761322 159.79364014 6804.86621094
v -84.84231567 137.31211853 6606.47900391
v -84.83679962 92.61157227 6424.76660156
v -87.59950256 76.07537842 6373.09130859
v -83.16311646 118.58745575 6406.26660156
v -115.03087616 177.06280518 6599.79931641
v -83.03147888 169.05973816 6601.06591797
v -82.1761322 206.46247864 6744.97607422
v -82.1761322 207.47676086 6785.19921875
v -82.1761322 250.81382751 6859.43603516
v -82.1761322 232.15480042 6775.02050781
v -82.1761322 297.33175659 6939.11962891
v -82.1761322 291.37350464 6847.90039062
v -111.43034363 305.72744751 6843.81884766
v -113.71320343 240.88829041 6771.41894531
v -113.66845703 213.53077698 6743.46289062
v -116.25932312 -49.42483902 6245.12548828
v -83.03588867 -74.13596344 6167.31201172
v -114.23274231 -69.53168488 6161.34179688
v -287.8729248 -86.09301758 5687.19726562
v -288.94125366 -209.60621643 5427.71435547
v -111.43034363 369.17318726 6909.50537109
v -202.2696228 433.47338867 6865.56396484
v -197.13586426 356.29071045 6805.70849609
v -205.47879028 288.559021 6742.70166016
v -211.81817627 260.20617676 6714.34765625
v -212.83979797 227.12788391 6582.03564453
v -208.64941406 170.42221069 6381.99072266
v -263.28884888 428.24865723 6743.27539062
v -264.17687988 374.69326782 6697.59521484
v -272.37612915 341.61499023 6655.06689453
v -274.09188843 291.20999146 6536.92919922
v -265.82113647 232.92912292 6403.04199219
v -257.72155762 154.17132568 6256.55273438
v -220.27209473 137.34393311 6290.63232422
v -231.17701721 31.80846786 6215.02490234
v -269.24499512 56.51162338 6173.06933594
v -145.81954956 521.05053711 6531.06591797
v -285.25570679 476.6975708 6628.94677734
v -145.81954956 558.3861084 6566.47021484
v -145.81954956 624.68884277 6621.18554688
v -172.61158752 572.10955811 6702.96337891
v -88.5615387 653.72851562 6640.4921875
v -265.81427002 478.65356445 6782.65478516
v -287.64318848 514.74121094 6663.47753906
v -285.47106934 439.36196899 6593.54248047
v -285.00283813 360.82870483 6498.27246094
v -279.5045166 293.88214111 6412.01464844
v -281.17288208 174.1040802 6229.83300781
v -284.70880127 96.13205719 6074.93408203
v -266.24707031 16.47450638 5913.04785156
v -37.5652771 -216.35134888 6668.87792969
v -37.56755447 -217.13049316 6591.94726562
v -38.23877716 -315.19296265 6667.0234375
v -31.72568321 -271.47937012 6807.62646484
v -119.79772949 -130.30764771 6523.46582031
v -121.73241425 -66.54385376 7166.19580078
v -130.93913269 -272.68612671 8230.92773438
v -31.76953125 -222.21073914 6767.23339844
v -146.57646179 255.75752258 6167.35791016
v -146.60903931 597.23046875 6599.96972656
v -136.07699585 98.09490204 5850.57958984
v -43.39513397 177.61170959 6012.57617188
v -147.33570862 177.77047729 6012.45996094
v -40.49451447 -64.94354248 5481.96826172
v -147.34432983 -64.68952179 5481.79882812
v -43.88201141 442.41387939 6435.88574219
v -41.40706253 -4.73581171 5624.88378906
v -42.6491394 98.11083984 5850.57666016
v -147.04473877 -4.51263046 5624.73388672
v -44.05445099 255.63162231 6167.45507812
v -288.45956421 -146.26318359 5544.26269531
v -285.47387695 543.00036621 6683.66259766
v -145.81954956 442.5171814 6435.79638672
v -145.39050293 375.57061768 6349.53857422
vn -0.72418 0.5309 -0.44012
vn 0.21173 -0.57709 -0.78876
vn 0.72419 0.53089 -0.44012
vn -0.71416 0.63378 -0.29714
vn 0.70732 0.63206 -0.31654
vn -0.71245 0.62805 -0.31299
vn -0.73575 0.56718 -0.37009
vn 0.72855 0.61871 -0.29396
vn -0.72856 0.6187 -0.29396
vn -0.69405 0.62296 -0.36085
vn 0.69367 0.62431 -0.35924
vn -0.32202 0.54147 -0.7766
vn -0.57236 0.14065 -0.80785
vn 0.00061 0.63714 -0.77074
vn -0.00079 0.83363 -0.55232
vn 0.00079 0.83363 -0.55232
vn 0.71416 0.64262 -0.27752
vn -0.71416 0.64263 -0.2775
vn 0.73575 0.56719 -0.3701
vn 0.00015 0.24258 0.97013
vn -0.19789 0.53184 0.8234
vn -0.00015 0.24259 0.97013
vn 0.20936 -0.61149 -0.76305
vn 0.29715 0.49828 -0.8145
vn 0.82897 -0.13063 -0.54382
vn 0.23749 0.84642 0.47662
vn 0.00089 0.94211 0.3353
vn 0.29536 0.8649 0.40585
vn 0.97854 0.20369 0.03107
vn 0.55209 0.52709 0.64605
vn 0.75108 0.65135 -0.10778
vn 0.76252 -0.2591 0.59281
vn 0.44218 0.07773 0.89355
vn 0.32225 0.07165 0.94394
vn 0.00089 0.98919 -0.14664
vn 0.5808 0.74128 -0.33643
vn 0.00087 0.94409 -0.32968
vn 0.00084 0.91381 -0.40614
vn 0.52704 0.70865 -0.46909
vn 0.49537 0.65541 0.57013
vn 0.00063 0.76268 0.64678
vn 0.63202 0.57152 0.52337
vn 0.00088 0.99605 0.08884
vn 0.60477 0.79341 0.06899
vn 0.59122 0.79536 -0.13364
vn 0.00089 0.98541 -0.1702
vn 0.60727 0.7493 -0.26412
vn 0.00088 0.968 -0.25096
vn 0.54263 0.70777 -0.45235
vn 0.00084 0.91381 -0.40614
vn 0.00079 0.85332 -0.52139
vn 0.47082 0.8815 -0.03587
vn 0.0009 0.99907 -0.04299
vn 0.00077 0.89173 0.45258
vn 0.52192 0.76704 0.37315
vn 0.00083 0.95276 0.30371
vn 0.47192 0.84333 0.25708
vn 0.00086 0.97735 0.21164
vn 0.45842 0.86899 0.1863
vn 0.00088 0.99298 0.11827
vn 0.44997 0.88696 0.10405
vn 0.00089 0.99828 0.05864
vn 0.44291 0.89513 0.05076
vn 0.00089 0.99971 0.02401
vn 0.44578 0.89482 0.02394
vn 0.00089 0.99989 -0.01487
vn 0.44229 0.89672 -0.01641
vn 0.00089 0.99906 -0.04326
vn 0.4291 0.90219 -0.04391
vn 0.0009 0.99449 -0.10484
vn 0.42272 0.90174 -0.09039
vn 0.44111 0.87101 -0.21626
vn 0.00088 0.97316 -0.23012
vn 0.41491 0.8589 -0.30024
vn 0.00087 0.94346 -0.33148
vn 0.40953 0.83216 -0.37389
vn 0.00086 0.91694 -0.39903
vn 0.3667 0.82308 -0.43368
vn 0.00082 0.89302 -0.45001
vn 0.30714 0.95145 -0.01996
vn 0.00089 0.99995 -0.01002
vn 0.00353 0.89048 0.45502
vn 0.2251 0.87166 0.43537
vn 0.50451 0.05275 0.86179
vn 0.01466 -0.84716 0.53113
vn 0.71173 -0.35269 0.60749
vn 0.35764 -0.90927 0.21286
vn 0.00229 -0.84894 0.52848
vn -0.00087 -0.96739 0.25329
vn 0.40266 -0.86109 0.31045
vn -0.00089 -0.99913 -0.04163
vn -0.00087 -0.95846 0.28524
vn 0.92285 -0.30614 0.23371
vn 0.316 -0.77396 0.54876
vn 0.36018 -0.47681 0.80182
vn 0.00017 0.27392 0.96175
vn 0.57888 0.13574 0.80404
vn 0.50328 0.61397 0.60807
vn 0.00087 0.98386 0.17897
vn 0.60099 0.79065 0.11694
vn 0.42946 0.89163 -0.14341
vn 0.00083 0.90606 -0.42316
vn 0.00089 0.98661 -0.16309
vn 0.24967 -0.85942 0.44616
vn -0.00089 -0.99945 0.03323
vn 0.35059 -0.93612 0.02771
vn 0.34347 -0.83388 -0.43206
vn -0.00077 -0.88768 -0.46047
vn 0.3467 -0.85865 -0.37751
vn -0.00079 -0.91469 -0.40416
vn 0.33709 -0.91054 -0.23935
vn -0.00084 -0.96644 -0.2569
vn 0.30382 -0.95045 -0.06589
vn -0.00088 -0.99432 -0.1064
vn 0.18403 -0.98223 0.03695
vn -0.0009 -0.99961 0.02794
vn -0.00089 -0.99619 0.08725
vn 0.13332 -0.98689 0.09098
vn -0.00089 -0.99466 0.10324
vn 0.11299 -0.98829 0.10258
vn -0.0009 -0.99451 0.10467
vn 0.1166 -0.98781 0.10313
vn -0.00089 -0.99365 0.11254
vn 0.12576 -0.98637 0.1061
vn -0.0009 -0.99305 0.11772
vn 0.14553 -0.98248 0.11638
vn -0.00089 -0.9946 0.10379
vn 0.15509 -0.98296 0.09863
vn -0.0009 -0.99535 0.09627
vn 0.16533 -0.98166 0.09489
vn -0.0009 -0.99242 0.12287
vn 0.18139 -0.97773 0.10555
vn -0.00085 -0.96618 -0.25788
vn 0.2387 -0.93717 -0.25443
vn 0.17999 -0.93134 -0.31655
vn -0.00082 -0.93794 -0.34678
vn 0.1726 -0.97148 0.16259
vn -0.00089 -0.98336 0.18167
vn -0.00089 -0.97912 0.20329
vn 0.24027 -0.95106 0.1943
vn 0.24796 -0.96877 0.00315
vn -0.0009 -0.99999 0.0034
vn 0.24858 -0.96854 -0.01153
vn -0.00089 -0.99998 -0.0069
vn -0.00089 -0.99993 -0.01192
vn 0.2776 -0.94869 0.15141
vn -0.00089 -0.98492 0.17301
vn -0.00087 -0.988 -0.15444
vn 0.31181 -0.93882 -0.14625
vn 0.58105 -0.81382 -0.00889
vn -0.00089 -0.99077 0.13556
vn -0.0008 -0.86466 0.50236
vn 0.462 -0.76964 0.4407
vn -0.00089 -0.99085 0.13499
vn 0.45134 -0.87925 0.15233
vn -0.00088 -0.97576 0.21883
vn 0.42579 -0.8829 0.19799
vn -0.00084 -0.90171 0.43233
vn 0.45459 -0.81069 0.36897
vn 0.55656 -0.63458 0.53624
vn -0.00063 -0.67197 0.74058
vn -0.00086 -0.94841 0.31705
vn 0.58293 -0.77061 0.25757
vn 0.56575 -0.77105 -0.29224
vn -0.00079 -0.90904 -0.4167
vn 0.53634 -0.73336 -0.41775
vn -0.00075 -0.86991 -0.49321
vn 0.54237 -0.66719 -0.51058
vn -0.00067 -0.79706 -0.6039
vn 0.55554 -0.57617 -0.5995
vn -0.00057 -0.69812 -0.71598
vn 0.52156 -0.29683 -0.79992
vn -0.00051 -0.64019 -0.76822
vn -0.00024 -0.34026 -0.94033
vn -0.00066 -0.78913 -0.61423
vn 0.70624 -0.65683 -0.26418
vn -0.00068 -0.98191 0.18934
vn 0.26765 -0.93327 0.23951
vn -0.00025 -0.99028 0.1391
vn 0.25354 -0.94404 0.21097
vn -0.00021 -0.99168 0.12876
vn 0.15099 -0.97974 0.13159
vn -0.00021 -0.99057 0.13703
vn 0.14162 -0.98046 0.13657
vn -0.00021 -0.99542 0.09565
vn 0.16683 -0.98272 0.08016
vn 0.39665 0.68101 0.61555
vn 0.04795 0.88788 0.45758
vn 0.19845 0.53177 0.82331
vn 0.52028 0.85399 -0.00286
vn 0.00089 0.99999 0.00435
vn 0.00062 0.75216 0.65898
vn 0.55536 0.7539 -0.35102
vn 0.35838 -0.82973 0.42792
vn 0 -0.02731 0.99963
vn 0.56235 -0.09 0.82198
vn -0 0.84814 0.52977
vn 0.49245 0.73724 0.46257
vn 0.99031 0.10727 0.08816
vn 0.80817 -0.03955 0.58762
vn 0.76043 0.54333 0.35574
vn 0.64775 -0.53162 0.54571
vn 0.6613 0.06629 0.74719
vn 0.85382 0.11681 0.50729
vn 0.91782 0.39641 -0.02173
vn 0.42368 0.90514 -0.03492
vn 0.41363 0.91006 -0.02646
vn 0.91822 0.39522 -0.02609
vn 0.51095 0.8262 0.23734
vn 0.42441 0.90248 -0.07348
vn 0.98625 0.14036 0.0872
vn 0.91921 0.39329 -0.01952
vn 0.42663 0.90208 -0.06506
vn 0.91035 0.41302 -0.02603
vn 0.39425 0.91834 -0.03485
vn 0.90711 0.41775 -0.05143
vn 0.43205 0.87292 -0.22657
vn 0.94771 0.30684 -0.08775
vn 0.48943 0.73893 -0.46307
vn 0.71752 0.28216 -0.63683
vn 0.97112 0.12661 -0.20223
vn 0.99682 -0.07917 0.00938
vn 0.42513 -0.90224 0.07237
vn 0.43468 -0.90044 0.01621
vn 0.45002 -0.89275 -0.02198
vn 0.9992 -0.04004 -0.00183
vn 0.4613 -0.88582 -0.05018
vn 0.99886 -0.04765 0.0035
vn 0.48306 -0.87134 -0.08613
vn 0.99946 -0.03185 0.0086
vn 0.51666 -0.84705 -0.12478
vn 0.99987 0.01065 0.01218
vn 0.59649 -0.60923 0.52253
vn 0 -0.92804 0.37247
vn 0 -0.74438 0.66775
vn -0.71752 0.28216 -0.63683
vn -0.96698 0.22425 -0.1211
vn -0.63398 -0.70313 -0.32199
vn -0.08203 0.05536 0.99509
vn -0.0182 -0.84756 0.53039
vn 0.81366 0.58027 -0.03512
vn 0.73916 0.58398 0.33557
vn 0.89242 0.38157 -0.24081
vn 0.91407 0.36676 -0.1731
vn 0.63398 -0.70313 -0.32199
vn -0 0.29034 -0.95692
vn -0 -0.85615 -0.51672
vn 0.39303 -0.91787 -0.05512
vn 0.95609 -0.20534 0.2091
vn 0.98705 -0.15643 0.03565
vn 0.56693 -0.68963 0.45057
vn -0.00078 -0.81373 0.58124
vn -0.00076 -0.81373 0.58124
vn 0.33851 -0.77464 0.53418
vn 0.9192 -0.33031 0.21441
vn -0.00056 -0.55201 0.83383
vn 0.94902 -0.25436 0.18617
vn 0.00088 0.99404 0.10905
vn 0.30754 0.94804 0.08152
vn 0.00052 0.64392 0.76509
vn 0.58021 0.52383 0.62366
vn 0.11561 -0.86485 0.48855
vn -0.00081 -0.8653 0.50125
vn 0.16361 -0.85695 0.48874
vn -0.0008 -0.86531 0.50124
vn 0.42137 -0.56683 0.70792
vn -0.00081 -0.86531 0.50124
vn 0.00012 -0.06298 0.99801
vn -0.00012 -0.06298 0.99801
vn 0.61844 0.03706 0.78496
vn -0.00028 -0.23854 0.97113
vn 0.49452 -0.18058 0.8502
vn 0.77818 0.61332 0.13521
vn 0.95098 -0.08476 0.2974
vn 0.50011 -0.71693 0.48569
vn 0.4439 0.81185 -0.37929
vn 0.80496 0.57863 -0.13125
vn 0.81138 -0.48394 0.3278
vn 0.81552 -0.52996 0.23254
vn 0.96268 0.26745 0.04138
vn 0.7947 0.54933 -0.25826
vn 0.98278 0.184 0.01682
vn 0.94695 0.29042 -0.13759
vn 0.00058 0.69912 0.715
vn 0.96139 0.23575 0.14198
vn 0.85787 0.51286 0.0323
vn 0.89885 -0.42114 0.12132
vn 0.89514 0.29143 0.33733
vn 0.86313 0.4054 0.30109
vn 0.91319 -0.37724 -0.15417
vn 0.97712 0.17138 0.12592
vn 0.99477 -0.07708 0.06706
vn 0.99593 -0.0436 0.07885
vn 0.9064 -0.41165 -0.09473
vn 0.99999 0.00374 -0.00388
vn 0.92214 -0.38598 0.02614
vn 0.99928 0.03753 -0.00495
vn 0.99397 0.08146 -0.07343
vn 0.91676 0.37262 -0.14389
vn 0.93409 0.34331 -0.09807
vn 0.96698 0.22425 -0.1211
vn 0.90765 0.41397 -0.0692
vn 0.99676 -0.07692 0.02341
vn 0.99829 0.0334 0.04799
vn 0.98528 0.16632 -0.03947
vn 0.99403 0.10757 0.01819
vn 0.99429 -0.09596 0.04678
vn 0.9996 0.01589 0.02325
vn 0.97115 -0.23381 0.04697
vn 0.99155 -0.12864 0.01664
vn 0.95656 -0.28954 0.03397
vn 0.99296 -0.11797 0.01085
vn 0.96075 -0.27622 0.0258
vn 0.99365 -0.11219 0.00815
vn 0.96408 -0.26485 0.02005
vn 0.99468 -0.10272 0.00734
vn 0.9724 -0.23246 0.02009
vn 0.99559 -0.09357 0.00737
vn 0.97631 -0.21563 0.01783
vn 0.99561 -0.09341 0.00651
vn 0.97822 -0.20699 0.01566
vn 0.99551 -0.06107 -0.07234
vn 0.98042 -0.18386 -0.07054
vn 0.82036 -0.56561 0.08417
vn 0.71103 -0.69826 0.0829
vn 0.66843 -0.73938 0.08073
vn 0.67247 -0.73641 0.07406
vn 0.68417 -0.72626 0.06676
vn 0.71453 -0.69547 0.07596
vn 0.72755 -0.68325 0.062
vn 0.74007 -0.66973 0.06133
vn 0.7487 -0.66262 0.0195
vn 0.99989 -0.0039 0.01444
vn 0.99856 0.03718 -0.03868
vn 0.99096 -0.01776 -0.13295
vn 0.91905 0.39316 -0.0278
vn 0.9941 -0.07395 -0.07938
vn 0.99937 -0.01155 0.0336
vn 0.9976 -0.05497 -0.04218
vn 0.99942 -0.00116 -0.03393
vn 0.83095 -0.53493 -0.15288
vn 0.9966 0.08217 0.0063
vn 0.99346 -0.10584 0.0428
vn 0.6779 -0.72951 0.09088
vn 0.98703 0.13869 -0.08089
vn 0.99765 -0.06771 -0.01033
vn 0.99399 -0.0882 -0.0649
vn 0.99999 0.002 0.00405
vn 0.77213 -0.62425 0.11888
vn 0.99819 0.03862 -0.0462
vn 0.99527 0.00481 -0.09707
vn 0.99986 0.01336 0.01031
vn 0.98362 0.17955 -0.01569
vn 0.99845 0.05555 -0.00363
vn 0.96214 0.27252 0.00362
vn 0.95962 0.28118 0.00825
vn 0.94959 0.31332 -0.01037
vn 0.99985 0.01461 -0.00917
vn 1 -0.00219 -0.00043
vn 0.9999 -0.01269 -0.00652
vn 0.97285 0.22092 0.06896
vn 0.99988 0.01553 4E-05
vn 0.79808 -0.60255 0.00307
vn 0.99989 0.01479 -0.00169
vn 0.79936 -0.60084 -0.00406
vn 0.79943 -0.60067 -0.01002
vn 0.83704 -0.54593 0.03632
vn 0.99933 0.02858 -0.02282
vn 0.99906 0.04329 -0.00171
vn 0.99986 0.01665 0.00116
vn 0.24859 -0.96859 -0.00676
vn 0.99923 0.03915 0.00198
vn 0.9993 0.03748 -0.00044
vn 0.58801 0.78468 -0.19625
vn 0.99962 0.01442 -0.02366
vn 0.99891 0.04652 -0.00284
vn 0.99859 0.04865 0.02116
vn 0.99873 0.04908 -0.01122
vn 0.99857 -0.05142 0.01438
vn 0.99623 -0.0409 0.07649
vn 0.95581 -0.29324 -0.02103
vn 0.99876 -0.04945 -0.0059
vn 0.95264 -0.28862 0.09579
vn 0.99993 -0.00767 0.00878
vn 0.9699 -0.24329 0.0099
vn 0.99812 0.05523 -0.02668
vn 0.96258 -0.27028 -0.01968
vn 0.89638 -0.42734 0.11782
vn 0.98065 -0.17898 0.07931
vn 0.9638 -0.2603 0.05767
vn 0.9948 -0.09464 0.03763
vn 0.99277 -0.11614 0.03025
vn 0.99854 0.0263 -0.04728
vn 0.99425 0.09798 0.04329
vn 0.98732 0.15864 -0.00493
vn 0.90817 0.38919 -0.15416
vn 0.95138 0.27457 -0.13962
vn 0.94225 0.28432 -0.17696
vn 0.98667 -0.05439 -0.15341
vn 0.9683 -0.24736 0.03468
vn 0.85818 -0.50519 -0.09121
vn 0.95785 -0.24455 -0.1507
vn 0.99685 0.06638 -0.04337
vn 0.99316 -0.09604 0.06641
vn 0.99807 0.04068 -0.04702
vn 0.92147 -0.1677 0.35039
vn 0.9999 0.00833 0.01145
vn 0.98379 0.10587 -0.14475
vn 0.9205 -0.35139 -0.1709
vn 0.99839 0.04431 0.03532
vn 0.94133 -0.31429 0.12298
vn 0.92354 -0.38034 0.04918
vn 0.99474 -0.04319 0.09285
vn 0.31861 -0.94787 -0.00615
vn -0 -0.88134 0.47248
vn 0.95289 -0.14239 0.26783
vn 0.9946 0.02158 -0.10156
vn 0.99771 0.06711 0.00854
vn 0.89521 -0.44016 0.06964
vn 0.99141 -0.04364 0.12328
vn 0.99435 -0.0841 0.06485
vn 0.99918 0.01334 0.03819
vn 0.93448 -0.30204 0.18844
vn 0.99863 0.05238 0.00028
vn 0.66411 0.7162 -0.21449
vn 0.85249 0.08059 -0.51649
vn 0.66823 -0.68801 -0.28302
vn 0.99904 0.01273 0.04184
vn 0.80819 -0.57653 -0.12015
vn 0.90152 -0.4089 -0.14163
vn 0.45538 -0.37061 0.80949
vn 0.71405 0.63345 -0.2981
vn 0.36982 0.86938 -0.32774
vn 0 0.9986 0.05283
vn -0 0.94489 -0.32739
vn 0.47723 0.87795 0.03823
vn 0.98673 -0.09819 -0.12935
vn 0.99046 -0.13553 -0.02493
vn 0.96618 0.1528 0.20772
vn 0.57402 -0.52446 -0.62884
vn 0.90874 0.41146 0.06985
vn 0.87645 -0.16933 0.45073
vn 0.61423 -0.71358 0.33692
vn 0.97331 0.22407 0.04971
vn 0.98323 0.13484 -0.12277
vn 0.98897 0.13492 -0.06109
vn 0.99426 0.09012 -0.05775
vn 0.99133 0.13135 -0.00393
vn 0.99639 0.08268 0.01927
vn 0.99555 0.09395 -0.00657
vn 0.98765 0.15311 -0.03319
vn 0.94812 0.29953 -0.10654
vn 0.99297 0.05164 -0.10654
vn 0.83469 0.54872 0.0468
vn 0.91267 0.3099 0.26644
vn 0.83976 -0.31718 0.44069
vn 0.80825 -0.56992 0.14809
vn 0.80323 -0.58709 0.10078
vn 0.7708 -0.63612 -0.03484
vn 0.84017 -0.51483 -0.17046
vn 0.22354 -0.9746 -0.01344
vn 0.99999 0.00024 0.004
vn 0.99996 -0.00071 0.00926
vn 0.93286 -0.20597 0.29556
vn 0.86279 -0.23703 0.44655
vn 0.46257 -0.87807 0.12252
vn 0.71262 -0.67097 0.20486
vn 0.84525 -0.43181 0.31478
vn 0.78068 -0.6204 0.07506
vn 0.81949 -0.28103 0.49946
vn 0.35116 -0.47832 0.80492
vn 0.71164 -0.54674 0.44118
vn 0.35172 -0.9005 0.25571
vn 0.40201 -0.71397 0.57326
vn 0.98034 0.19378 -0.0372
vn 0.56272 0.52862 -0.63554
vn 0.99242 0.1221 0.01407
vn 0.98972 0.12922 0.06132
vn 0.9889 0.14357 -0.03817
vn 0.99896 0.04182 0.01807
vn 0.99241 0.12054 -0.0244
vn 0.35982 -0.9039 0.23128
vn 0.79942 -0.57635 0.16954
vn 0.80271 -0.57725 0.1498
vn 0.8318 -0.48655 0.26717
vn 0.99977 -0.00182 0.02147
vn 0.77883 -0.47491 0.40973
vn 0.99977 -0.01913 0.01012
vn 0.81542 -0.43931 0.37696
vn 0.95952 0.10417 0.26166
vn -0.72162 0.59872 -0.34757
vn -0.71634 0.62528 -0.30965
vn 0.00055 0.68216 0.7312
vn -0.00089 0.98919 -0.14666
vn 0.45539 -0.65326 0.60488
vn 0.38086 -0.68298 0.62329
vn 0.34949 -0.81882 0.45541
vn 0.39619 -0.7579 0.51829
vn 0.40453 -0.91337 0.04598
vn 0.90279 0.41751 -0.10321
vn 0.8817 0.39721 -0.2546
vn 0.00598 -0.99915 0.04086
vn 0.56437 -0.38796 0.72868
vn 0.66704 0.01516 0.74487
vn 0.70259 -0.4768 0.52822
vn 0.67631 -0.52094 0.52079
vn 0.67163 -0.63875 0.37539
vn 0.64072 -0.74002 0.20455
vn 0.55227 -0.78343 0.285
vn 0.94798 -0.20052 0.24725
vn 0.94275 -0.24675 0.22435
vn 0.93696 -0.3119 0.15753
vn 0.91441 -0.38405 0.12787
vn 0.85541 -0.4814 0.19111
vn 0.7619 -0.48306 0.43146
vn 0.59108 -0.61179 0.52568
vn 0.66928 -0.60713 0.42831
vn 0.84821 -0.50957 0.14449
vn 0.90431 0.27768 -0.32423
vn 0.31389 0.6936 -0.64838
vn 0.30766 0.63584 -0.70785
vn 0.40827 0.84147 -0.3539
vn 0.12573 0.99172 -0.02627
vn 0.83548 0.28038 0.47261
vn 0.91376 0.26117 -0.31119
vn 0.91236 0.29822 -0.28047
vn 0.91884 0.28459 -0.27339
vn 0.94035 0.24976 -0.23101
vn 0.97888 0.20155 -0.03431
vn 0.97183 0.08285 -0.22064
vn 0.98441 0.17586 -0.0011
vn 0.64306 -0.71237 0.28107
vn 0.59878 -0.80081 0.01284
vn 0.61463 -0.69506 0.37299
vn 0.7894 0.61378 -0.01075
vn 0 0.1001 -0.99498
vn 0.75989 0.05705 -0.64754
vn 0.99392 -0.07955 -0.07618
vn 0.94378 0.32991 0.02084
vn 0.34484 -0.81942 -0.45786
vn 0 -0.99996 -0.0089
vn 0 -0.74397 0.66821
vn 0 0.9467 0.3221
vn -0 0.99649 -0.08376
vn -0 0.99749 -0.07088
vn -0 0.99935 -0.0361
vn 0 0.99974 -0.02292
vn 0 0.99946 -0.03285
vn -0 0.95457 -0.29798
vn -0 0.84395 -0.53642
vn -0 -0.99646 0.08406
vn 0 -0.99983 0.01848
vn -0 -0.99982 -0.01894
vn -0 -0.99858 -0.05321
vn -0 -0.99588 -0.09064
vn -0 -0.99113 -0.13292
vn 0 0.06424 0.99793
vn 0.11052 0.0545 0.99238
vn 0.00065 -0.78912 -0.61423
vn -0.00064 -0.66854 0.74368
vn 0.00081 -0.86531 0.50124
vn -0.00074 0.73132 -0.68203
vn 0.00077 0.67001 -0.74235
vn -0.00077 0.67001 -0.74235
vn -0.00023 0.94187 0.33598
vn -0.04796 0.88791 0.45752
vn 0.00087 -0.96739 0.25328
vn -0.00084 0.91381 -0.40614
vn 0.00089 -0.98492 0.17302
vn -0.00083 0.90606 -0.42316
vn -0.00088 0.99404 0.10905
vn -0.00042 -0.40677 0.91353
vn -0.00089 0.98661 -0.16308
vn 0.00081 -0.8653 0.50125
vn -0.00052 0.6439 0.76511
vn 0.00042 -0.40677 0.91353
vn 0.00077 -0.88768 -0.46047
vn 0.00076 -0.81373 0.58124
vn 0.00089 -0.99945 0.03322
vn -0.00017 0.27392 0.96175
vn 0.00078 -0.81373 0.58124
vn 0.3025 0.7979 -0.52139
vn -0.70755 0.6381 -0.30363
vn 0.30059 0.85914 -0.41415
vn -0.00079 0.85332 -0.52139
vn -0.00061 0.63714 -0.77074
vn -0.00062 0.75216 0.65898
vn -0.00102 0.80158 0.59788
vn 0.00024 -0.34026 -0.94033
vn 0.00021 -0.99542 0.09565
vn -0.00598 -0.99915 0.04085
vn 0.00021 -0.99057 0.13703
vn 0.00021 -0.99168 0.12876
vn 0.00025 -0.99028 0.13911
vn 0.00068 -0.98191 0.18934
vn 0.00028 -0.23854 0.97113
vn 0.00051 -0.64019 -0.76822
vn 0.00057 -0.69812 -0.71598
vn 0.00067 -0.79706 -0.6039
vn 0.00075 -0.86991 -0.49321
vn 0.00079 -0.90904 -0.4167
vn 0.00086 -0.94841 0.31703
vn 0.00063 -0.67197 0.74058
vn 0.00084 -0.90171 0.43234
vn 0.00088 -0.97576 0.21883
vn 0.00089 -0.99085 0.13499
vn 0.0008 -0.86466 0.50235
vn 0.00089 -0.99077 0.13557
vn 0.00087 -0.988 -0.15444
vn -0.00087 0.94409 -0.32968
vn 0.00089 -0.99998 -0.0069
vn 0.0009 -0.99999 0.0034
vn 0.00089 -0.97912 0.20328
vn 0.00089 -0.98336 0.18167
vn 0.00082 -0.93795 -0.34678
vn 0.00085 -0.96617 -0.25789
vn 0.0009 -0.99242 0.12287
vn 0.0009 -0.99535 0.09627
vn 0.00089 -0.9946 0.10379
vn 0.0009 -0.99305 0.11772
vn 0.00089 -0.99365 0.11254
vn 0.0009 -0.99451 0.10467
vn 0.00089 -0.99466 0.10324
vn 0.00089 -0.99619 0.08725
vn 0.0009 -0.99961 0.02794
vn 0.00088 -0.99432 -0.1064
vn 0.00084 -0.96644 -0.25689
vn 0.00079 -0.91469 -0.40416
vn 0.0008 -0.86531 0.50124
vn -0.00087 0.98386 0.17895
vn 0.00089 -0.99993 -0.01192
vn -0.00058 0.69912 0.715
vn 0.00056 -0.55201 0.83383
vn 0.00087 -0.95845 0.28525
vn 0.00089 -0.99913 -0.04163
vn -0.00366 0.89035 0.45526
vn -0.00089 0.99995 -0.01001
vn -0.00082 0.89302 -0.45001
vn -0.00086 0.91694 -0.39903
vn -0.00087 0.94346 -0.33148
vn -0.00088 0.97316 -0.23012
vn -0.0009 0.99449 -0.10484
vn -0.0009 0.99906 -0.04326
vn -0.00089 0.99989 -0.01487
vn -0.00089 0.99971 0.02401
vn -0.00089 0.99828 0.05864
vn -0.00088 0.99298 0.11827
vn -0.00086 0.97735 0.21164
vn -0.00083 0.95276 0.30371
vn -0.00077 0.89173 0.45258
vn -0.00063 0.76268 0.64677
vn 0.00064 -0.66854 0.74367
vn -0.00088 0.968 -0.25096
vn -0.00089 0.98541 -0.1702
vn -0.00088 0.99605 0.08884
vn -0.00055 0.68216 0.7312
vn -0.0009 0.99908 -0.04298
vn -0.00084 0.91381 -0.40614
vn -0.00089 0.99999 0.00436
vn 0.00919 0.99862 -0.05174
vn 0.00153 0.80129 0.59827
vn 0.31973 0.82242 -0.47052
vn -0.00066 0.63311 -0.77406
vn -0.00233 0.57421 -0.8187
vn 0.00233 0.57421 -0.8187
vn 0.31092 0.60149 -0.73589
vn -0.00919 0.99862 -0.05175
vn -0.65116 0.40558 -0.64148
vn 0.30956 0.86099 -0.40357
vn 0.32134 0.84139 -0.43451
vn 0.65116 0.40558 -0.64148
vn -0.3025 0.7979 -0.52139
vn 0.70125 0.59706 -0.38957
vn -0.00068 0.77653 -0.63008
vn -0.72132 0.63604 -0.27413
vn -0.70125 0.59706 -0.38957
vn -0.7204 0.62833 -0.29364
vn 0.30558 0.87521 -0.37502
vn 0.32206 0.54159 -0.77651
vn -0.21171 -0.57709 -0.78876
vn 0.88328 0.42465 -0.19871
vn 0.7798 0.62584 0.01545
vn 0.31417 0.73786 -0.59738
vn 0.3161 0.77298 -0.55007
vn 0.00066 0.63311 -0.77406
vn 0.00074 0.73132 -0.68203
vn 0 -0.8965 -0.44304
vn 0.57337 0.14066 -0.80713
vn -0.20933 -0.6115 -0.76305
vn -0.82897 -0.13063 -0.54382
vn -0.29715 0.49828 -0.8145
vn -0.30916 0.85378 0.41891
vn -0.55209 0.52709 0.64605
vn -0.97854 0.20369 0.03107
vn -0.75108 0.65135 -0.10778
vn -0.45701 0.07904 0.88595
vn -0.77824 -0.25465 0.57401
vn -0.32276 0.07186 0.94375
vn -0.5808 0.74128 -0.33643
vn -0.52704 0.70865 -0.46909
vn -0.49537 0.65541 0.57013
vn -0.63202 0.57152 0.52337
vn -0.60477 0.79341 0.06899
vn -0.59122 0.79536 -0.13364
vn -0.60727 0.7493 -0.26412
vn -0.54263 0.70777 -0.45235
vn -0.47082 0.8815 -0.03587
vn -0.52192 0.76704 0.37315
vn -0.47192 0.84333 0.25708
vn -0.45842 0.86899 0.1863
vn -0.44997 0.88696 0.10405
vn -0.44291 0.89513 0.05076
vn -0.44578 0.89482 0.02394
vn -0.44229 0.89672 -0.01641
vn -0.4291 0.90219 -0.04391
vn -0.42272 0.90174 -0.09039
vn -0.44111 0.87101 -0.21626
vn -0.41491 0.8589 -0.30024
vn -0.40953 0.83216 -0.37389
vn -0.3667 0.82308 -0.43368
vn -0.30714 0.95145 -0.01996
vn -0.22517 0.87127 0.43611
vn -0.51733 0.04506 0.8546
vn -0.6955 -0.37916 0.61034
vn -0.00376 -0.84803 0.52993
vn -0.3341 -0.91955 0.20691
vn -0.40266 -0.86109 0.31045
vn -0.92285 -0.30614 0.23371
vn -0.316 -0.77396 0.54876
vn -0.36018 -0.47681 0.80182
vn -0.57888 0.13574 0.80404
vn -0.50328 0.61397 0.60807
vn -0.60099 0.79065 0.11694
vn -0.42946 0.89163 -0.14341
vn -0.24074 -0.85893 0.45198
vn -0.34424 -0.93856 0.02458
vn -0.34347 -0.83388 -0.43206
vn -0.3467 -0.85865 -0.37751
vn -0.33709 -0.91054 -0.23935
vn -0.30382 -0.95045 -0.06589
vn -0.18403 -0.98223 0.03695
vn -0.13332 -0.98689 0.09098
vn -0.11299 -0.98829 0.10258
vn -0.1166 -0.98781 0.10313
vn -0.12576 -0.98637 0.1061
vn -0.14553 -0.98248 0.11638
vn -0.15509 -0.98296 0.09863
vn -0.16533 -0.98166 0.09489
vn -0.18139 -0.97773 0.10555
vn -0.2387 -0.93717 -0.25443
vn -0.17999 -0.93134 -0.31655
vn -0.1726 -0.97148 0.16259
vn -0.24027 -0.95106 0.1943
vn -0.24796 -0.96877 0.00315
vn -0.24858 -0.96854 -0.01153
vn -0.2776 -0.94869 0.15141
vn -0.31181 -0.93882 -0.14625
vn -0.58105 -0.81382 -0.00889
vn -0.462 -0.76964 0.4407
vn -0.45134 -0.87925 0.15233
vn -0.42579 -0.8829 0.19799
vn -0.45459 -0.81069 0.36897
vn -0.55656 -0.63458 0.53624
vn -0.58293 -0.77061 0.25757
vn -0.56575 -0.77105 -0.29224
vn -0.53634 -0.73336 -0.41775
vn -0.54264 -0.6669 -0.51067
vn -0.55568 -0.57626 -0.59929
vn -0.52155 -0.29683 -0.79992
vn -0.70646 -0.65643 -0.26461
vn -0.26764 -0.93337 0.23913
vn -0.25352 -0.94407 0.21087
vn -0.15099 -0.97974 0.13159
vn -0.14162 -0.98046 0.13657
vn -0.16683 -0.98272 0.08016
vn -0.41932 0.67708 0.60475
vn -0.52028 0.85399 -0.00286
vn -0.55536 0.7539 -0.35102
vn -0.35838 -0.82973 0.42792
vn -0.56236 -0.09 0.82198
vn -0.49245 0.73724 0.46257
vn -0.80817 -0.03955 0.58762
vn -0.99031 0.10727 0.08816
vn -0.76043 0.54333 0.35574
vn -0.66061 -0.5409 0.52059
vn -0.99756 0.06872 0.01199
vn -0.82861 0.12137 0.54651
vn -0.42368 0.90514 -0.03492
vn -0.84955 0.52665 -0.03007
vn -0.41363 0.91006 -0.02646
vn -0.51554 0.82554 0.22957
vn -0.85895 0.51097 -0.03324
vn -0.42441 0.90248 -0.07348
vn -0.73034 0.11287 0.67369
vn -0.94511 0.31018 0.1027
vn -0.42663 0.90208 -0.06506
vn -0.85632 0.51575 -0.0267
vn -0.83722 0.54557 -0.03755
vn -0.39425 0.91834 -0.03485
vn -0.82429 0.56153 -0.07232
vn -0.43205 0.87292 -0.22657
vn -0.87858 0.46016 -0.12786
vn -0.48943 0.73893 -0.46307
vn -0.98161 0.11219 -0.15444
vn -0.42513 -0.90224 0.07237
vn -0.99682 -0.07917 0.00938
vn -0.43468 -0.90044 0.01621
vn -0.45002 -0.89275 -0.02198
vn -0.9992 -0.04004 -0.00183
vn -0.4613 -0.88582 -0.05018
vn -0.99886 -0.04765 0.0035
vn -0.48306 -0.87134 -0.08613
vn -0.99946 -0.03185 0.0086
vn -0.51666 -0.84705 -0.12478
vn -0.99987 0.01065 0.01218
vn -0.81366 0.58027 -0.03512
vn -0.73859 0.58523 0.33465
vn -0.89242 0.38157 -0.24081
vn -0.91407 0.36676 -0.1731
vn -0.39552 -0.91712 -0.04959
vn -0.9564 -0.20999 0.20297
vn -0.98705 -0.15643 0.03565
vn -0.6109 -0.62667 0.48383
vn -0.33851 -0.77464 0.53418
vn -0.9192 -0.33031 0.21441
vn -0.94902 -0.25436 0.18617
vn -0.30754 0.94804 0.08152
vn -0.58021 0.52383 0.62366
vn -0.02474 -0.86504 0.50109
vn -0.15912 -0.86164 0.48193
vn -0.48288 -0.55044 0.68106
vn -0.61844 0.03706 0.78496
vn -0.49452 -0.18058 0.8502
vn -0.77817 0.61332 0.13521
vn -0.94137 -0.13513 0.30913
vn -0.38394 -0.77318 0.50476
vn -0.44389 0.81185 -0.37929
vn -0.80496 0.57863 -0.13125
vn -0.81681 -0.47306 0.33022
vn -0.81697 -0.52414 0.24051
vn -0.7947 0.54933 -0.25826
vn -0.9653 0.25101 0.07202
vn -0.98278 0.184 0.01682
vn -0.88965 -0.43998 0.12227
vn -0.85787 0.51286 0.0323
vn -0.96139 0.23575 0.14198
vn -0.90206 -0.40462 -0.15025
vn -0.89514 0.29143 0.33733
vn -0.86313 0.4054 0.30109
vn -0.91319 -0.37724 -0.15417
vn -0.99477 -0.07708 0.06706
vn -0.99645 -0.0523 0.0659
vn -0.97712 0.17138 0.12592
vn -0.9064 -0.41165 -0.09473
vn -0.99971 0.01294 -0.02014
vn -0.93221 -0.36033 0.03375
vn -0.99893 0.0254 -0.03875
vn -0.91676 0.37262 -0.14389
vn -0.93409 0.34331 -0.09807
vn -0.90765 0.41397 -0.0692
vn -0.99676 -0.07692 0.02341
vn -0.99829 0.0334 0.04799
vn -0.98528 0.16632 -0.03947
vn -0.9964 0.0809 0.0254
vn -0.98863 0.14431 0.04228
vn -0.99446 -0.07476 0.07388
vn -0.99976 0.0103 0.01941
vn -0.92299 -0.37806 0.07189
vn -0.9996 -0.02811 0.00412
vn -0.88078 -0.47026 0.05546
vn -0.99975 -0.02193 0.00352
vn -0.89094 -0.45215 0.04236
vn -0.9998 -0.01967 0.00292
vn -0.90027 -0.43411 0.03265
vn -0.99987 -0.01562 0.00282
vn -0.92405 -0.38082 0.03323
vn -0.99991 -0.01307 0.0019
vn -0.93444 -0.35492 0.0293
vn -0.9999 -0.01374 0.00164
vn -0.94038 -0.33919 0.02522
vn -0.99992 -0.01128 0.00557
vn -0.94399 -0.32958 -0.01635
vn -0.77931 -0.61877 0.09897
vn -0.63105 -0.76992 0.09492
vn -0.55515 -0.82675 0.09103
vn -0.56506 -0.82095 0.08212
vn -0.5844 -0.80822 0.07246
vn -0.63643 -0.7669 0.08264
vn -0.65641 -0.75136 0.06769
vn -0.67589 -0.73402 0.06625
vn -0.6844 -0.72835 0.03327
vn -0.99607 0.0131 0.08757
vn -0.64306 -0.71237 0.28107
vn -0.59649 -0.60923 0.52253
vn -0.99856 0.03718 -0.03868
vn -0.98941 -0.08092 -0.12047
vn -0.86102 0.5073 -0.03586
vn -0.99773 0.00384 -0.06716
vn -0.96833 -0.23603 -0.08139
vn -0.999 -0.01646 -0.04152
vn -0.99787 -0.00933 -0.06456
vn -0.73768 -0.66127 -0.13622
vn -0.81633 -0.54522 -0.19063
vn -0.99346 -0.10584 0.0428
vn -0.6779 -0.72951 0.09088
vn -0.98703 0.13869 -0.08089
vn -0.99765 -0.06771 -0.01033
vn -0.99399 -0.0882 -0.0649
vn -0.99999 0.002 0.00405
vn -0.77213 -0.62425 0.11888
vn -0.99819 0.03862 -0.0462
vn -0.99527 0.00481 -0.09707
vn -0.98362 0.17955 -0.01569
vn -0.99986 0.01336 0.01031
vn -0.96214 0.27252 0.00362
vn -0.99845 0.05555 -0.00363
vn -0.95962 0.28118 0.00825
vn -0.94959 0.31332 -0.01037
vn -0.99985 0.01461 -0.00917
vn -1 -0.00219 -0.00043
vn -0.97285 0.22092 0.06896
vn -0.99957 -0.02403 -0.01687
vn -0.99988 0.01553 4E-05
vn -0.79808 -0.60255 0.00307
vn -0.79936 -0.60084 -0.00406
vn -0.99989 0.01479 -0.00169
vn -0.79943 -0.60067 -0.01002
vn -0.83449 -0.54938 0.04263
vn -0.99907 0.03669 -0.02281
vn -0.99906 0.04329 -0.00171
vn -0.99986 0.01665 0.00116
vn -0.24859 -0.96859 -0.00676
vn -0.99923 0.03915 0.00198
vn -0.9993 0.03748 -0.00044
vn -0.58801 0.78468 -0.19625
vn -0.99962 0.01442 -0.02366
vn -0.99891 0.04652 -0.00284
vn -0.99885 0.04632 -0.0125
vn -0.99866 0.05047 0.01115
vn -0.99947 -0.02815 0.01627
vn -0.99525 0.09705 -0.00764
vn -0.95433 -0.29842 -0.014
vn -0.99876 -0.04945 -0.0059
vn -0.99993 -0.00767 0.00878
vn -0.95264 -0.28862 0.09579
vn -0.9699 -0.24329 0.0099
vn -0.99802 0.06203 -0.01086
vn -0.99665 -0.0814 -0.00734
vn -0.96276 -0.27031 -0.00518
vn -0.89622 -0.42769 0.11775
vn -0.96389 -0.26004 0.05745
vn -0.98065 -0.17898 0.07931
vn -0.9948 -0.09464 0.03763
vn -0.99241 -0.11865 0.03224
vn -0.99945 0.02206 -0.02483
vn -0.99425 0.09798 0.04329
vn -0.98732 0.15864 -0.00493
vn -0.94063 0.31413 -0.12862
vn -0.94116 0.31132 -0.13155
vn -0.97824 0.14415 -0.14925
vn -0.98667 -0.05402 -0.1535
vn -0.96852 -0.2465 0.0348
vn -0.85305 -0.51333 -0.09383
vn -0.95745 -0.24464 -0.15308
vn -0.99316 -0.09604 0.06641
vn -0.99815 0.04212 -0.04384
vn -0.92147 -0.1677 0.35039
vn -0.99991 0.00787 0.01109
vn -0.98379 0.10587 -0.14475
vn -0.92054 -0.35131 -0.17083
vn -0.85249 0.08059 -0.51649
vn -0.99839 0.04431 0.03532
vn -0.94099 -0.31528 0.12302
vn -0.99472 -0.04367 0.09287
vn -0.92352 -0.38039 0.04915
vn -0.31861 -0.94787 -0.00615
vn -0.95289 -0.14239 0.26783
vn -0.9946 0.02158 -0.10156
vn -0.99771 0.06712 0.00854
vn -0.99142 -0.04439 0.12297
vn -0.89517 -0.44026 0.06954
vn -0.99435 -0.0841 0.06485
vn -0.99919 0.01392 0.03775
vn -0.93448 -0.30204 0.18846
vn -0.66411 0.7162 -0.21449
vn -0.66823 -0.68801 -0.28302
vn -0.99904 0.01391 0.04153
vn -0.94695 0.29042 -0.13759
vn -0.45993 -0.38026 0.80241
vn -0.36982 0.86938 -0.32774
vn -0.47723 0.87794 0.03823
vn -0.98675 -0.09773 -0.12954
vn -0.99046 -0.13553 -0.02493
vn -0.96618 0.1528 0.20772
vn -0.57402 -0.52446 -0.62884
vn -0.99628 0.07577 0.04103
vn -0.83828 -0.31854 0.44251
vn -0.62397 -0.70082 0.34572
vn -0.97331 0.22407 0.04971
vn -0.98323 0.13484 -0.12277
vn -0.98897 0.13492 -0.06109
vn -0.99426 0.09012 -0.05775
vn -0.99133 0.13135 -0.00393
vn -0.99639 0.08271 0.01926
vn -0.99556 0.09392 -0.00655
vn -0.98864 0.14805 -0.02608
vn -0.96544 0.21582 -0.14613
vn -0.99267 0.07433 -0.09528
vn -0.91652 0.39996 -0.00565
vn -0.88606 0.30924 0.34534
vn -0.86787 -0.23319 0.43866
vn -0.80825 -0.56992 0.14809
vn -0.80323 -0.58709 0.10078
vn -0.7708 -0.63612 -0.03484
vn -0.84017 -0.51483 -0.17046
vn -0.22354 -0.9746 -0.01344
vn -0.99999 0.00024 0.004
vn -0.99996 -0.00071 0.00926
vn -0.92889 -0.2383 0.28351
vn -0.43786 -0.89852 0.03062
vn -0.85716 -0.29608 0.42144
vn -0.83163 -0.51791 0.20039
vn -0.90348 -0.32099 0.28407
vn -0.80554 -0.30647 0.50713
vn -0.72645 -0.54232 0.42209
vn -0.35525 -0.48653 0.79817
vn -0.35215 -0.90039 0.25552
vn -0.40251 -0.7148 0.57187
vn -0.98034 0.19378 -0.0372
vn -0.56272 0.52862 -0.63554
vn -0.99025 0.13895 0.00966
vn -0.98977 0.12873 0.06152
vn -0.98709 0.15669 -0.03328
vn -0.99279 0.11699 -0.02592
vn -0.99829 0.05775 -0.0091
vn -0.80911 -0.56014 0.17772
vn -0.36196 -0.90236 0.23395
vn -0.80606 -0.57264 0.14949
vn -0.84605 -0.46666 0.25776
vn -0.99985 0.01373 0.01023
vn -1 0 0
vn -0.79007 -0.46272 0.40211
vn -0.96083 0.10562 0.25622
vn -0.83933 -0.4092 0.35787
vn -0.50165 -0.62903 0.59386
vn -0.39628 -0.67108 0.62659
vn -0.35613 -0.81583 0.45562
vn -0.39071 -0.76263 0.51549
vn -0.88052 -0.46397 0.09706
vn -0.39806 -0.91556 0.05738
vn -0.90107 0.41955 -0.10979
vn -0.8817 0.39721 -0.2546
vn -0.60659 -0.38168 0.69739
vn -0.68897 -0.00886 0.72474
vn -0.71584 -0.4522 0.53207
vn -0.69228 -0.45045 0.56378
vn -0.68691 -0.60607 0.40105
vn -0.64599 -0.73211 0.21612
vn -0.55302 -0.78306 0.28456
vn -0.91904 -0.26237 0.29417
vn -0.92097 -0.22276 0.31968
vn -0.93436 -0.27125 0.23109
vn -0.91706 -0.37114 0.14579
vn -0.85622 -0.48048 0.18983
vn -0.76365 -0.4845 0.42673
vn -0.59218 -0.61328 0.52269
vn -0.66724 -0.60988 0.42759
vn -0.84539 -0.51326 0.14794
vn -0.31406 0.69364 -0.64825
vn -0.92909 0.24099 -0.28055
vn -0.30794 0.63574 -0.70782
vn -0.40843 0.84201 -0.35243
vn -0.24238 0.84005 0.48535
vn -0.12633 0.99164 -0.02612
vn -0.832 0.23288 0.50353
vn -0.9369 0.21981 -0.27184
vn -0.92913 0.27947 -0.24211
vn -0.92193 0.28478 -0.26259
vn -0.94007 0.25018 -0.23169
vn -0.97916 0.19972 -0.03683
vn -0.97279 0.08226 -0.21659
vn -0.99266 0.12034 -0.01197
vn -0.59878 -0.80081 0.01284
vn -0.61463 -0.69506 0.37299
vn -0.7894 0.61378 -0.01075
vn -0.75989 0.05705 -0.64754
vn -0.99886 0.04761 0.00346
vn -0.98968 -0.12864 -0.06316
vn -0.88169 0.46993 0.04236
vn -0.34484 -0.81942 -0.45786
vn -0.31988 0.8224 -0.47045
vn -0.31101 0.60142 -0.73591
vn -0.30956 0.86099 -0.40357
vn 0.71282 0.62765 -0.31295
vn -0.32144 0.8414 -0.43442
vn 0.70755 0.6381 -0.30363
vn -0.30059 0.85914 -0.41415
vn 0.00068 0.77653 -0.63008
vn 0.72132 0.63604 -0.27413
vn 0.72024 0.62845 -0.29378
vn -0.30558 0.87521 -0.37502
vn 0.71991 0.60109 -0.34702
vn -0.88328 0.42465 -0.19871
vn -0.79927 0.59931 0.04478
vn -0.31408 0.73794 -0.59733
vn -0.31616 0.77289 -0.55017
vt 0.98244 0.23246
vt 0.99773 0.2084
vt 0.99763 0.23246
vt 0.98204 0.34221
vt 0.99817 0.37374
vt 0.98191 0.37374
vt 0.98248 0.24872
vt 0.99766 0.27181
vt 0.98242 0.27181
vt 0.98179 0.40406
vt 0.99828 0.40406
vt 0.95772 0.33609
vt 0.94316 0.37491
vt 0.93914 0.33664
vt 0.52752 0.54337
vt 0.53956 0.53638
vt 0.53956 0.54337
vt 0.99782 0.29887
vt 0.98225 0.29887
vt 0.99759 0.24872
vt 0.4918 0.54337
vt 0.47859 0.53383
vt 0.4918 0.53638
vt 0.69626 0.41638
vt 0.66622 0.41597
vt 0.66693 0.38805
vt 0.39536 0.29048
vt 0.3923 0.30848
vt 0.38541 0.29862
vt 0.34165 0.32539
vt 0.363 0.32605
vt 0.36042 0.33527
vt 0.36193 0.31173
vt 0.37239 0.31505
vt 0.36939 0.32028
vt 0.36458 0.33356
vt 0.38635 0.51319
vt 0.38627 0.49717
vt 0.39311 0.50915
vt 0.37681 0.34955
vt 0.37218 0.33856
vt 0.38146 0.34624
vt 0.37895 0.38544
vt 0.36739 0.40619
vt 0.36159 0.40369
vt 0.36561 0.42751
vt 0.3588 0.42788
vt 0.36527 0.46311
vt 0.37245 0.46113
vt 0.37911 0.50059
vt 0.37904 0.47897
vt 0.40247 0.53764
vt 0.4007 0.52101
vt 0.40875 0.53242
vt 0.42196 0.55733
vt 0.42771 0.55169
vt 0.55089 0.18484
vt 0.56437 0.16444
vt 0.56918 0.16909
vt 0.58366 0.14078
vt 0.58891 0.14482
vt 0.60193 0.11563
vt 0.60743 0.11933
vt 0.6199 0.08683
vt 0.62556 0.0902
vt 0.63172 0.06617
vt 0.63742 0.06937
vt 0.64277 0.04621
vt 0.64842 0.04939
vt 0.65423 0.0263
vt 0.65972 0.02968
vt 0.66507 0.00972
vt 0.67052 0.01329
vt 0.90715 0.41829
vt 0.88319 0.41965
vt 0.88414 0.41344
vt 0.86127 0.41108
vt 0.86095 0.41743
vt 0.83442 0.41101
vt 0.83459 0.41746
vt 0.80889 0.41235
vt 0.80941 0.4189
vt 0.78291 0.41505
vt 0.7837 0.4217
vt 0.76315 0.41765
vt 0.76391 0.42442
vt 0.18499 0.11513
vt 0.21108 0.12612
vt 0.20564 0.13132
vt 0.23275 0.16632
vt 0.23408 0.17403
vt 0.23004 0.16648
vt 0.21356 0.1795
vt 0.22771 0.17783
vt 0.2159 0.18568
vt 0.17732 0.18384
vt 0.1965 0.18926
vt 0.17776 0.1905
vt 0.78617 0.37678
vt 0.77347 0.35331
vt 0.78898 0.34973
vt 0.83547 0.33828
vt 0.83627 0.33141
vt 0.84084 0.33366
vt 0.84141 0.32249
vt 0.83507 0.31241
vt 0.84061 0.31184
vt 0.72447 0.3219
vt 0.70797 0.30981
vt 0.72762 0.31634
vt 0.6778 0.3677
vt 0.64697 0.37482
vt 0.64749 0.36745
vt 0.89552 0.29285
vt 0.89374 0.27864
vt 0.9006 0.2897
vt 0.90238 0.30421
vt 0.90733 0.30085
vt 0.90945 0.31363
vt 0.91399 0.30982
vt 0.91992 0.32472
vt 0.92397 0.32036
vt 0.9325 0.33477
vt 0.93617 0.33022
vt 0.77522 0.00379
vt 0.78918 0.0283
vt 0.78319 0.03012
vt 0.79678 0.05315
vt 0.79079 0.05501
vt 0.80441 0.07722
vt 0.79844 0.07912
vt 0.81206 0.10127
vt 0.80608 0.1032
vt 0.81963 0.12437
vt 0.81366 0.12631
vt 0.82741 0.14847
vt 0.82143 0.15039
vt 0.8345 0.17055
vt 0.82851 0.17246
vt 0.84256 0.19592
vt 0.83657 0.19783
vt 0.20568 0.56377
vt 0.20184 0.54031
vt 0.20834 0.5418
vt 0.21383 0.52658
vt 0.20702 0.52508
vt 0.21537 0.51469
vt 0.2083 0.51438
vt 0.2065 0.48278
vt 0.21371 0.48283
vt 0.2151 0.46432
vt 0.2078 0.46371
vt 0.21894 0.42804
vt 0.20976 0.4452
vt 0.21204 0.4272
vt 0.22237 0.39979
vt 0.21574 0.39923
vt 0.21705 0.37211
vt 0.22236 0.37367
vt 0.23781 0.34771
vt 0.2328 0.34751
vt 0.22335 0.33309
vt 0.22739 0.33169
vt 0.22175 0.31946
vt 0.22646 0.31868
vt 0.2196 0.30805
vt 0.22403 0.30701
vt 0.21651 0.29676
vt 0.2207 0.29504
vt 0.21522 0.28503
vt 0.21173 0.2881
vt 0.20071 0.28011
vt 0.20338 0.27642
vt 0.21066 0.26243
vt 0.19908 0.27423
vt 0.20616 0.26033
vt 0.21897 0.24292
vt 0.21438 0.24075
vt 0.22898 0.22393
vt 0.22435 0.2213
vt 0.23929 0.2072
vt 0.2347 0.20415
vt 0.24479 0.19854
vt 0.23799 0.19948
vt 0.24185 0.19543
vt 0.24999 0.19094
vt 0.25519 0.19255
vt 0.24132 0.15794
vt 0.2483 0.15639
vt 0.23822 0.12637
vt 0.25054 0.12426
vt 0.23137 0.08347
vt 0.2447 0.08177
vt 0.22839 0.0598
vt 0.2425 0.0585
vt 0.22626 0.03394
vt 0.24102 0.03329
vt 0.38051 0.30252
vt 0.38617 0.31247
vt 0.37819 0.32053
vt 0.38124 0.35936
vt 0.38699 0.35838
vt 0.38405 0.38755
vt 0.39415 0.52544
vt 0.95205 0.09023
vt 0.96188 0.10066
vt 0.9525 0.10137
vt 0.95884 0.0027
vt 0.96472 0.00928
vt 0.95815 0.00878
vt 0.24257 0.26868
vt 0.26374 0.27437
vt 0.25999 0.2766
vt 0.30392 0.58853
vt 0.29369 0.58149
vt 0.29302 0.55902
vt 0.77609 0.11122
vt 0.75382 0.14245
vt 0.74771 0.11933
vt 0.79572 0.18064
vt 0.77234 0.20647
vt 0.76682 0.18747
vt 0.25861 0.55057
vt 0.27238 0.59802
vt 0.78283 0.13575
vt 0.76071 0.16762
vt 0.76915 0.0873
vt 0.74107 0.09386
vt 0.76167 0.06226
vt 0.73449 0.07034
vt 0.75327 0.03905
vt 0.72486 0.05505
vt 0.71384 0.03787
vt 0.73049 0.00302
vt 0.67202 0.06156
vt 0.70504 0.05172
vt 0.6977 0.07096
vt 0.6881 0.09199
vt 0.66191 0.0804
vt 0.67693 0.11492
vt 0.65044 0.10206
vt 0.66248 0.142
vt 0.63311 0.13134
vt 0.6467 0.17051
vt 0.61692 0.15506
vt 0.73813 0.45639
vt 0.72661 0.45081
vt 0.73841 0.4507
vt 0.46649 0.17074
vt 0.44843 0.1981
vt 0.46077 0.16973
vt 0.51296 0.22415
vt 0.51901 0.22925
vt 0.51296 0.23114
vt 0.17734 0.14018
vt 0.19571 0.14977
vt 0.76364 0.39394
vt 0.78268 0.38994
vt 0.811 0.38601
vt 0.58135 0.45896
vt 0.57611 0.45222
vt 0.58114 0.45217
vt 0.1956 0.18263
vt 0.1964 0.15738
vt 0.17861 0.15383
vt 0.2243 0.17277
vt 0.78753 0.34338
vt 0.80992 0.33839
vt 0.81132 0.34455
vt 0.81353 0.37055
vt 0.83313 0.3334
vt 0.84037 0.36579
vt 0.76553 0.38242
vt 0.74567 0.33216
vt 0.74082 0.33639
vt 0.75461 0.34608
vt 0.74952 0.34816
vt 0.73272 0.36017
vt 0.70704 0.37309
vt 0.70604 0.36635
vt 0.67796 0.37482
vt 0.74737 0.35137
vt 0.73532 0.36628
vt 0.55785 0.24282
vt 0.5593 0.23583
vt 0.5593 0.24282
vt 0.74906 0.34866
vt 0.75422 0.35151
vt 0.74857 0.34969
vt 0.73415 0.34313
vt 0.72857 0.34718
vt 0.72983 0.352
vt 0.7062 0.31644
vt 0.68778 0.30576
vt 0.71735 0.33298
vt 0.70753 0.34684
vt 0.68594 0.34658
vt 0.71116 0.34353
vt 0.6992 0.32885
vt 0.66813 0.33992
vt 0.69333 0.3412
vt 0.6864 0.31262
vt 0.83612 0.32261
vt 0.86866 0.31107
vt 0.85245 0.30455
vt 0.86429 0.29674
vt 0.86668 0.29552
vt 0.85787 0.3292
vt 0.85507 0.31725
vt 0.88428 0.31687
vt 0.87433 0.32296
vt 0.87066 0.36069
vt 0.8781 0.34878
vt 0.89387 0.32938
vt 0.8863 0.33808
vt 0.90631 0.34179
vt 0.90013 0.35059
vt 0.89684 0.35513
vt 0.83947 0.3855
vt 0.8633 0.38582
vt 0.89589 0.39611
vt 0.88877 0.39454
vt 0.68108 0.04205
vt 0.69549 0.0107
vt 0.59881 0.18219
vt 0.58742 0.19895
vt 0.915 0.3582
vt 0.75671 0.03787
vt 0.75056 0.01125
vt 0.76029 0.03692
vt 0.76537 0.06203
vt 0.76872 0.0619
vt 0.77301 0.08683
vt 0.77646 0.08647
vt 0.78008 0.11054
vt 0.78366 0.10996
vt 0.78691 0.13445
vt 0.79058 0.13326
vt 0.79425 0.15933
vt 0.79843 0.15858
vt 0.80034 0.17989
vt 0.80459 0.17924
vt 0.80804 0.20611
vt 0.8132 0.20648
vt 0.91841 0.35406
vt 0.92141 0.35014
vt 0.75615 0.00969
vt 0.76445 0.03582
vt 0.77218 0.06083
vt 0.7799 0.08518
vt 0.78738 0.10897
vt 0.79487 0.1321
vt 0.80277 0.15676
vt 0.8095 0.17808
vt 0.81785 0.20439
vt 0.2671 0.53758
vt 0.70813 0.03894
vt 0.35474 0.55137
vt 0.31785 0.60566
vt 0.89414 0.36097
vt 0.78968 0.16019
vt 0.23249 0.56629
vt 0.24254 0.55518
vt 0.23703 0.56964
vt 0.2422 0.53219
vt 0.25431 0.53434
vt 0.22725 0.56612
vt 0.23783 0.55226
vt 0.23681 0.53139
vt 0.375 0.56798
vt 0.33419 0.53598
vt 0.2458 0.51722
vt 0.2385 0.51668
vt 0.32259 0.5246
vt 0.29443 0.50229
vt 0.28087 0.51857
vt 0.24505 0.48481
vt 0.2365 0.48411
vt 0.2668 0.49215
vt 0.2635 0.51792
vt 0.30451 0.48309
vt 0.31523 0.50539
vt 0.30621 0.46388
vt 0.3159 0.48393
vt 0.31319 0.43179
vt 0.31464 0.4625
vt 0.30458 0.40487
vt 0.30312 0.4307
vt 0.30454 0.38479
vt 0.31465 0.40413
vt 0.2462 0.46894
vt 0.23763 0.4672
vt 0.24907 0.43042
vt 0.23919 0.44845
vt 0.2407 0.42999
vt 0.24322 0.4018
vt 0.25163 0.40272
vt 0.26782 0.47298
vt 0.24772 0.44949
vt 0.2169 0.44599
vt 0.26907 0.4536
vt 0.27012 0.43016
vt 0.37189 0.48167
vt 0.30758 0.35741
vt 0.31739 0.38249
vt 0.25456 0.37601
vt 0.27061 0.40246
vt 0.28227 0.36808
vt 0.27726 0.38339
vt 0.29943 0.33125
vt 0.30579 0.32938
vt 0.29858 0.29998
vt 0.30441 0.31369
vt 0.29882 0.31521
vt 0.28671 0.33156
vt 0.29229 0.33044
vt 0.29505 0.30093
vt 0.29814 0.29325
vt 0.29355 0.27848
vt 0.29696 0.27772
vt 0.28831 0.2595
vt 0.29442 0.25682
vt 0.303 0.29233
vt 0.30198 0.27718
vt 0.29145 0.22761
vt 0.30054 0.25453
vt 0.28015 0.22965
vt 0.27344 0.2329
vt 0.29276 0.31575
vt 0.24211 0.37886
vt 0.25874 0.35498
vt 0.26429 0.35661
vt 0.25723 0.33143
vt 0.27433 0.33174
vt 0.24807 0.32611
vt 0.2776 0.31594
vt 0.26298 0.31433
vt 0.27876 0.30179
vt 0.30336 0.29879
vt 0.29431 0.29462
vt 0.2827 0.295
vt 0.28864 0.30154
vt 0.95245 0.07437
vt 0.96152 0.09006
vt 0.24801 0.31769
vt 0.24463 0.30186
vt 0.24274 0.29598
vt 0.28371 0.28078
vt 0.28971 0.29481
vt 0.2382 0.27763
vt 0.28938 0.27947
vt 0.28 0.26678
vt 0.28554 0.26189
vt 0.25954 0.29358
vt 0.26348 0.29873
vt 0.26896 0.29404
vt 0.28734 0.31611
vt 0.2302 0.5482
vt 0.8781 0.30532
vt 0.88859 0.28183
vt 0.66541 0.34277
vt 0.74798 0.35057
vt 0.99804 0.34221
vt 0.9561 0.03465
vt 0.96388 0.0215
vt 0.96292 0.03533
vt 0.95731 0.02095
vt 0.26156 0.24356
vt 0.2561 0.2493
vt 0.33262 0.38758
vt 0.24213 0.20279
vt 0.28142 0.20345
vt 0.28212 0.17865
vt 0.27688 0.13585
vt 0.34633 0.37194
vt 0.3361 0.36329
vt 0.32601 0.3521
vt 0.3144 0.33011
vt 0.31119 0.31308
vt 0.31012 0.29926
vt 0.30913 0.29124
vt 0.30828 0.27619
vt 0.30562 0.25179
vt 0.30608 0.23227
vt 0.28892 0.20586
vt 0.29135 0.19283
vt 0.29412 0.15374
vt 0.28913 0.07978
vt 0.28875 0.05791
vt 0.28861 0.04548
vt 0.29108 0.03806
vt 0.24089 0.01779
vt 0.29776 0.0541
vt 0.30203 0.07992
vt 0.30096 0.12292
vt 0.30243 0.15663
vt 0.30294 0.19303
vt 0.29736 0.19467
vt 0.30078 0.21941
vt 0.29676 0.20537
vt 0.30811 0.22645
vt 0.31244 0.22223
vt 0.32042 0.23674
vt 0.32789 0.24224
vt 0.32478 0.23363
vt 0.32785 0.31393
vt 0.36857 0.34267
vt 0.3333 0.29136
vt 0.33192 0.29992
vt 0.32641 0.27157
vt 0.31831 0.24043
vt 0.31926 0.24684
vt 0.3361 0.26896
vt 0.32269 0.24438
vt 0.33063 0.27063
vt 0.33795 0.29025
vt 0.33857 0.29635
vt 0.34202 0.29471
vt 0.34618 0.30625
vt 0.35152 0.30382
vt 0.35488 0.31643
vt 0.9496 0.40455
vt 0.96174 0.37432
vt 0.96817 0.40392
vt 0.50378 0.54337
vt 0.51548 0.53638
vt 0.51548 0.54337
vt 0.35588 0.29998
vt 0.34665 0.29121
vt 0.34307 0.28729
vt 0.30634 0.21575
vt 0.30302 0.20353
vt 0.31807 0.11443
vt 0.30709 0.04999
vt 0.29374 0.03004
vt 0.23795 0.0016
vt 0.2256 0.01798
vt 0.36549 0.30648
vt 0.37283 0.29599
vt 0.36486 0.29052
vt 0.35723 0.28337
vt 0.35436 0.28006
vt 0.3492 0.26411
vt 0.3408 0.23719
vt 0.37341 0.28343
vt 0.36794 0.27782
vt 0.36442 0.27264
vt 0.35861 0.25787
vt 0.35122 0.23971
vt 0.34037 0.21856
vt 0.33582 0.22407
vt 0.32455 0.20953
vt 0.32931 0.20414
vt 0.40384 0.3872
vt 0.41438 0.4164
vt 0.40542 0.41729
vt 0.37929 0.40777
vt 0.39149 0.4189
vt 0.38671 0.42781
vt 0.37807 0.28805
vt 0.38479 0.27641
vt 0.38097 0.27125
vt 0.37697 0.26612
vt 0.36789 0.25332
vt 0.3596 0.24137
vt 0.34446 0.21456
vt 0.33554 0.18967
vt 0.3237 0.16236
vt 0.63516 0.18966
vt 0.26893 0.28414
vt 0.26797 0.2769
vt 0.25911 0.2843
vt 0.96232 0.04451
vt 0.95462 0.04372
vt 0.29584 0.36117
vt 0.2419 0.5735
vt 0.80268 0.20556
vt 0.74453 0.01227
vt 0.90065 0.36131
vt 0.67684 0.32587
vt 0.75474 0.34883
vt 0.95206 0.05532
vt 0.95351 0.05514
vt 0.9614 0.07455
vt 0.95058 0.07446
vt 0.95005 0.09037
vt 0.95696 0.00211
vt 0.95648 0.00881
vt 0.95545 0.02035
vt 0.95467 0.03428
vt 0.95279 0.04316
vt 0.95012 0.1036
vt 0.63097 0.03209
vt 0.62413 0.04791
vt 0.62414 0.03188
vt 0.39918 0.46105
vt 0.37648 0.4529
vt 0.39925 0.45292
vt 0.42327 0.46099
vt 0.42329 0.45292
vt 0.45329 0.46088
vt 0.4533 0.45287
vt 0.4804 0.4607
vt 0.48033 0.4528
vt 0.50966 0.45267
vt 0.50968 0.46045
vt 0.53618 0.46017
vt 0.53623 0.45253
vt 0.5552 0.45965
vt 0.55518 0.45239
vt 0.61177 0.45828
vt 0.59293 0.45206
vt 0.61165 0.45189
vt 0.63231 0.45169
vt 0.63241 0.458
vt 0.65457 0.45148
vt 0.65466 0.45771
vt 0.68067 0.45124
vt 0.68088 0.45737
vt 0.7081 0.45098
vt 0.70819 0.457
vt 0.72663 0.45685
vt 0.57597 0.4593
vt 0.63142 0.02277
vt 0.62415 0.00186
vt 0.63124 0.00163
vt 0.62415 0.02281
vt 0.64048 0.20285
vt 0.59299 0.45854
vt 0.56184 0.22415
vt 0.51901 0.22415
vt 0.18482 0.4453
vt 0.19184 0.45933
vt 0.18482 0.45933
vt 0.56346 0.24282
vt 0.58053 0.23583
vt 0.58053 0.24282
vt 0.59848 0.04188
vt 0.61361 0.05087
vt 0.59854 0.05087
vt 0.46083 0.55057
vt 0.44974 0.52918
vt 0.46083 0.52918
vt 0.37116 0.32379
vt 0.36614 0.32802
vt 0.5069 0.22318
vt 0.49478 0.23114
vt 0.49478 0.22415
vt 0.75159 0.35607
vt 0.69259 0.54337
vt 0.70407 0.53638
vt 0.70407 0.54337
vt 0.60809 0.55515
vt 0.63462 0.54817
vt 0.63462 0.55515
vt 0.48229 0.24282
vt 0.50111 0.23583
vt 0.50111 0.24282
vt 0.51993 0.24282
vt 0.54227 0.23583
vt 0.54227 0.24282
vt 0.58122 0.44538
vt 0.75316 0.35392
vt 0.51993 0.23583
vt 0.60717 0.23583
vt 0.60717 0.24282
vt 0.55785 0.23583
vt 0.56076 0.24282
vt 0.56211 0.23583
vt 0.56211 0.24282
vt 0.69007 0.51506
vt 0.70382 0.50807
vt 0.70382 0.51506
vt 0.99273 0.07938
vt 0.98575 0.05681
vt 0.99273 0.05681
vt 0.6338 0.24282
vt 0.66076 0.23583
vt 0.66076 0.24282
vt 0.99273 0.03208
vt 0.98575 0.02517
vt 0.99273 0.02517
vt 0.99273 0.09495
vt 0.98575 0.07938
vt 0.23881 0.16684
vt 0.65215 0.41712
vt 0.63032 0.43563
vt 0.63036 0.41722
vt 0.71555 0.54337
vt 0.72703 0.53638
vt 0.72703 0.54337
vt 0.52752 0.53638
vt 0.55191 0.54337
vt 0.58074 0.53638
vt 0.58074 0.54337
vt 0.44974 0.55057
vt 0.42858 0.532
vt 0.47859 0.54592
vt 0.18483 0.43897
vt 0.19185 0.4453
vt 0.18168 0.5984
vt 0.19498 0.58788
vt 0.19498 0.5984
vt 0.18169 0.56983
vt 0.18169 0.58788
vt 0.1817 0.55256
vt 0.19497 0.56983
vt 0.18171 0.5188
vt 0.19497 0.55256
vt 0.18481 0.49239
vt 0.19496 0.5188
vt 0.19186 0.49239
vt 0.56076 0.23583
vt 0.18483 0.43265
vt 0.19184 0.43897
vt 0.18484 0.40932
vt 0.19184 0.43265
vt 0.18485 0.3826
vt 0.19183 0.40932
vt 0.18486 0.35557
vt 0.19183 0.3826
vt 0.18487 0.33502
vt 0.19181 0.35557
vt 0.78417 0.55513
vt 0.80315 0.54819
vt 0.80315 0.55513
vt 0.76928 0.55516
vt 0.78417 0.5482
vt 0.75245 0.55516
vt 0.76928 0.54817
vt 0.73604 0.55516
vt 0.75245 0.54817
vt 0.71813 0.55516
vt 0.73604 0.54817
vt 0.69419 0.55516
vt 0.71813 0.54817
vt 0.66184 0.55515
vt 0.69419 0.54817
vt 0.66184 0.54817
vt 0.67633 0.54337
vt 0.69259 0.53638
vt 0.57548 0.55515
vt 0.59178 0.54817
vt 0.59178 0.55515
vt 0.55906 0.55515
vt 0.57548 0.54817
vt 0.53134 0.55513
vt 0.55906 0.54817
vt 0.52065 0.55515
vt 0.53134 0.54819
vt 0.50568 0.55515
vt 0.52065 0.54817
vt 0.48492 0.55515
vt 0.50568 0.54817
vt 0.94382 0.51506
vt 0.97091 0.50807
vt 0.97091 0.51506
vt 0.92022 0.51506
vt 0.94382 0.50807
vt 0.89444 0.51506
vt 0.92022 0.50807
vt 0.86968 0.51506
vt 0.89444 0.50807
vt 0.84393 0.51506
vt 0.86968 0.50807
vt 0.81812 0.51506
vt 0.84393 0.50807
vt 0.79157 0.51506
vt 0.81812 0.50807
vt 0.7635 0.51506
vt 0.79157 0.50807
vt 0.74631 0.51506
vt 0.7635 0.50807
vt 0.7635 0.51506
vt 0.73026 0.51506
vt 0.74631 0.50807
vt 0.71787 0.51506
vt 0.73026 0.50807
vt 0.71787 0.50807
vt 0.6338 0.23583
vt 0.99273 0.01338
vt 0.98574 0.00159
vt 0.99273 0.00159
vt 0.60809 0.54817
vt 0.98574 0.01338
vt 0.98574 0.03208
vt 0.47678 0.22415
vt 0.45877 0.23114
vt 0.45877 0.22415
vt 0.47678 0.23114
vt 0.58392 0.22415
vt 0.56184 0.23114
vt 0.00159 0.26237
vt 0.00858 0.28132
vt 0.00159 0.28132
vt 0.00159 0.23727
vt 0.00858 0.26237
vt 0.00159 0.21231
vt 0.00858 0.23727
vt 0.00159 0.18577
vt 0.00858 0.21231
vt 0.00159 0.16279
vt 0.00858 0.18577
vt 0.00159 0.13875
vt 0.00858 0.16279
vt 0.44351 0.21262
vt 0.42407 0.21961
vt 0.42407 0.21262
vt 0.46618 0.21262
vt 0.44351 0.21961
vt 0.48859 0.21262
vt 0.46618 0.21961
vt 0.51187 0.21262
vt 0.48859 0.21961
vt 0.54491 0.21262
vt 0.51187 0.21961
vt 0.57505 0.21262
vt 0.54491 0.21961
vt 0.60479 0.21262
vt 0.57505 0.21961
vt 0.62775 0.21262
vt 0.60479 0.21961
vt 0.60711 0.53638
vt 0.60711 0.54337
vt 0.56346 0.23583
vt 0.66007 0.54337
vt 0.67633 0.53638
vt 0.62926 0.54337
vt 0.66007 0.53638
vt 0.62926 0.53638
vt 0.50378 0.53638
vt 0.74852 0.53638
vt 0.74852 0.54337
vt 0.71555 0.53638
vt 0.55191 0.53638
vt 0.59875 0.07206
vt 0.61395 0.08999
vt 0.5982 0.08999
vt 0.36919 0.42618
vt 0.49579 0.41286
vt 0.52687 0.432
vt 0.49585 0.43142
vt 0.52458 0.38222
vt 0.49344 0.38145
vt 0.5986 0.05983
vt 0.61348 0.06589
vt 0.59867 0.06589
vt 0.39493 0.38847
vt 0.39685 0.41812
vt 0.6134 0.07206
vt 0.67014 0.43258
vt 0.60097 0.38557
vt 0.55956 0.41601
vt 0.55682 0.3865
vt 0.52719 0.41341
vt 0.68222 0.46892
vt 0.66423 0.48438
vt 0.66574 0.4665
vt 0.43736 0.43316
vt 0.41549 0.4345
vt 0.39745 0.43554
vt 0.3913 0.43563
vt 0.38456 0.43473
vt 0.40644 0.43508
vt 0.97497 0.50324
vt 0.98601 0.47659
vt 0.99354 0.50261
vt 0.97916 0.52594
vt 0.99774 0.5254
vt 0.95661 0.43529
vt 0.97517 0.43465
vt 0.60297 0.4347
vt 0.55904 0.4327
vt 0.60366 0.41608
vt 0.65365 0.435
vt 0.99809 0.11505
vt 0.97916 0.13082
vt 0.97951 0.11457
vt 0.95772 0.32068
vt 0.22712 0.0022
vt 0.62806 0.38744
vt 0.3891 0.39036
vt 0.45418 0.38272
vt 0.4364 0.41498
vt 0.43469 0.38401
vt 0.19602 0.60864
vt 0.18064 0.60864
vt 0.45615 0.41394
vt 0.97859 0.56625
vt 0.97951 0.5422
vt 0.99809 0.54172
vt 0.6509 0.38821
vt 0.61355 0.05983
vt 0.59841 0.02032
vt 0.61367 0.04188
vt 0.4128 0.38574
vt 0.96178 0.05554
vt 0.94316 0.28186
vt 0.93914 0.32013
vt 0.70835 0.48513
vt 0.67901 0.51345
vt 0.6783 0.48553
vt 0.20746 0.29727
vt 0.18886 0.30086
vt 0.19551 0.29083
vt 0.16582 0.27408
vt 0.14467 0.27517
vt 0.16304 0.26503
vt 0.17545 0.28477
vt 0.1651 0.28833
vt 0.17232 0.27964
vt 0.16718 0.2666
vt 0.18506 0.10619
vt 0.18486 0.09073
vt 0.19145 0.09452
vt 0.17455 0.26152
vt 0.17888 0.25061
vt 0.18352 0.25378
vt 0.16849 0.19512
vt 0.18026 0.21527
vt 0.16285 0.19769
vt 0.16632 0.17428
vt 0.15966 0.17406
vt 0.16535 0.13959
vt 0.17236 0.14139
vt 0.1784 0.12393
vt 0.17808 0.10301
vt 0.19859 0.083
vt 0.20008 0.06695
vt 0.2062 0.07191
vt 0.21864 0.04771
vt 0.22425 0.05308
vt 0.3157 0.04573
vt 0.30202 0.02547
vt 0.32046 0.04103
vt 0.33524 0.06918
vt 0.34045 0.06509
vt 0.35377 0.09414
vt 0.35923 0.09038
vt 0.37205 0.12276
vt 0.37767 0.11932
vt 0.38408 0.14329
vt 0.38975 0.14003
vt 0.39534 0.16314
vt 0.40095 0.15989
vt 0.40701 0.18293
vt 0.41246 0.17949
vt 0.41801 0.19939
vt 0.42343 0.19577
vt 0.71621 0.29738
vt 0.69227 0.29604
vt 0.71525 0.29119
vt 0.73807 0.28883
vt 0.7384 0.29517
vt 0.76488 0.28876
vt 0.76471 0.2952
vt 0.79038 0.29011
vt 0.78985 0.29665
vt 0.81633 0.2928
vt 0.81554 0.29944
vt 0.83608 0.29539
vt 0.83532 0.30216
vt 0.7041 0.08174
vt 0.72991 0.07067
vt 0.70952 0.08688
vt 0.68113 0.12928
vt 0.68247 0.12172
vt 0.68461 0.12185
vt 0.68751 0.13291
vt 0.70133 0.1353
vt 0.69926 0.14073
vt 0.71861 0.14443
vt 0.73777 0.1391
vt 0.7373 0.14575
vt 0.82574 0.23112
vt 0.81306 0.25457
vt 0.81025 0.22755
vt 0.76299 0.20928
vt 0.7638 0.21613
vt 0.75843 0.21152
vt 0.76424 0.19032
vt 0.75788 0.20036
vt 0.75871 0.18973
vt 0.45677 0.08772
vt 0.47319 0.07558
vt 0.47636 0.08112
vt 0.39572 0.02269
vt 0.42647 0.0298
vt 0.39623 0.03004
vt 0.7052 0.15624
vt 0.70352 0.17051
vt 0.6984 0.16739
vt 0.69668 0.18195
vt 0.6917 0.1786
vt 0.6896 0.19141
vt 0.68505 0.18759
vt 0.67907 0.20254
vt 0.67502 0.19815
vt 0.66642 0.2126
vt 0.66274 0.20802
vt 0.54286 0.18019
vt 0.52878 0.20466
vt 0.53686 0.17835
vt 0.55046 0.15531
vt 0.54447 0.15346
vt 0.558 0.13116
vt 0.55201 0.12929
vt 0.5655 0.10702
vt 0.5595 0.10513
vt 0.57291 0.08384
vt 0.56691 0.08194
vt 0.58052 0.05966
vt 0.57451 0.05777
vt 0.58745 0.0375
vt 0.58144 0.03563
vt 0.59535 0.01205
vt 0.58934 0.01018
vt 0.00562 0.06704
vt 0.00841 0.04451
vt 0.01176 0.0654
vt 0.01748 0.07977
vt 0.01102 0.08135
vt 0.01913 0.09112
vt 0.01236 0.09148
vt 0.01073 0.12195
vt 0.01771 0.12189
vt 0.01905 0.13982
vt 0.01197 0.1404
vt 0.01382 0.1584
vt 0.02271 0.17518
vt 0.01596 0.17599
vt 0.02602 0.20289
vt 0.01951 0.20344
vt 0.02087 0.23008
vt 0.02609 0.22854
vt 0.04135 0.25406
vt 0.0364 0.25424
vt 0.02695 0.2685
vt 0.03097 0.26991
vt 0.02527 0.28206
vt 0.02997 0.28287
vt 0.02302 0.29348
vt 0.02748 0.29455
vt 0.01985 0.30484
vt 0.02408 0.3066
vt 0.0185 0.31671
vt 0.01497 0.31359
vt 0.00378 0.3217
vt 0.00649 0.32545
vt 0.00212 0.32768
vt 0.01389 0.33965
vt 0.00932 0.3418
vt 0.02238 0.35948
vt 0.01771 0.3617
vt 0.03267 0.37885
vt 0.02793 0.38156
vt 0.04336 0.396
vt 0.03862 0.39915
vt 0.04198 0.40399
vt 0.04901 0.40503
vt 0.04593 0.40821
vt 0.0598 0.41125
vt 0.05431 0.41292
vt 0.0452 0.44808
vt 0.05264 0.44966
vt 0.04241 0.48179
vt 0.05553 0.48378
vt 0.03623 0.52747
vt 0.05039 0.52895
vt 0.03366 0.55257
vt 0.0486 0.55361
vt 0.03201 0.57989
vt 0.04758 0.58027
vt 0.18387 0.29708
vt 0.18927 0.28699
vt 0.18109 0.27914
vt 0.18303 0.24086
vt 0.18871 0.24171
vt 0.18524 0.21309
vt 0.19222 0.07882
vt 0.97079 0.08985
vt 0.97109 0.1005
vt 0.97145 0.00358
vt 0.9713 0.00969
vt 0.06758 0.3272
vt 0.04627 0.33316
vt 0.06378 0.325
vt 0.1046 0.01873
vt 0.13401 0.0693
vt 0.0939 0.04998
vt 0.50581 0.0658
vt 0.52823 0.09694
vt 0.4998 0.08896
vt 0.52403 0.00162
vt 0.54757 0.02736
vt 0.51861 0.02066
vt 0.09413 0.02607
vt 0.06053 0.05509
vt 0.48035 0.4449
vt 0.51258 0.04057
vt 0.53488 0.07237
vt 0.5214 0.12089
vt 0.49329 0.11447
vt 0.51407 0.14592
vt 0.48686 0.13805
vt 0.50589 0.16915
vt 0.47735 0.15343
vt 0.4835 0.20542
vt 0.45755 0.15697
vt 0.42443 0.14748
vt 0.45001 0.13781
vt 0.44019 0.11688
vt 0.41412 0.12875
vt 0.42878 0.09407
vt 0.40243 0.1072
vt 0.41404 0.06714
vt 0.38479 0.0781
vt 0.39797 0.0388
vt 0.36835 0.05455
vt 0.61731 0.03208
vt 0.73775 0.09549
vt 0.71961 0.10513
vt 0.83558 0.27171
vt 0.81655 0.26771
vt 0.78827 0.26379
vt 0.5069 0.23211
vt 0.71952 0.13784
vt 0.71887 0.11265
vt 0.73658 0.10913
vt 0.69089 0.12786
vt 0.81169 0.2212
vt 0.78933 0.21623
vt 0.78793 0.22238
vt 0.78573 0.24835
vt 0.76614 0.21125
vt 0.75892 0.24361
vt 0.83368 0.2602
vt 0.49434 0.0653
vt 0.48949 0.06109
vt 0.50323 0.05138
vt 0.49814 0.0493
vt 0.45571 0.02451
vt 0.48137 0.03722
vt 0.45472 0.03126
vt 0.42665 0.02269
vt 0.48398 0.03112
vt 0.49602 0.0462
vt 0.50285 0.04599
vt 0.49769 0.0488
vt 0.49719 0.04775
vt 0.48282 0.05438
vt 0.47724 0.05037
vt 0.47895 0.04244
vt 0.43664 0.09189
vt 0.45497 0.0811
vt 0.46605 0.06453
vt 0.45614 0.0508
vt 0.43451 0.051
vt 0.44791 0.06874
vt 0.45984 0.05395
vt 0.41674 0.05791
vt 0.41304 0.05434
vt 0.43522 0.08505
vt 0.76316 0.2005
vt 0.74691 0.1824
vt 0.73063 0.18885
vt 0.73512 0.17451
vt 0.73177 0.17277
vt 0.72115 0.18298
vt 0.74142 0.20705
vt 0.74423 0.19509
vt 0.71491 0.19464
vt 0.72867 0.23856
vt 0.72117 0.22668
vt 0.72491 0.20078
vt 0.70527 0.20724
vt 0.7129 0.216
vt 0.69273 0.21972
vt 0.70257 0.23295
vt 0.75984 0.2633
vt 0.73604 0.26362
vt 0.70351 0.27389
vt 0.71064 0.27233
vt 0.43369 0.1669
vt 0.34996 0.02761
vt 0.33839 0.01098
vt 0.69898 0.22852
vt 0.68416 0.23645
vt 0.68057 0.23208
vt 0.50401 0.19711
vt 0.50974 0.17042
vt 0.5139 0.17153
vt 0.51832 0.1463
vt 0.52232 0.14662
vt 0.5258 0.12149
vt 0.52991 0.12203
vt 0.53273 0.09775
vt 0.53695 0.0985
vt 0.53946 0.07379
vt 0.54373 0.07514
vt 0.54667 0.04884
vt 0.55141 0.04973
vt 0.55266 0.02822
vt 0.55745 0.029
vt 0.56001 0.00188
vt 0.56584 0.0016
vt 0.6775 0.22807
vt 0.50973 0.19867
vt 0.51817 0.17262
vt 0.52585 0.14769
vt 0.53344 0.12333
vt 0.54075 0.0995
vt 0.54806 0.07628
vt 0.55579 0.05153
vt 0.56238 0.03013
vt 0.57056 0.00374
vt 0.06934 0.06854
vt 0.63229 0.44538
vt 0.65454 0.44525
vt 0.55509 0.44514
vt 0.57584 0.44515
vt 0.61688 0.02276
vt 0.61706 0.00163
vt 0.61165 0.44549
vt 0.53609 0.44489
vt 0.68076 0.4451
vt 0.70808 0.44496
vt 0.72652 0.44476
vt 0.11789 0.00211
vt 0.15379 0.05424
vt 0.70535 0.23892
vt 0.42326 0.44485
vt 0.5096 0.4449
vt 0.54163 0.04787
vt 0.0339 0.04121
vt 0.04477 0.05103
vt 0.03984 0.05422
vt 0.04494 0.07368
vt 0.05681 0.07145
vt 0.02889 0.04147
vt 0.0325 0.05849
vt 0.03958 0.07455
vt 0.1732 0.03803
vt 0.04858 0.08829
vt 0.04148 0.08889
vt 0.39919 0.4448
vt 0.45325 0.44487
vt 0.12296 0.08051
vt 0.09596 0.10247
vt 0.08268 0.0868
vt 0.04808 0.11982
vt 0.03979 0.12054
vt 0.06919 0.11254
vt 0.06583 0.08751
vt 0.11609 0.09924
vt 0.10595 0.12102
vt 0.117 0.12007
vt 0.10782 0.13971
vt 0.11502 0.17097
vt 0.11605 0.14096
vt 0.10696 0.19748
vt 0.10518 0.17216
vt 0.11685 0.19805
vt 0.10724 0.21717
vt 0.04928 0.13525
vt 0.04095 0.13698
vt 0.04251 0.15525
vt 0.05221 0.17284
vt 0.04401 0.17328
vt 0.04642 0.20091
vt 0.05479 0.19999
vt 0.07031 0.13119
vt 0.05084 0.15421
vt 0.02078 0.15765
vt 0.07167 0.15009
vt 0.07286 0.17301
vt 0.17143 0.12146
vt 0.11056 0.24402
vt 0.11986 0.21924
vt 0.07356 0.20028
vt 0.05496 0.22158
vt 0.08027 0.21916
vt 0.07444 0.2433
vt 0.10267 0.2699
vt 0.10902 0.27171
vt 0.10782 0.28734
vt 0.10217 0.3011
vt 0.10223 0.28589
vt 0.08905 0.26965
vt 0.08731 0.2359
vt 0.09552 0.27069
vt 0.09863 0.3002
vt 0.09744 0.32265
vt 0.10182 0.30783
vt 0.10086 0.32336
vt 0.09251 0.34164
vt 0.09866 0.34414
vt 0.10669 0.30869
vt 0.10589 0.32384
vt 0.09856 0.37558
vt 0.1047 0.34643
vt 0.08529 0.37218
vt 0.07826 0.36905
vt 0.09617 0.28541
vt 0.0455 0.22337
vt 0.06199 0.24682
vt 0.06062 0.27015
vt 0.07761 0.2697
vt 0.05153 0.27548
vt 0.08104 0.28539
vt 0.06646 0.28713
vt 0.08235 0.29953
vt 0.06708 0.30274
vt 0.10696 0.30223
vt 0.09798 0.30651
vt 0.09251 0.29966
vt 0.08637 0.30627
vt 0.97023 0.07448
vt 0.0515 0.28386
vt 0.04815 0.29971
vt 0.04628 0.30563
vt 0.09359 0.30638
vt 0.08756 0.3205
vt 0.04178 0.32414
vt 0.09343 0.32176
vt 0.08408 0.33459
vt 0.06317 0.30793
vt 0.07262 0.30739
vt 0.09102 0.2851
vt 0.71039 0.15939
vt 0.44195 0.0564
vt 0.49661 0.04686
vt 0.96977 0.0356
vt 0.97046 0.02186
vt 0.0664 0.35894
vt 0.0602 0.35269
vt 0.13473 0.214
vt 0.04627 0.4006
vt 0.08761 0.39949
vt 0.08814 0.42587
vt 0.08313 0.47102
vt 0.14846 0.22914
vt 0.13855 0.23783
vt 0.12877 0.24901
vt 0.11757 0.2709
vt 0.11458 0.28787
vt 0.11371 0.30167
vt 0.11282 0.30969
vt 0.11219 0.32476
vt 0.1096 0.35425
vt 0.1104 0.37126
vt 0.09613 0.39547
vt 0.09703 0.41238
vt 0.10544 0.44891
vt 0.09755 0.53004
vt 0.0976 0.55326
vt 0.09768 0.56644
vt 0.10042 0.57426
vt 0.04775 0.59661
vt 0.10724 0.55714
vt 0.11131 0.52962
vt 0.10892 0.48395
vt 0.10807 0.40981
vt 0.11729 0.44379
vt 0.10175 0.40877
vt 0.10481 0.38243
vt 0.11231 0.37506
vt 0.12473 0.36436
vt 0.11682 0.37934
vt 0.13224 0.35864
vt 0.12922 0.36745
vt 0.13116 0.28679
vt 0.17091 0.25756
vt 0.13678 0.30921
vt 0.13544 0.30069
vt 0.13026 0.32907
vt 0.12337 0.35407
vt 0.12134 0.361
vt 0.12694 0.35655
vt 0.14013 0.33159
vt 0.13463 0.32999
vt 0.14162 0.31023
vt 0.14213 0.30413
vt 0.14953 0.29412
vt 0.14561 0.30571
vt 0.15798 0.28381
vt 0.15491 0.29644
vt 0.15934 0.30018
vt 0.15029 0.30912
vt 0.14679 0.3131
vt 0.11063 0.38615
vt 0.10072 0.39726
vt 0.10751 0.39894
vt 0.12772 0.49231
vt 0.11722 0.56136
vt 0.10337 0.58271
vt 0.04496 0.61371
vt 0.03164 0.59672
vt 0.16878 0.29348
vt 0.17636 0.30379
vt 0.16851 0.30944
vt 0.16103 0.31675
vt 0.15823 0.32013
vt 0.15337 0.33622
vt 0.1454 0.36351
vt 0.17723 0.31634
vt 0.17187 0.32209
vt 0.16846 0.32736
vt 0.16294 0.34231
vt 0.15588 0.36074
vt 0.14541 0.38238
vt 0.14065 0.37692
vt 0.12954 0.39205
vt 0.13459 0.3974
vt 0.42646 0.4851
vt 0.41592 0.5143
vt 0.4175 0.48422
vt 0.40357 0.4826
vt 0.39137 0.49373
vt 0.3988 0.4737
vt 0.19902 0.30876
vt 0.18178 0.3116
vt 0.18879 0.3231
vt 0.18509 0.32837
vt 0.1812 0.33362
vt 0.17237 0.34667
vt 0.16428 0.35888
vt 0.14968 0.38631
vt 0.14146 0.41195
vt 0.13045 0.44025
vt 0.38623 0.01977
vt 0.07269 0.31732
vt 0.07182 0.3246
vt 0.06282 0.31726
vt 0.96994 0.04471
vt 0.08934 0.339
vt 0.10052 0.24089
vt 0.04341 0.03358
vt 0.0388 0.03769
vt 0.55441 0.00238
vt 0.49767 0.19607
vt 0.69882 0.23899
vt 0.42557 0.07188
vt 0.50336 0.04865
vt 0.9713 0.05596
vt 0.96992 0.0557
vt 0.97204 0.0746
vt 0.97268 0.08993
vt 0.9734 0.00324
vt 0.97295 0.00995
vt 0.97238 0.02152
vt 0.97124 0.03542
vt 0.97173 0.04454
vt 0.97347 0.1022
vt 0.73802 0.44501
vt 0.39141 0.00652
vt 0.59287 0.44558
vt 0.17398 0.27609
vt 0.16887 0.27204
vt 0.50027 0.04147
vt 0.5018 0.0436
vt 0.67518 0.12259
vt 0.38127 0.47532
vt 0.50787 0.48864
vt 0.53667 0.51929
vt 0.50552 0.52005
vt 0.40702 0.51303
vt 0.40893 0.48338
vt 0.57164 0.48549
vt 0.61306 0.51594
vt 0.56891 0.515
vt 0.53895 0.46951
vt 0.53927 0.48809
vt 0.64241 0.46587
vt 0.64244 0.48429
vt 0.44944 0.46834
vt 0.42757 0.467
vt 0.40954 0.46596
vt 0.40339 0.46587
vt 0.39664 0.46677
vt 0.41852 0.46642
vt 0.98601 0.18018
vt 0.97498 0.15353
vt 0.99354 0.15416
vt 0.96817 0.25285
vt 0.95661 0.22148
vt 0.97517 0.22212
vt 0.99774 0.13137
vt 0.61505 0.4668
vt 0.61574 0.48542
vt 0.50793 0.47009
vt 0.03356 0.61329
vt 0.64014 0.51406
vt 0.40118 0.51114
vt 0.44848 0.48653
vt 0.46627 0.51878
vt 0.44678 0.5175
vt 0.96174 0.28245
vt 0.9496 0.25222
vt 0.46823 0.48756
vt 0.57113 0.46881
vt 0.66299 0.51329
vt 0.42489 0.51576
vt 0.98178 0.44254
vt 0.99829 0.44254
vt 0.96745 0.47725
vt 0.97859 0.09052
vt 0.96745 0.17952
vt 0.45641 0.43226
vt 0.59837 0.00158
vt 0.61374 0.02032
vt 0.46849 0.46924
vt 0.98234 0.2084
vt 0.40408 0.30174
vt 0.54654 0.17993
vt 0.9059 0.42434
vt 0.18904 0.10794
vt 0.78122 0.00197
vt 0.19874 0.56282
vt 0.96513 0.0033
vt 0.77201 0.34693
vt 0.3156 0.08031
vt 0.38762 0.27994
vt 0.63088 0.04807
vt 0.37615 0.46103
vt 0.48229 0.23583
vt 0.69007 0.50807
vt 0.98574 0.09495
vt 0.42858 0.54775
vt 0.19181 0.33502
vt 0.48492 0.54817
vt 0.7635 0.50807
vt 0.58392 0.23114
vt 0.00858 0.13875
vt 0.62775 0.21961
vt 0.69868 0.42271
vt 0.29771 0.03042
vt 0.69352 0.30208
vt 0.72581 0.06361
vt 0.53477 0.2065
vt 0.00183 0.04568
vt 0.0733 0.01006
vt 0.61739 0.04806
vt 0.8272 0.22475
vt 0.37618 0.44476
vt 0.12577 0.52893
vt 0.19154 0.31949
vt 0.71076 0.47879
vt 0.61378 0.00158
usemtl mat0
f 865/975/865 866/976/866 867/977/867
f 868/978/868 869/979/869 870/980/870
f 871/981/871 872/982/872 873/983/873
f 874/984/874 869/979/869 875/985/875
f 876/986/876 874/987/874 877/988/877
f 878/989/878 879/990/879 880/991/880
f 873/983/873 881/992/881 882/993/882
f 865/975/865 883/994/883 871/981/871
f 884/995/884 885/996/885 886/997/886
f 887/998/887 888/999/888 889/1000/889
f 890/1001/890 891/1002/891 892/1003/892
f 893/1004/893 894/1005/894 895/1006/895
f 896/1007/896 897/1008/897 898/1009/898
f 894/1005/894 899/1010/899 895/1006/895
f 900/1011/900 901/1012/901 902/1013/902
f 903/1014/903 878/1015/878 880/1016/880
f 904/1017/904 905/1018/905 906/1019/906
f 906/1019/906 907/1020/907 908/1021/908
f 909/1022/909 907/1020/907 910/1023/910
f 911/1024/911 912/1025/912 901/1012/901
f 913/1026/913 914/1027/914 915/1028/915
f 916/1029/916 915/1028/915 917/1030/917
f 916/1031/916 918/1032/918 919/1033/919
f 919/1033/919 920/1034/920 921/1035/921
f 921/1035/921 922/1036/922 923/1037/923
f 923/1037/923 924/1038/924 925/1039/925
f 925/1039/925 926/1040/926 927/1041/927
f 927/1041/927 928/1042/928 929/1043/929
f 929/1043/929 930/1044/930 931/1045/931
f 931/1045/931 932/1046/932 933/1047/933
f 933/1048/933 934/1049/934 935/1050/935
f 936/1051/936 934/1049/934 937/1052/937
f 938/1053/938 937/1052/937 939/1054/939
f 940/1055/940 939/1054/939 941/1056/941
f 942/1057/942 941/1056/941 943/1058/943
f 944/1059/944 943/1058/943 945/1060/945
f 944/1061/944 946/1062/946 947/1063/947
f 948/1064/948 949/1065/949 950/1066/950
f 951/1067/951 952/1068/952 953/1069/953
f 954/1070/954 955/1071/955 956/1072/956
f 957/1073/957 954/1074/954 958/1075/958
f 959/1076/959 960/1077/960 961/1078/961
f 962/1079/962 963/1080/963 964/1081/964
f 965/1082/965 966/1083/966 967/1084/967
f 968/1085/968 969/1086/969 970/1087/970
f 971/1088/971 969/1089/969 972/1090/972
f 973/1091/973 972/1090/972 974/1092/974
f 975/1093/975 974/1092/974 976/1094/976
f 977/1095/977 976/1094/976 978/1096/978
f 979/1097/979 978/1096/978 980/1098/980
f 979/1099/979 981/1100/981 982/1101/982
f 982/1101/982 983/1102/983 984/1103/984
f 984/1103/984 985/1104/985 986/1105/986
f 986/1105/986 987/1106/987 988/1107/988
f 988/1107/988 989/1108/989 990/1109/990
f 990/1109/990 991/1110/991 992/1111/992
f 992/1111/992 993/1112/993 994/1113/994
f 994/1113/994 995/1114/995 996/1115/996
f 996/1116/996 997/1117/997 998/1118/998
f 999/1119/999 997/1117/997 1000/1120/1000
f 1001/1121/1001 1000/1120/1000 1002/1122/1002
f 1001/1121/1001 1003/1123/1003 1004/1124/1004
f 1005/1125/1005 1003/1123/1003 1006/1126/1006
f 1007/1127/1007 1008/1128/1008 1009/1129/1009
f 1010/1130/1010 1009/1129/1009 1011/1131/1011
f 1010/1130/1010 1012/1132/1012 1013/1133/1013
f 1014/1134/1014 1012/1132/1012 1015/1135/1015
f 1014/1134/1014 1016/1136/1016 1017/1137/1017
f 1017/1137/1017 1018/1138/1018 1019/1139/1019
f 1019/1139/1019 1020/1140/1020 1021/1141/1021
f 1021/1141/1021 1022/1142/1022 1023/1143/1023
f 1024/1144/1024 1022/1142/1022 1025/1145/1025
f 1024/1144/1024 1026/1146/1026 1027/1147/1027
f 1028/1148/1028 1026/1149/1026 1029/1150/1029
f 1030/1151/1030 1029/1150/1029 1031/1152/1031
f 1032/1153/1032 1031/1152/1031 1033/1154/1033
f 1034/1155/1034 1033/1154/1033 1035/1156/1035
f 1036/1157/1036 1037/1158/1037 1038/1159/1038
f 1036/1157/1036 1039/1160/1039 1040/1161/1040
f 1040/1161/1040 1041/1162/1041 1042/1163/1042
f 1042/1163/1042 1043/1164/1043 1044/1165/1044
f 1044/1165/1044 1045/1166/1045 1046/1167/1046
f 1046/1167/1046 1047/1168/1047 1048/1169/1048
f 1048/1169/1048 1049/1170/1049 1050/1171/1050
f 1051/1172/1051 891/1002/891 1052/1173/1052
f 897/1008/897 1052/1173/1052 1053/1174/1053
f 1054/1175/1054 880/1016/880 1055/1176/1055
f 1054/1175/1054 1056/1177/1056 904/1017/904
f 1057/1178/1057 902/1013/902 914/1027/914
f 1058/1179/1058 1059/1180/1059 1060/1181/1060
f 1060/1182/1060 1061/1183/1061 1062/1184/1062
f 1063/1185/1063 1064/1186/1064 1065/1187/1065
f 1066/1188/1066 1067/1189/1067 1068/1190/1068
f 1069/1191/1069 1070/1192/1070 1071/1193/1071
f 1072/1194/1072 1073/1195/1073 1074/1196/1074
f 1075/1197/1075 1067/1189/1067 1073/1198/1073
f 1076/1199/1076 1077/1200/1077 1070/1192/1070
f 1078/1201/1078 1071/1193/1071 1079/1202/1079
f 1080/1203/1080 1079/1202/1079 1081/1204/1081
f 1082/1205/1082 1081/1204/1081 1083/1206/1083
f 1082/1205/1082 1084/1207/1084 1085/1208/1085
f 1086/1209/1086 1087/1210/1087 1088/1211/1088
f 1086/1209/1086 1089/1212/1089 1090/1213/1090
f 1090/1213/1090 1091/1214/1091 1092/1215/1092
f 1092/1215/1092 1093/1216/1093 1094/1217/1094
f 1094/1217/1094 1095/1218/1095 1096/1219/1096
f 1097/1220/1097 1098/1221/1098 1099/1222/1099
f 1100/1223/1100 1101/1224/1101 1102/1225/1102
f 949/1226/949 1103/1227/1103 1104/1228/1104
f 950/1066/950 947/1063/947 948/1064/948
f 1105/1229/1105 947/1063/947 1106/1230/1106
f 1105/1231/1105 942/1057/942 944/1059/944
f 1107/1232/1107 940/1055/940 942/1057/942
f 1108/1233/1108 938/1053/938 940/1055/940
f 1109/1234/1109 1110/1235/1110 1111/1236/1111
f 1112/1237/1112 953/1069/953 955/1071/955
f 1113/1238/1113 951/1067/951 1112/1237/1112
f 1114/1239/1114 1112/1237/1112 954/1070/954
f 1106/1230/1106 1115/1240/1115 1113/1238/1113
f 1114/1239/1114 1106/1230/1106 1113/1238/1113
f 954/1074/954 1116/1241/1116 958/1075/958
f 958/1075/958 1117/1242/1117 1118/1243/1118
f 1119/1244/1119 958/1075/958 1118/1243/1118
f 1118/1243/1118 1120/1245/1120 959/1076/959
f 1121/1246/1121 1118/1243/1118 959/1076/959
f 1114/1247/1114 1107/1232/1107 1105/1231/1105
f 957/1073/957 1108/1233/1108 1107/1232/1107
f 965/1082/965 1122/1248/1122 1123/1249/1123
f 1123/1249/1123 1124/1250/1124 1125/1251/1125
f 1126/1252/1126 1127/1253/1127 1128/1254/1128
f 1128/1254/1128 1129/1255/1129 968/1085/968
f 1130/1256/1130 1131/1257/1131 1126/1252/1126
f 1124/1258/1124 1132/1259/1132 1133/1260/1133
f 1134/1261/1134 1135/1262/1135 1136/1263/1136
f 1137/1264/1137 1136/1263/1136 1138/1265/1138
f 1139/1266/1139 1130/1256/1130 1126/1252/1126
f 1140/1267/1140 963/1268/963 966/1083/966
f 1141/1269/1141 1123/1249/1123 1137/1264/1137
f 1142/1270/1142 1126/1252/1126 1128/1254/1128
f 1143/1271/1143 1128/1254/1128 968/1085/968
f 1144/1272/1144 1145/1273/1145 1141/1269/1141
f 1143/1271/1143 1146/1274/1146 1147/1275/1147
f 1145/1273/1145 964/1276/964 1140/1267/1140
f 961/1078/961 1148/1277/1148 962/1079/962
f 1149/1278/1149 1150/1279/1150 1146/1280/1146
f 1151/1281/1151 1149/1278/1149 1146/1280/1146
f 1152/1282/1152 962/1079/962 1153/1283/1153
f 1149/1278/1149 1154/1284/1154 1155/1285/1155
f 1121/1246/1121 961/1078/961 1156/1286/1156
f 1156/1286/1156 1152/1282/1152 1157/1287/1157
f 1155/1285/1155 1158/1288/1158 1159/1289/1159
f 1159/1289/1159 1160/1290/1160 1161/1291/1161
f 1159/1289/1159 1162/1292/1162 1157/1287/1157
f 1119/1244/1119 1163/1293/1163 1108/1233/1108
f 1163/1293/1163 936/1051/936 938/1053/938
f 1121/1246/1121 1164/1294/1164 1163/1293/1163
f 1164/1294/1164 935/1050/935 936/1051/936
f 1165/1295/1165 935/1050/935 1166/1296/1166
f 1167/1297/1167 933/1047/933 1165/1298/1165
f 1086/1209/1086 931/1045/931 1167/1297/1167
f 1090/1213/1090 929/1043/929 1086/1209/1086
f 1092/1215/1092 927/1041/927 1090/1213/1090
f 1094/1217/1094 925/1039/925 1092/1215/1092
f 1096/1219/1096 923/1037/923 1094/1217/1094
f 1168/1299/1168 921/1035/921 1096/1219/1096
f 1169/1300/1169 919/1033/919 1168/1299/1168
f 1161/1291/1161 1170/1301/1170 1162/1292/1162
f 1171/1302/1171 1172/1303/1172 1173/1304/1173
f 1174/1305/1174 1173/1304/1173 1175/1306/1175
f 1176/1307/1176 1175/1306/1175 1177/1308/1177
f 1178/1309/1178 1177/1308/1177 1179/1310/1179
f 1180/1311/1180 1179/1310/1179 1181/1312/1181
f 1182/1313/1182 1181/1312/1181 1183/1314/1183
f 1184/1315/1184 1183/1314/1183 1185/1316/1185
f 1186/1317/1186 1185/1316/1185 1187/1318/1187
f 1172/1319/1172 1160/1290/1160 1188/1320/1188
f 1173/1304/1173 1188/1321/1188 1189/1322/1189
f 1175/1306/1175 1189/1322/1189 1190/1323/1190
f 1175/1306/1175 1191/1324/1191 1177/1308/1177
f 1177/1308/1177 1192/1325/1192 1179/1310/1179
f 1181/1312/1181 1192/1325/1192 1193/1326/1193
f 1181/1312/1181 1194/1327/1194 1183/1314/1183
f 1183/1314/1183 1195/1328/1195 1185/1316/1185
f 1185/1316/1185 1196/1329/1196 1187/1318/1187
f 1197/1330/1197 1068/1190/1068 1075/1197/1075
f 1156/1286/1156 1166/1296/1166 1164/1294/1164
f 1167/1297/1167 1109/1331/1109 1087/1210/1087
f 1198/1332/1198 1097/1333/1097 1066/1188/1066
f 1199/1334/1199 1165/1295/1165 1166/1296/1166
f 1200/1335/1200 1074/1196/1074 1077/1200/1077
f 1187/1336/1187 1201/1337/1201 1186/1338/1186
f 1201/1337/1201 1202/1339/1202 1203/1340/1203
f 1196/1341/1196 1204/1342/1204 1187/1336/1187
f 1204/1342/1204 1205/1343/1205 1202/1339/1202
f 1169/1344/1169 913/1026/913 916/1029/916
f 1198/1332/1198 1057/1178/1057 913/1026/913
f 1206/1345/1206 900/1011/900 1057/1178/1057
f 1207/1346/1207 1203/1340/1203 1202/1339/1202
f 1202/1339/1202 1208/1347/1208 1207/1346/1207
f 1197/1330/1197 1209/1348/1209 1206/1345/1206
f 1210/1349/1210 1209/1348/1209 1211/1350/1211
f 1212/1351/1212 1208/1347/1208 1213/1352/1213
f 1207/1346/1207 1214/1353/1214 1215/1354/1215
f 1209/1348/1209 911/1024/911 900/1011/900
f 1216/1355/1216 1217/1356/1217 1210/1349/1210
f 1218/1357/1218 1219/1358/1219 1216/1355/1216
f 1218/1357/1218 1220/1359/1220 1221/1360/1221
f 1222/1361/1222 1220/1359/1220 1223/1362/1223
f 1224/1363/1224 1225/1364/1225 1222/1361/1222
f 1226/1365/1226 1213/1352/1213 1227/1366/1227
f 1228/1367/1228 1229/1368/1229 1230/1369/1230
f 1228/1367/1228 1231/1370/1231 1232/1371/1232
f 1212/1351/1212 1233/1372/1233 1214/1353/1214
f 1234/1373/1234 1227/1366/1227 1229/1368/1229
f 1235/1374/1235 1006/1126/1006 1008/1128/1008
f 1226/1365/1226 1236/1375/1236 1233/1372/1233
f 1234/1373/1234 1237/1376/1237 1236/1375/1236
f 1232/1371/1232 1237/1376/1237 1228/1367/1228
f 1238/1377/1238 910/1023/910 912/1025/912
f 1217/1356/1217 1238/1377/1238 911/1024/911
f 1219/1358/1219 909/1022/909 1238/1377/1238
f 1221/1360/1221 908/1021/908 909/1022/909
f 1225/1364/1225 908/1021/908 1220/1359/1220
f 1224/1363/1224 1239/1378/1239 1240/1379/1240
f 1241/1380/1241 1242/1381/1242 1232/1371/1232
f 1241/1380/1241 1243/1382/1243 1244/1383/1244
f 1239/1378/1239 1245/1384/1245 1246/1385/1246
f 1247/1386/1247 1248/1387/1248 1249/1388/1249
f 1243/1382/1243 1250/1389/1250 1251/1390/1251
f 1249/1388/1249 1252/1391/1252 1247/1386/1247
f 1253/1392/1253 1254/1393/1254 1255/1394/1255
f 1255/1394/1255 1256/1395/1256 1257/1396/1257
f 1255/1394/1255 1258/1397/1258 1253/1392/1253
f 1257/1396/1257 1259/1398/1259 1255/1394/1255
f 1257/1396/1257 1260/1399/1260 1261/1400/1261
f 1262/1401/1262 1256/1395/1256 1263/1402/1263
f 1245/1384/1245 1264/1403/1264 1249/1388/1249
f 1249/1388/1249 1246/1385/1246 1245/1384/1245
f 1241/1380/1241 1231/1370/1231 1265/1404/1265
f 1241/1380/1241 1266/1405/1266 1267/1406/1267
f 1266/1405/1266 1268/1407/1268 1269/1408/1269
f 1270/1409/1270 1014/1134/1014 1017/1137/1017
f 1271/1410/1271 1250/1389/1250 1269/1408/1269
f 1272/1411/1272 1273/1412/1273 1271/1410/1271
f 1253/1392/1253 1274/1413/1274 1247/1386/1247
f 1247/1386/1247 1275/1414/1275 1253/1392/1253
f 1276/1415/1276 1277/1416/1277 1273/1412/1273
f 1270/1409/1270 1272/1411/1272 1268/1407/1268
f 1278/1417/1278 1279/1418/1279 1058/1179/1058
f 1270/1409/1270 1019/1139/1019 1280/1419/1280
f 1281/1420/1281 1019/1139/1019 1021/1141/1021
f 1282/1421/1282 1021/1141/1021 1023/1143/1023
f 1283/1422/1283 1284/1423/1284 1276/1415/1276
f 1285/1424/1285 1023/1143/1023 1024/1144/1024
f 1286/1425/1286 1287/1426/1287 1288/1427/1288
f 1281/1420/1281 1289/1428/1289 1290/1429/1290
f 1273/1412/1273 1291/1430/1291 1276/1415/1276
f 1292/1431/1292 1273/1412/1273 1277/1416/1277
f 1272/1411/1272 1269/1408/1269 1268/1407/1268
f 1267/1406/1267 1269/1408/1269 1250/1389/1250
f 1265/1404/1265 1014/1134/1014 1266/1405/1266
f 1265/1404/1265 1010/1130/1010 1013/1133/1013
f 1229/1368/1229 1005/1125/1005 1235/1374/1235
f 1230/1369/1230 1010/1130/1010 1231/1370/1231
f 1230/1369/1230 1235/1374/1235 1007/1127/1007
f 1227/1366/1227 1004/1124/1004 1005/1125/1005
f 1213/1352/1213 1001/1121/1001 1004/1124/1004
f 1208/1347/1208 999/1119/999 1001/1121/1001
f 1293/1432/1293 999/1119/999 1205/1343/1205
f 1293/1432/1293 996/1116/996 998/1118/998
f 1195/1328/1195 996/1115/996 1196/1329/1196
f 1195/1328/1195 992/1111/992 994/1113/994
f 1193/1326/1193 992/1111/992 1194/1327/1194
f 1193/1326/1193 988/1107/988 990/1109/990
f 1191/1324/1191 988/1107/988 1192/1325/1192
f 1190/1323/1190 986/1105/986 1191/1324/1191
f 1190/1323/1190 982/1101/982 984/1103/984
f 1189/1322/1189 979/1099/979 982/1101/982
f 1188/1320/1188 977/1095/977 979/1097/979
f 1158/1288/1158 977/1095/977 1160/1290/1160
f 1154/1284/1154 975/1093/975 1158/1288/1158
f 1294/1433/1294 973/1091/973 1154/1284/1154
f 1294/1433/1294 970/1434/970 971/1088/971
f 1151/1435/1151 968/1085/968 970/1087/970
f 1142/1270/1142 1147/1275/1147 1144/1272/1144
f 1144/1272/1144 1139/1266/1139 1142/1270/1142
f 1138/1265/1138 1295/1436/1295 1139/1266/1139
f 882/993/882 1296/1437/1296 868/978/868
f 1297/1438/1297 1298/1439/1298 1299/1440/1299
f 1300/1441/1300 1061/1183/1061 1298/1439/1298
f 1301/1442/1301 1287/1426/1287 1302/1443/1302
f 1225/1364/1225 1303/1444/1303 906/1019/906
f 1028/1148/1028 1024/1144/1024 1027/1147/1027
f 1063/1185/1063 1028/1148/1028 1030/1151/1030
f 1302/1443/1302 1030/1151/1030 1032/1153/1032
f 1301/1442/1301 1032/1153/1032 1034/1155/1034
f 1263/1402/1263 1034/1155/1034 1304/1445/1304
f 1262/1401/1262 1040/1161/1040 1305/1446/1305
f 1306/1447/1306 1040/1161/1040 1042/1163/1042
f 1307/1448/1307 1042/1163/1042 1044/1165/1044
f 1308/1449/1308 906/1019/906 1303/1444/1303
f 1303/1444/1303 1309/1450/1309 1308/1449/1308
f 1240/1379/1240 1310/1451/1310 1309/1450/1309
f 1311/1452/1311 1239/1378/1239 1246/1385/1246
f 1312/1453/1312 1246/1385/1246 1248/1387/1248
f 1313/1454/1313 1248/1387/1248 1274/1413/1274
f 1314/1455/1314 1274/1413/1274 1258/1397/1258
f 1314/1455/1314 1259/1398/1259 1315/1456/1315
f 1315/1456/1315 1261/1400/1261 1316/1457/1316
f 1261/1400/1261 1317/1458/1317 1316/1457/1316
f 1262/1401/1262 1318/1459/1318 1260/1399/1260
f 1305/1446/1305 1319/1460/1319 1318/1459/1318
f 1320/1461/1320 1306/1447/1306 1307/1448/1307
f 1321/1462/1321 1044/1165/1044 1046/1167/1046
f 1322/1463/1322 1046/1167/1046 1048/1169/1048
f 1323/1464/1323 1048/1169/1048 1050/1171/1050
f 1324/1465/1324 1050/1171/1050 1325/1466/1325
f 1323/1464/1323 1326/1467/1326 1322/1463/1322
f 1322/1463/1322 1327/1468/1327 1321/1462/1321
f 1321/1462/1321 1328/1469/1328 1307/1448/1307
f 1329/1470/1329 1330/1471/1330 1331/1472/1331
f 1328/1469/1328 1320/1461/1320 1307/1448/1307
f 1331/1472/1331 1318/1459/1318 1319/1460/1319
f 1332/1473/1332 1318/1459/1318 1333/1474/1333
f 1317/1458/1317 1332/1473/1332 1334/1475/1334
f 1335/1476/1335 1336/1477/1336 1334/1475/1334
f 1337/1478/1337 1336/1477/1336 1338/1479/1338
f 1311/1452/1311 1339/1480/1339 893/1004/893
f 1310/1451/1310 893/1004/893 895/1006/895
f 1340/1481/1340 899/1010/899 878/1015/878
f 1309/1450/1309 895/1006/895 1340/1481/1340
f 1308/1449/1308 1340/1481/1340 903/1014/903
f 1308/1449/1308 1054/1175/1054 904/1017/904
f 1313/1454/1313 1339/1480/1339 1312/1453/1312
f 1313/1454/1313 1341/1482/1341 1342/1483/1342
f 1314/1455/1314 1343/1484/1343 1341/1482/1341
f 1316/1457/1316 1343/1484/1343 1315/1456/1315
f 1316/1457/1316 1344/1485/1344 1345/1486/1345
f 1346/1487/1346 1347/1488/1347 1337/1478/1337
f 1341/1482/1341 1348/1489/1348 1349/1490/1349
f 1349/1490/1349 1350/1491/1350 1341/1482/1341
f 1351/1492/1351 1352/1493/1352 1350/1491/1350
f 1353/1494/1353 1354/1495/1354 1352/1493/1352
f 1352/1493/1352 1342/1483/1342 1350/1491/1350
f 893/1004/893 1352/1493/1352 1354/1495/1354
f 1350/1491/1350 1342/1483/1342 1341/1482/1341
f 870/1496/870 1355/1497/1355 1356/1498/1356
f 1357/1499/1357 1358/1500/1358 899/1501/899
f 1359/1502/1359 896/1007/896 1353/1494/1353
f 1360/1503/1360 1353/1494/1353 1351/1492/1351
f 1361/1504/1361 1351/1492/1351 1349/1490/1349
f 1346/1487/1346 1349/1490/1349 1348/1489/1348
f 1345/1486/1345 1348/1489/1348 1343/1484/1343
f 1344/1485/1344 1347/1488/1347 1345/1486/1345
f 1317/1458/1317 1336/1477/1336 1344/1485/1344
f 1335/1476/1335 1332/1473/1332 1362/1505/1362
f 1362/1505/1362 1333/1474/1333 1363/1506/1363
f 1363/1506/1363 1331/1472/1331 1330/1471/1330
f 1364/1507/1364 1329/1470/1329 1328/1469/1328
f 1329/1470/1329 1319/1460/1319 1320/1461/1320
f 1327/1468/1327 1364/1507/1364 1328/1469/1328
f 1365/1508/1365 1327/1468/1327 1326/1467/1326
f 1324/1465/1324 1365/1508/1365 1326/1467/1326
f 889/1509/889 1325/1466/1325 887/1510/887
f 1050/1171/1050 1366/1511/1366 1325/1466/1325
f 896/1007/896 894/1005/894 1354/1495/1354
f 1051/1172/1051 1367/1512/1367 1368/1513/1368
f 1369/1514/1369 1367/1512/1367 1359/1502/1359
f 1370/1515/1370 1359/1502/1359 1360/1503/1360
f 1371/1516/1371 1360/1503/1360 1361/1504/1361
f 1371/1516/1371 1346/1487/1346 1372/1517/1372
f 1372/1517/1372 1337/1478/1337 1373/1518/1373
f 1368/1513/1368 892/1003/892 1051/1172/1051
f 1374/1519/1374 1368/1513/1368 1369/1514/1369
f 1375/1520/1375 1369/1514/1369 1370/1515/1370
f 1376/1521/1376 1370/1515/1370 1371/1516/1371
f 1376/1521/1376 1372/1517/1372 1377/1522/1377
f 1378/1523/1378 1372/1517/1372 1373/1518/1373
f 1379/1524/1379 1373/1518/1373 1380/1525/1380
f 1373/1518/1373 1338/1479/1338 1380/1525/1380
f 1380/1525/1380 1335/1476/1335 1381/1526/1381
f 1379/1524/1379 1381/1526/1381 1382/1527/1382
f 1381/1526/1381 1362/1505/1362 1363/1506/1363
f 1381/1526/1381 1330/1471/1330 1382/1527/1382
f 1383/1528/1383 1384/1529/1384 1385/1530/1385
f 890/1531/890 1386/1532/1386 1387/1533/1387
f 1388/1534/1388 890/1001/890 892/1003/892
f 1389/1535/1389 1388/1534/1388 1374/1519/1374
f 1383/1536/1383 1374/1519/1374 1375/1520/1375
f 1390/1537/1390 1375/1520/1375 1376/1521/1376
f 1391/1538/1391 1376/1521/1376 1377/1522/1377
f 1392/1539/1392 1377/1522/1377 1378/1523/1378
f 1393/1540/1393 1378/1523/1378 1379/1524/1379
f 1393/1540/1393 1382/1527/1382 1394/1541/1394
f 1394/1541/1394 1330/1471/1330 1395/1542/1395
f 1096/1219/1096 1396/1543/1396 1168/1299/1168
f 1276/1415/1276 1397/1544/1397 1283/1422/1283
f 1283/1422/1283 1398/1545/1398 1287/1426/1287
f 1285/1424/1285 1065/1187/1065 1399/1546/1399
f 1297/1438/1297 1400/1547/1400 1401/1548/1401
f 1282/1421/1282 1399/1546/1399 1289/1428/1289
f 1281/1420/1281 1272/1411/1272 1280/1419/1280
f 1287/1426/1287 1064/1186/1064 1302/1443/1302
f 1263/1402/1263 1036/1157/1036 1262/1401/1262
f 1284/1423/1284 1252/1391/1252 1277/1416/1277
f 1292/1431/1292 1251/1390/1251 1250/1389/1250
f 1301/1442/1301 1256/1395/1256 1288/1427/1288
f 1288/1427/1288 1254/1393/1254 1286/1425/1286
f 1286/1425/1286 1275/1414/1275 1284/1423/1284
f 1277/1416/1277 1264/1403/1264 1292/1431/1292
f 1402/1549/1402 1251/1390/1251 1245/1384/1245
f 1224/1363/1224 1243/1382/1243 1402/1549/1402
f 1222/1361/1222 1244/1383/1244 1224/1363/1224
f 1222/1361/1222 1237/1376/1237 1242/1381/1242
f 1223/1362/1223 1236/1375/1236 1237/1376/1237
f 1218/1357/1218 1233/1372/1233 1236/1375/1236
f 1216/1355/1216 1214/1353/1214 1233/1372/1233
f 1211/1350/1211 1214/1353/1214 1210/1349/1210
f 1197/1330/1197 1215/1354/1215 1211/1350/1211
f 1075/1197/1075 1203/1340/1203 1197/1330/1197
f 1403/1550/1403 1201/1337/1201 1075/1197/1075
f 1403/1551/1403 1184/1315/1184 1186/1317/1186
f 1072/1194/1072 1182/1313/1182 1184/1315/1184
f 1200/1335/1200 1180/1311/1180 1182/1313/1182
f 1076/1199/1076 1178/1309/1178 1180/1311/1180
f 1069/1191/1069 1176/1307/1176 1178/1309/1178
f 1078/1201/1078 1174/1305/1174 1176/1307/1176
f 1080/1203/1080 1171/1302/1171 1174/1305/1174
f 1082/1205/1082 1170/1552/1170 1171/1302/1171
f 1162/1292/1162 1085/1553/1085 1199/1334/1199
f 1157/1287/1157 1199/1334/1199 1156/1286/1156
f 1155/1285/1155 1157/1287/1157 1152/1282/1152
f 1155/1285/1155 1153/1283/1153 1149/1278/1149
f 1153/1283/1153 964/1081/964 1150/1279/1150
f 1147/1275/1147 1150/1554/1150 1145/1273/1145
f 1141/1269/1141 1140/1267/1140 965/1082/965
f 1138/1265/1138 1141/1269/1141 1137/1264/1137
f 1134/1261/1134 1123/1249/1123 1125/1251/1125
f 1125/1251/1125 1133/1555/1133 1134/1261/1134
f 1304/1445/1304 1035/1156/1035 1037/1158/1037
f 1291/1556/1291 1401/1548/1401 1404/1557/1404
f 1404/1557/1404 1405/1558/1405 1278/1417/1278
f 1291/1556/1291 1278/1417/1278 1397/1559/1397
f 1397/1559/1397 1058/1179/1058 1398/1560/1398
f 1064/1561/1064 1062/1184/1062 1065/1562/1065
f 1399/1563/1399 1062/1184/1062 1300/1441/1300
f 1289/1564/1289 1300/1441/1300 1297/1438/1297
f 1289/1564/1289 1401/1548/1401 1290/1565/1290
f 1398/1560/1398 1060/1181/1060 1064/1566/1064
f 1066/1567/1066 1099/1568/1099 1406/1569/1406
f 1074/1570/1074 1407/1571/1407 1408/1572/1408
f 1077/1573/1077 1408/1572/1408 1409/1574/1409
f 1070/1575/1070 1409/1574/1409 1410/1576/1410
f 1071/1577/1071 1410/1576/1410 1411/1578/1411
f 1071/1577/1071 1412/1579/1412 1079/1580/1079
f 1081/1581/1081 1412/1579/1412 1413/1582/1413
f 1083/1583/1083 1413/1582/1413 1414/1584/1414
f 1088/1585/1088 1415/1586/1415 1416/1587/1416
f 1088/1585/1088 1417/1588/1417 1089/1589/1089
f 1089/1589/1089 1418/1590/1418 1091/1591/1091
f 1091/1591/1091 1419/1592/1419 1093/1593/1093
f 1093/1593/1093 1420/1594/1420 1095/1595/1095
f 1095/1595/1095 1098/1221/1098 1396/1596/1396
f 950/1066/950 952/1068/952 1115/1240/1115
f 1083/1583/1083 1110/1235/1110 1084/1597/1084
f 1067/1598/1067 1407/1599/1407 1073/1600/1073
f 1067/1598/1067 1406/1569/1406 1421/1601/1421
f 1168/1299/1168 1097/1602/1097 1169/1300/1169
f 1087/1603/1087 1111/1236/1111 1415/1586/1415
f 946/1604/946 1103/1227/1103 1422/1605/1422
f 1038/1606/1038 1423/1607/1423 1039/1608/1039
f 1424/1609/1424 1425/1610/1425 1131/1611/1131
f 1426/1612/1426 1427/1613/1427 1428/1614/1428
f 1052/1615/1052 1429/1616/1429 1430/1617/1430
f 898/1009/898 1053/1174/1053 884/1618/884
f 898/1009/898 1357/1619/1357 894/1005/894
f 952/1620/952 1431/1621/1431 953/1622/953
f 1295/1436/1295 1424/1623/1424 1130/1256/1130
f 901/1624/901 1432/1625/1432 902/1626/902
f 1009/1627/1009 1433/1628/1433 1011/1629/1011
f 963/1630/963 1434/1631/1434 966/1632/966
f 967/1633/967 1435/1634/1435 1122/1635/1122
f 1110/1235/1110 1102/1636/1102 1111/1236/1111
f 1136/1263/1136 1436/1637/1436 1295/1436/1295
f 966/1632/966 1437/1638/1437 967/1633/967
f 1131/1611/1131 1438/1639/1438 1127/1640/1127
f 1122/1635/1122 1439/1641/1439 1124/1258/1124
f 1135/1642/1135 1440/1643/1440 1436/1644/1436
f 969/1645/969 1441/1646/1441 972/1647/972
f 1116/1648/1116 1442/1649/1442 1117/1650/1117
f 1129/1651/1129 1443/1652/1443 969/1653/969
f 1120/1654/1120 1444/1655/1444 960/1656/960
f 956/1657/956 1445/1658/1445 1116/1648/1116
f 948/1064/948 946/1062/946 1422/1659/1422
f 1446/1660/1446 1447/1661/1447 1448/1662/1448
f 914/1663/914 1449/1664/1449 915/1665/915
f 899/1501/899 1450/1666/1450 878/989/878
f 1055/1667/1055 1451/1668/1451 1056/1669/1056
f 891/1670/891 1452/1671/1452 1429/1616/1429
f 1052/1615/1052 885/996/885 1053/1672/1053
f 1037/1673/1037 1453/1674/1453 1038/1606/1038
f 1366/1675/1366 1454/1676/1454 1455/1677/1455
f 1047/1678/1047 1454/1676/1454 1049/1679/1049
f 1045/1680/1045 1456/1681/1456 1047/1678/1047
f 1043/1682/1043 1457/1683/1457 1045/1680/1045
f 1041/1684/1041 1458/1685/1458 1043/1682/1043
f 1041/1684/1041 1423/1607/1423 1459/1686/1459
f 1133/1260/1133 1460/1687/1460 1135/1642/1135
f 1035/1688/1035 1461/1689/1461 1037/1673/1037
f 1033/1690/1033 1462/1691/1462 1035/1688/1035
f 1031/1692/1031 1463/1693/1463 1033/1690/1033
f 1029/1694/1029 1464/1695/1464 1031/1692/1031
f 1026/1696/1026 1465/1697/1465 1029/1694/1029
f 1025/1698/1025 1466/1699/1466 1026/1700/1026
f 1022/1701/1022 1467/1702/1467 1025/1698/1025
f 1020/1703/1020 1468/1704/1468 1022/1701/1022
f 1018/1705/1018 1469/1706/1469 1020/1703/1020
f 1016/1707/1016 1470/1708/1470 1018/1705/1018
f 1015/1709/1015 1471/1710/1471 1016/1707/1016
f 1012/1711/1012 1472/1712/1472 1015/1709/1015
f 1011/1629/1011 1473/1713/1473 1012/1711/1012
f 912/1714/912 1474/1715/1474 901/1624/901
f 1006/1716/1006 1475/1717/1475 1008/1718/1008
f 1003/1719/1003 1476/1720/1476 1006/1716/1006
f 1002/1721/1002 1477/1722/1477 1003/1719/1003
f 1000/1723/1000 1478/1724/1478 1002/1721/1002
f 997/1725/997 1479/1726/1479 1000/1723/1000
f 995/1727/995 1480/1728/1480 997/1725/997
f 993/1729/993 1481/1730/1481 995/1731/995
f 991/1732/991 1482/1733/1482 993/1729/993
f 989/1734/989 1483/1735/1483 991/1732/991
f 987/1736/987 1484/1737/1484 989/1734/989
f 985/1738/985 1485/1739/1485 987/1736/987
f 983/1740/983 1486/1741/1486 985/1738/985
f 981/1742/981 1487/1743/1487 983/1740/983
f 980/1744/980 1488/1745/1488 981/1742/981
f 978/1746/978 1489/1747/1489 980/1748/980
f 976/1749/976 1490/1750/1490 978/1746/978
f 974/1751/974 1491/1752/1491 976/1749/976
f 972/1647/972 1492/1753/1492 974/1751/974
f 1127/1640/1127 1493/1754/1493 1129/1651/1129
f 1148/1755/1148 1494/1756/1494 963/1757/963
f 1008/1718/1008 1495/1758/1495 1009/1627/1009
f 960/1656/960 1496/1759/1496 1148/1755/1148
f 1117/1650/1117 1497/1760/1497 1120/1654/1120
f 955/1761/955 1498/1762/1498 956/1763/956
f 953/1622/953 1499/1764/1499 955/1761/955
f 945/1765/945 1500/1766/1500 946/1604/946
f 943/1767/943 1501/1768/1501 945/1769/945
f 941/1770/941 1502/1771/1502 943/1767/943
f 939/1772/939 1503/1773/1503 941/1770/941
f 937/1774/937 1504/1775/1504 939/1772/939
f 934/1776/934 1505/1777/1505 937/1774/937
f 932/1778/932 1506/1779/1506 934/1776/934
f 930/1780/930 1507/1781/1507 932/1782/932
f 928/1783/928 1508/1784/1508 930/1780/930
f 926/1785/926 1509/1786/1509 928/1783/928
f 924/1787/924 1510/1788/1510 926/1785/926
f 922/1789/922 1511/1790/1511 924/1787/924
f 920/1791/920 1512/1792/1512 922/1789/922
f 918/1793/918 1513/1794/1513 920/1791/920
f 917/1795/917 1514/1796/1514 918/1793/918
f 1056/1669/1056 1515/1797/1515 905/1798/905
f 1436/1644/1436 1516/1799/1516 1424/1609/1424
f 910/1800/910 1517/1801/1517 912/1714/912
f 907/1802/907 1518/1803/1518 910/1800/910
f 905/1798/905 1519/1804/1519 907/1802/907
f 884/995/884 1520/1805/1520 1357/1499/1357
f 915/1665/915 1521/1806/1521 917/1807/917
f 902/1626/902 1522/1808/1522 914/1663/914
f 880/991/880 1523/1809/1523 1055/1667/1055
f 1524/1810/1524 1452/1811/1452 1525/1812/1525
f 1387/1533/1387 1525/1813/1525 890/1531/890
f 1526/1814/1526 1356/1815/1356 1355/1816/1355
f 1394/1817/1394 1526/1814/1526 1393/1818/1393
f 1527/1819/1527 1528/1820/1528 1529/1821/1529
f 1389/1822/1389 1385/1530/1385 1530/1823/1530
f 1529/1821/1529 1531/1824/1531 1524/1810/1524
f 887/998/887 1532/1825/1532 888/999/888
f 1364/1826/1364 1533/1827/1533 1395/1828/1395
f 1533/1827/1533 1356/1815/1356 1534/1829/1534
f 1535/1830/1535 1536/1831/1536 1537/1832/1537
f 1384/1529/1384 1538/1833/1538 1426/1834/1426
f 1385/1530/1385 1527/1835/1527 1530/1823/1530
f 1387/1533/1387 1529/1836/1529 1524/1837/1524
f 1385/1530/1385 1426/1834/1426 1428/1838/1428
f 1386/1532/1386 1527/1835/1527 1529/1836/1529
f 873/1839/873 1539/1840/1539 1447/1841/1447
f 871/1842/871 1447/1841/1447 1540/1843/1540
f 868/1844/868 1356/1498/1356 1541/1845/1541
f 1533/1827/1533 1539/1846/1539 1541/1847/1541
f 1448/1662/1448 1539/1846/1539 1542/1848/1542
f 1446/1660/1446 1532/1825/1532 1540/1849/1540
f 1535/1850/1535 883/1851/883 867/1852/867
f 877/988/877 1543/1853/1543 876/986/876
f 887/1510/887 1366/1511/1366 1544/1854/1544
f 1545/1855/1545 1542/1848/1542 1364/1826/1364
f 1546/1856/1546 1530/1823/1530 1386/1532/1386
f 1392/1857/1392 1547/1858/1547 1391/1859/1391
f 1366/1675/1366 866/1860/866 1544/1861/1544
f 1395/1828/1395 1534/1829/1534 1394/1817/1394
f 1393/1818/1393 1548/1862/1548 1392/1857/1392
f 1544/1863/1544 865/1864/865 1532/1865/1532
f 1365/1866/1365 888/999/888 1446/1660/1446
f 1365/1866/1365 1448/1662/1448 1545/1855/1545
f 1428/1614/1428 1549/1867/1549 1527/1819/1527
f 1538/1868/1538 1550/1869/1550 1426/1612/1426
f 1390/1870/1390 1547/1858/1547 1384/1529/1384
f 1401/1548/1401 1551/1871/1551 1404/1557/1404
f 875/1872/875 1543/1853/1543 1552/1873/1552
f 1553/1874/1553 1554/1875/1554 1555/1876/1555
f 1452/1877/1452 1556/1878/1556 1429/1879/1429
f 1557/1880/1557 1558/1881/1558 1559/1882/1559
f 1560/1883/1560 1561/1884/1561 1562/1885/1562
f 1358/1886/1358 1557/1880/1557 1559/1882/1559
f 1474/1887/1474 1563/1888/1563 1432/1889/1432
f 1450/1890/1450 1564/1891/1564 879/1892/879
f 1515/1893/1515 1565/1894/1565 1566/1895/1566
f 1519/1896/1519 1566/1895/1566 1567/1897/1567
f 1519/1896/1519 1568/1898/1568 1518/1899/1518
f 1517/1900/1517 1569/1901/1569 1474/1887/1474
f 1522/1902/1522 1570/1903/1570 1449/1904/1449
f 1449/1904/1449 1571/1905/1571 1521/1906/1521
f 1514/1907/1514 1571/1908/1571 1572/1909/1572
f 1513/1910/1513 1572/1909/1572 1573/1911/1573
f 1512/1912/1512 1573/1911/1573 1574/1913/1574
f 1511/1914/1511 1574/1913/1574 1575/1915/1575
f 1510/1916/1510 1575/1915/1575 1576/1917/1576
f 1509/1918/1509 1576/1917/1576 1577/1919/1577
f 1508/1920/1508 1577/1919/1577 1578/1921/1578
f 1507/1922/1507 1578/1921/1578 1579/1923/1579
f 1506/1924/1506 1579/1925/1579 1580/1926/1580
f 1506/1924/1506 1581/1927/1581 1505/1928/1505
f 1505/1928/1505 1582/1929/1582 1504/1930/1504
f 1504/1930/1504 1583/1931/1583 1503/1932/1503
f 1503/1932/1503 1584/1933/1584 1502/1934/1502
f 1502/1934/1502 1585/1935/1585 1501/1936/1501
f 1500/1937/1500 1585/1938/1585 1586/1939/1586
f 1104/1940/1104 1587/1941/1587 1588/1942/1588
f 1589/1943/1589 1590/1944/1590 1431/1945/1431
f 1499/1946/1499 1591/1947/1591 1498/1948/1498
f 1591/1949/1591 1592/1950/1592 1593/1951/1593
f 1444/1952/1444 1594/1953/1594 1595/1954/1595
f 1494/1955/1494 1596/1956/1596 1597/1957/1597
f 1434/1958/1434 1598/1959/1598 1437/1960/1437
f 1443/1961/1443 1599/1962/1599 1600/1963/1600
f 1443/1964/1443 1601/1965/1601 1441/1966/1441
f 1441/1966/1441 1602/1967/1602 1492/1968/1492
f 1492/1968/1492 1603/1969/1603 1491/1970/1491
f 1491/1970/1491 1604/1971/1604 1490/1972/1490
f 1490/1972/1490 1605/1973/1605 1489/1974/1489
f 1488/1975/1488 1605/1976/1605 1606/1977/1606
f 1487/1978/1487 1606/1977/1606 1607/1979/1607
f 1486/1980/1486 1607/1979/1607 1608/1981/1608
f 1485/1982/1485 1608/1981/1608 1609/1983/1609
f 1484/1984/1484 1609/1983/1609 1610/1985/1610
f 1483/1986/1483 1610/1985/1610 1611/1987/1611
f 1482/1988/1482 1611/1987/1611 1612/1989/1612
f 1481/1990/1481 1612/1989/1612 1613/1991/1613
f 1480/1992/1480 1613/1993/1613 1614/1994/1614
f 1480/1992/1480 1615/1995/1615 1479/1996/1479
f 1479/1996/1479 1616/1997/1616 1478/1998/1478
f 1477/1999/1477 1616/1997/1616 1617/2000/1617
f 1477/1999/1477 1618/2001/1618 1476/2002/1476
f 1475/2003/1475 1619/2004/1619 1495/2005/1495
f 1495/2005/1495 1620/2006/1620 1433/2007/1433
f 1473/2008/1473 1620/2006/1620 1621/2009/1621
f 1473/2008/1473 1622/2010/1622 1472/2011/1472
f 1471/2012/1471 1622/2010/1622 1623/2013/1623
f 1470/2014/1470 1623/2013/1623 1624/2015/1624
f 1469/2016/1469 1624/2015/1624 1625/2017/1625
f 1468/2018/1468 1625/2017/1625 1626/2019/1626
f 1468/2018/1468 1627/2020/1627 1467/2021/1467
f 1466/2022/1466 1627/2020/1627 1628/2023/1628
f 1466/2024/1466 1629/2025/1629 1465/2026/1465
f 1465/2026/1465 1630/2027/1630 1464/2028/1464
f 1464/2028/1464 1631/2029/1631 1463/2030/1463
f 1463/2030/1463 1632/2031/1632 1462/2032/1462
f 1461/2033/1461 1633/2034/1633 1453/2035/1453
f 1453/2035/1453 1634/2036/1634 1423/2037/1423
f 1459/2038/1459 1634/2036/1634 1635/2039/1635
f 1458/2040/1458 1635/2039/1635 1636/2041/1636
f 1457/2042/1457 1636/2041/1636 1637/2043/1637
f 1456/2044/1456 1637/2043/1637 1638/2045/1638
f 1454/2046/1454 1638/2045/1638 1639/2047/1639
f 871/1842/871 1532/1865/1532 865/1864/865
f 1429/1879/1429 1640/2048/1640 1430/2049/1430
f 1430/2049/1430 1560/1883/1560 885/2050/885
f 879/1892/879 1641/2051/1641 1523/2052/1523
f 1451/2053/1451 1641/2051/1641 1565/1894/1565
f 1432/1889/1432 1642/2054/1642 1522/1902/1522
f 1059/1180/1059 1643/2055/1643 1644/2056/1644
f 1061/1183/1061 1644/2057/1644 1645/2058/1645
f 1646/2059/1646 1647/2060/1647 1648/2061/1648
f 1649/2062/1649 1650/2063/1650 1651/2064/1651
f 1652/2065/1652 1653/2066/1653 1654/2067/1654
f 1655/2068/1655 1656/2069/1656 1657/2070/1657
f 1658/2071/1658 1651/2064/1651 1659/2072/1659
f 1410/1576/1410 1654/2073/1654 1411/1578/1411
f 1660/2074/1660 1661/2075/1661 1652/2065/1652
f 1654/2067/1654 1662/2076/1662 1663/2077/1663
f 1663/2077/1663 1664/2078/1664 1665/2079/1665
f 1665/2079/1665 1666/2080/1666 1667/2081/1667
f 1100/1223/1100 1666/2080/1666 1668/2082/1668
f 1669/2083/1669 1670/2084/1670 1671/2085/1671
f 1672/2086/1672 1670/2084/1670 1673/2087/1673
f 1674/2088/1674 1673/2087/1673 1675/2089/1675
f 1676/2090/1676 1675/2089/1675 1677/2091/1677
f 1678/2092/1678 1677/2091/1677 1679/2093/1679
f 1099/1568/1099 1649/2094/1649 1406/1569/1406
f 1586/1939/1586 1588/1942/1588 1587/1941/1587
f 1586/1939/1586 1680/2095/1680 1681/2096/1681
f 1584/1933/1584 1680/2097/1680 1585/1935/1585
f 1583/1931/1583 1682/2098/1682 1584/1933/1584
f 1582/1929/1582 1683/2099/1683 1583/1931/1583
f 949/1226/949 1589/2100/1589 952/1620/952
f 1499/1946/1499 1590/1944/1590 1684/2101/1684
f 1590/1944/1590 1685/2102/1685 1684/2101/1684
f 1684/2101/1684 1686/2103/1686 1591/1947/1591
f 1687/2104/1687 1681/2096/1681 1685/2102/1685
f 1681/2096/1681 1686/2103/1686 1685/2102/1685
f 1445/2105/1445 1591/1949/1591 1593/1951/1593
f 1442/2106/1442 1593/1951/1593 1688/2107/1688
f 1593/1951/1593 1689/2108/1689 1688/2107/1688
f 1497/2109/1497 1688/2107/1688 1594/1953/1594
f 1688/2107/1688 1690/2110/1690 1594/1953/1594
f 1682/2098/1682 1686/2111/1686 1680/2097/1680
f 1683/2099/1683 1592/1950/1592 1682/2098/1682
f 1435/2112/1435 1598/1959/1598 1691/2113/1691
f 1439/2114/1439 1691/2113/1691 1692/2115/1692
f 1438/2116/1438 1693/2117/1693 1694/2118/1694
f 1493/2119/1493 1694/2118/1694 1599/1962/1599
f 1425/2120/1425 1695/2121/1695 1693/2117/1693
f 1460/2122/1460 1696/2123/1696 1697/2124/1697
f 1697/2124/1697 1698/2125/1698 1699/2126/1699
f 1695/2121/1695 1700/2127/1700 1693/2117/1693
f 1494/2128/1494 1701/2129/1701 1434/1958/1434
f 1691/2113/1691 1702/2130/1702 1698/2125/1698
f 1694/2118/1694 1700/2127/1700 1703/2131/1703
f 1694/2118/1694 1704/2132/1704 1599/1962/1599
f 1705/2133/1705 1706/2134/1706 1702/2130/1702
f 1704/2132/1704 1707/2135/1707 1708/2136/1708
f 1597/2137/1597 1705/2133/1705 1701/2129/1701
f 1496/2138/1496 1595/1954/1595 1596/1956/1596
f 1709/2139/1709 1710/2140/1710 1707/2141/1707
f 1708/2142/1708 1710/2140/1710 1711/2143/1711
f 1596/1956/1596 1712/2144/1712 1713/2145/1713
f 1710/2140/1710 1714/2146/1714 1711/2143/1711
f 1595/1954/1595 1690/2110/1690 1715/2147/1715
f 1712/2144/1712 1715/2147/1715 1716/2148/1716
f 1717/2149/1717 1718/2150/1718 1714/2146/1714
f 1719/2151/1719 1720/2152/1720 1718/2150/1718
f 1721/2153/1721 1719/2151/1719 1716/2148/1716
f 1722/2154/1722 1689/2108/1689 1683/2099/1683
f 1581/1927/1581 1722/2154/1722 1582/1929/1582
f 1723/2155/1723 1690/2110/1690 1722/2154/1722
f 1580/1926/1580 1723/2155/1723 1581/1927/1581
f 1580/1926/1580 1101/2156/1101 1724/2157/1724
f 1579/1923/1579 1725/2158/1725 1101/1224/1101
f 1578/1921/1578 1670/2084/1670 1725/2158/1725
f 1577/1919/1577 1673/2087/1673 1670/2084/1670
f 1576/1917/1576 1675/2089/1675 1673/2087/1673
f 1575/1915/1575 1677/2091/1677 1675/2089/1675
f 1574/1913/1574 1679/2093/1679 1677/2091/1677
f 1573/1911/1573 1726/2159/1726 1679/2093/1679
f 1572/1909/1572 1727/2160/1727 1726/2159/1726
f 1728/2161/1728 1729/2162/1729 1730/2163/1730
f 1730/2164/1730 1731/2165/1731 1732/2166/1732
f 1732/2166/1732 1733/2167/1733 1734/2168/1734
f 1734/2168/1734 1735/2169/1735 1736/2170/1736
f 1736/2170/1736 1737/2171/1737 1738/2172/1738
f 1738/2172/1738 1739/2173/1739 1740/2174/1740
f 1740/2174/1740 1741/2175/1741 1742/2176/1742
f 1742/2176/1742 1743/2177/1743 1744/2178/1744
f 1744/2178/1744 1745/2179/1745 1746/2180/1746
f 1720/2152/1720 1730/2163/1730 1747/2181/1747
f 1747/2182/1747 1732/2166/1732 1748/2183/1748
f 1748/2183/1748 1734/2168/1734 1749/2184/1749
f 1750/2185/1750 1734/2168/1734 1736/2170/1736
f 1751/2186/1751 1736/2170/1736 1738/2172/1738
f 1751/2186/1751 1740/2174/1740 1752/2187/1752
f 1753/2188/1753 1740/2174/1740 1742/2176/1742
f 1754/2189/1754 1742/2176/1742 1744/2178/1744
f 1755/2190/1755 1744/2178/1744 1746/2180/1746
f 1651/2064/1651 1756/2191/1756 1659/2072/1659
f 1418/1590/1418 1672/2192/1672 1674/2193/1674
f 1724/2157/1724 1715/2147/1715 1723/2155/1723
f 1110/1235/1110 1667/2194/1667 1100/2195/1100
f 1102/1225/1102 1725/2158/1725 1669/2083/1669
f 1407/1599/1407 1658/2196/1658 1655/2197/1655
f 1406/1569/1406 1658/2196/1658 1421/1601/1421
f 1417/1588/1417 1671/2198/1671 1672/2192/1672
f 1415/1586/1415 1671/2198/1671 1416/1587/1416
f 1413/1582/1413 1667/2194/1667 1414/1584/1414
f 1412/1579/1412 1665/2199/1665 1413/1582/1413
f 1419/1592/1419 1674/2193/1674 1676/2200/1676
f 1420/1594/1420 1676/2200/1676 1678/2201/1678
f 1098/1221/1098 1678/2201/1678 1757/2202/1757
f 1758/2203/1758 1759/2204/1759 1649/2062/1649
f 1101/2156/1101 1760/2205/1760 1724/2157/1724
f 1408/1572/1408 1660/2206/1660 1409/1574/1409
f 1412/1579/1412 1654/2073/1654 1663/2207/1663
f 1657/2070/1657 1761/2208/1761 1660/2074/1660
f 1746/2209/1746 1762/2210/1762 1763/2211/1763
f 1764/2212/1764 1762/2210/1762 1765/2213/1765
f 1755/2214/1755 1763/2211/1763 1766/2215/1766
f 1767/2216/1767 1763/2211/1763 1764/2212/1764
f 1570/1903/1570 1727/2217/1727 1571/1905/1571
f 1642/2054/1642 1759/2204/1759 1570/1903/1570
f 1563/1888/1563 1650/2063/1650 1642/2054/1642
f 1765/2213/1765 1768/2218/1768 1764/2212/1764
f 1769/2219/1769 1764/2212/1764 1768/2218/1768
f 1407/1571/1407 1657/2220/1657 1408/1572/1408
f 1409/1574/1409 1652/2221/1652 1410/1576/1410
f 1589/1943/1589 1588/1942/1588 1687/2104/1687
f 1770/2222/1770 1756/2191/1756 1650/2063/1650
f 1770/2222/1770 1771/2223/1771 1772/2224/1772
f 1769/2219/1769 1773/2225/1773 1774/2226/1774
f 1775/2227/1775 1768/2218/1768 1776/2228/1776
f 1569/1901/1569 1770/2222/1770 1563/1888/1563
f 1777/2229/1777 1778/2230/1778 1771/2223/1771
f 1779/2231/1779 1780/2232/1780 1778/2230/1778
f 1781/2233/1781 1780/2232/1780 1782/2234/1782
f 1781/2233/1781 1783/2235/1783 1784/2236/1784
f 1785/2237/1785 1786/2238/1786 1783/2235/1783
f 1774/2226/1774 1787/2239/1787 1788/2240/1788
f 1789/2241/1789 1790/2242/1790 1791/2243/1791
f 1792/2244/1792 1790/2242/1790 1793/2245/1793
f 1794/2246/1794 1773/2225/1773 1775/2227/1775
f 1788/2240/1788 1795/2247/1795 1789/2241/1789
f 1476/2002/1476 1796/2248/1796 1475/2003/1475
f 1797/2249/1797 1787/2239/1787 1794/2246/1794
f 1798/2250/1798 1795/2247/1795 1797/2249/1797
f 1798/2250/1798 1793/2245/1793 1790/2242/1790
f 1518/1899/1518 1799/2251/1799 1517/1900/1517
f 1799/2251/1799 1777/2229/1777 1569/1901/1569
f 1568/1898/1568 1779/2231/1779 1799/2251/1799
f 1567/1897/1567 1782/2234/1782 1568/1898/1568
f 1567/1897/1567 1785/2237/1785 1781/2233/1781
f 1800/2252/1800 1786/2238/1786 1801/2253/1801
f 1802/2254/1802 1803/2255/1803 1793/2245/1793
f 1804/2256/1804 1805/2257/1805 1803/2255/1803
f 1806/2258/1806 1800/2252/1800 1807/2259/1807
f 1808/2260/1808 1809/2261/1809 1810/2262/1810
f 1811/2263/1811 1812/2264/1812 1813/2265/1813
f 1814/2266/1814 1810/2262/1810 1809/2261/1809
f 1815/2267/1815 1816/2268/1816 1817/2269/1817
f 1818/2270/1818 1817/2269/1817 1819/2271/1819
f 1820/2272/1820 1817/2269/1817 1816/2268/1816
f 1821/2273/1821 1819/2271/1819 1817/2269/1817
f 1822/2274/1822 1819/2271/1819 1823/2275/1823
f 1818/2270/1818 1824/2276/1824 1825/2277/1825
f 1826/2278/1826 1806/2258/1806 1810/2262/1810
f 1807/2259/1807 1810/2262/1810 1806/2258/1806
f 1792/2244/1792 1803/2255/1803 1827/2279/1827
f 1828/2280/1828 1803/2255/1803 1805/2257/1805
f 1829/2281/1829 1828/2280/1828 1830/2282/1830
f 1622/2010/1622 1831/2283/1831 1623/2013/1623
f 1811/2263/1811 1832/2284/1832 1830/2282/1830
f 1833/2285/1833 1834/2286/1834 1835/2287/1835
f 1836/2288/1836 1816/2268/1816 1809/2261/1809
f 1837/2289/1837 1809/2261/1809 1816/2268/1816
f 1838/2290/1838 1839/2291/1839 1834/2286/1834
f 1833/2285/1833 1831/2283/1831 1829/2281/1829
f 1279/1418/1279 1840/2292/1840 1643/2055/1643
f 1624/2015/1624 1831/2283/1831 1841/2293/1841
f 1624/2015/1624 1842/2294/1842 1625/2017/1625
f 1625/2017/1625 1843/2295/1843 1626/2019/1626
f 1844/2296/1844 1845/2297/1845 1839/2291/1839
f 1626/2019/1626 1846/2298/1846 1627/2020/1627
f 1847/2299/1847 1848/2300/1848 1845/2297/1845
f 1849/2301/1849 1842/2294/1842 1835/2287/1835
f 1850/2302/1850 1834/2286/1834 1839/2291/1839
f 1851/2303/1851 1834/2286/1834 1832/2284/1832
f 1830/2282/1830 1833/2285/1833 1829/2281/1829
f 1830/2282/1830 1805/2257/1805 1811/2263/1811
f 1622/2010/1622 1827/2279/1827 1828/2280/1828
f 1620/2006/1620 1827/2279/1827 1621/2009/1621
f 1618/2001/1618 1789/2241/1789 1796/2248/1796
f 1620/2006/1620 1791/2243/1791 1792/2244/1792
f 1796/2248/1796 1791/2243/1791 1619/2004/1619
f 1617/2000/1617 1788/2240/1788 1618/2001/1618
f 1616/1997/1616 1774/2226/1774 1617/2000/1617
f 1615/1995/1615 1769/2219/1769 1616/1997/1616
f 1615/1995/1615 1766/2215/1766 1767/2216/1767
f 1613/1993/1613 1766/2215/1766 1614/1994/1614
f 1613/1991/1613 1754/2189/1754 1755/2190/1755
f 1611/1987/1611 1754/2189/1754 1612/1989/1612
f 1611/1987/1611 1752/2187/1752 1753/2188/1753
f 1609/1983/1609 1752/2187/1752 1610/1985/1610
f 1609/1983/1609 1750/2185/1750 1751/2186/1751
f 1608/1981/1608 1749/2184/1749 1750/2185/1750
f 1606/1977/1606 1749/2184/1749 1607/1979/1607
f 1605/1976/1605 1748/2183/1748 1606/1977/1606
f 1604/1971/1604 1747/2181/1747 1605/1973/1605
f 1604/1971/1604 1718/2150/1718 1720/2152/1720
f 1603/1969/1603 1714/2146/1714 1718/2150/1718
f 1602/1967/1602 1711/2143/1711 1714/2146/1714
f 1600/2304/1600 1711/2143/1711 1601/1965/1601
f 1599/1962/1599 1708/2136/1708 1600/1963/1600
f 1703/2131/1703 1852/2305/1852 1704/2132/1704
f 1700/2127/1700 1706/2134/1706 1703/2131/1703
f 1853/2306/1853 1699/2126/1699 1700/2127/1700
f 1298/1439/1298 1854/2307/1854 1299/1440/1299
f 1061/1183/1061 1855/2308/1855 1298/1439/1298
f 1848/2300/1848 1856/2309/1856 1857/2310/1857
f 1785/2237/1785 1858/2311/1858 1801/2253/1801
f 1627/2020/1627 1629/2025/1629 1628/2023/1628
f 1629/2025/1629 1647/2060/1647 1630/2027/1630
f 1630/2027/1630 1857/2310/1857 1631/2029/1631
f 1631/2029/1631 1856/2309/1856 1632/2031/1632
f 1632/2031/1632 1825/2277/1825 1859/2312/1859
f 1634/2036/1634 1824/2276/1824 1860/2313/1860
f 1634/2036/1634 1861/2314/1861 1635/2039/1635
f 1635/2039/1635 1862/2315/1862 1636/2041/1636
f 1566/1895/1566 1863/2316/1863 1858/2311/1858
f 1858/2311/1858 1864/2317/1864 1801/2253/1801
f 1801/2253/1801 1865/2318/1865 1800/2252/1800
f 1800/2252/1800 1866/2319/1866 1807/2259/1807
f 1807/2259/1807 1867/2320/1867 1808/2260/1808
f 1808/2260/1808 1868/2321/1868 1836/2288/1836
f 1836/2288/1836 1869/2322/1869 1820/2272/1820
f 1821/2273/1821 1869/2322/1869 1870/2323/1870
f 1870/2323/1870 1823/2275/1823 1821/2273/1821
f 1822/2274/1822 1871/2324/1871 1872/2325/1872
f 1873/2326/1873 1824/2276/1824 1822/2274/1822
f 1874/2327/1874 1860/2313/1860 1873/2326/1873
f 1861/2314/1861 1875/2328/1875 1862/2315/1862
f 1636/2041/1636 1876/2329/1876 1637/2043/1637
f 1637/2043/1637 1877/2330/1877 1638/2045/1638
f 1638/2045/1638 1878/2331/1878 1639/2047/1639
f 1639/2047/1639 1879/2332/1879 1880/2333/1880
f 1881/2334/1881 1878/2331/1878 1877/2330/1877
f 1882/2335/1882 1877/2330/1877 1876/2329/1876
f 1883/2336/1883 1876/2329/1876 1862/2315/1862
f 1884/2337/1884 1885/2338/1885 1886/2339/1886
f 1875/2328/1875 1883/2336/1883 1862/2315/1862
f 1873/2326/1873 1886/2339/1886 1874/2327/1874
f 1887/2340/1887 1873/2326/1873 1822/2274/1822
f 1887/2340/1887 1872/2325/1872 1888/2341/1888
f 1889/2342/1889 1890/2343/1890 1888/2341/1888
f 1889/2342/1889 1891/2344/1891 1892/2345/1892
f 1893/2346/1893 1866/2319/1866 1558/1881/1558
f 1558/1881/1558 1865/2318/1865 1559/1882/1559
f 1358/1886/1358 1894/2347/1894 1450/1890/1450
f 1559/1882/1559 1864/2317/1864 1894/2347/1894
f 1894/2347/1894 1863/2316/1863 1564/1891/1564
f 1641/2051/1641 1863/2316/1863 1565/1894/1565
f 1893/2346/1893 1868/2321/1868 1867/2320/1867
f 1895/2348/1895 1868/2321/1868 1896/2349/1896
f 1897/2350/1897 1869/2322/1869 1895/2348/1895
f 1898/2351/1898 1870/2323/1870 1897/2350/1897
f 1899/2352/1899 1871/2324/1871 1898/2351/1898
f 1900/2353/1900 1901/2354/1901 1891/2344/1891
f 1902/2355/1902 1895/2348/1895 1903/2356/1903
f 1904/2357/1904 1903/2356/1903 1895/2348/1895
f 1905/2358/1905 1906/2359/1906 1904/2357/1904
f 1907/2360/1907 1908/2361/1908 1905/2358/1905
f 1905/2358/1905 1896/2349/1896 1893/2346/1893
f 1558/1881/1558 1905/2358/1905 1893/2346/1893
f 1904/2357/1904 1895/2348/1895 1896/2349/1896
f 1561/1884/1561 1909/2362/1909 1908/2361/1908
f 1908/2361/1908 1910/2363/1910 1906/2359/1906
f 1906/2359/1906 1911/2364/1911 1903/2356/1903
f 1903/2356/1903 1901/2354/1901 1902/2355/1902
f 1902/2355/1902 1898/2351/1898 1897/2350/1897
f 1900/2353/1900 1899/2352/1899 1898/2351/1898
f 1872/2325/1872 1889/2342/1889 1888/2341/1888
f 1887/2340/1887 1890/2343/1890 1912/2365/1912
f 1913/2366/1913 1912/2365/1912 1914/2367/1914
f 1886/2339/1886 1914/2367/1914 1884/2337/1884
f 1885/2338/1885 1915/2368/1915 1883/2336/1883
f 1874/2327/1874 1885/2338/1885 1875/2328/1875
f 1915/2368/1915 1882/2335/1882 1883/2336/1883
f 1882/2335/1882 1916/2369/1916 1881/2334/1881
f 1916/2369/1916 1879/2332/1879 1881/2334/1881
f 1880/2333/1880 1554/2370/1554 1553/2371/1553
f 1455/2372/1455 1639/2047/1639 1880/2333/1880
f 1557/1880/1557 1561/1884/1561 1907/2360/1907
f 1917/2373/1917 1640/2048/1640 1918/2374/1918
f 1917/2373/1917 1919/2375/1919 1909/2362/1909
f 1909/2362/1909 1920/2376/1920 1910/2363/1910
f 1910/2363/1910 1921/2377/1921 1911/2364/1911
f 1901/2354/1901 1921/2377/1921 1922/2378/1922
f 1891/2344/1891 1922/2378/1922 1923/2379/1923
f 1556/1878/1556 1918/2374/1918 1640/2048/1640
f 1918/2374/1918 1924/2380/1924 1919/2375/1919
f 1919/2375/1919 1925/2381/1925 1920/2376/1920
f 1920/2376/1920 1926/2382/1926 1921/2377/1921
f 1922/2378/1922 1926/2382/1926 1927/2383/1927
f 1922/2378/1922 1928/2384/1928 1923/2379/1923
f 1923/2379/1923 1929/2385/1929 1930/2386/1930
f 1892/2345/1892 1923/2379/1923 1930/2386/1930
f 1890/2343/1890 1930/2386/1930 1931/2387/1931
f 1931/2387/1931 1929/2385/1929 1932/2388/1932
f 1912/2365/1912 1931/2387/1931 1914/2367/1914
f 1884/2337/1884 1931/2387/1931 1932/2388/1932
f 1933/2389/1933 1934/2390/1934 1935/2391/1935
f 1936/2392/1936 1937/2393/1937 1938/2394/1938
f 1937/2395/1937 1939/2396/1939 1556/1878/1556
f 1939/2396/1939 1940/2397/1940 1924/2380/1924
f 1924/2380/1924 1934/2398/1934 1925/2381/1925
f 1925/2381/1925 1941/2399/1941 1926/2382/1926
f 1926/2382/1926 1942/2400/1942 1927/2383/1927
f 1927/2383/1927 1943/2401/1943 1928/2384/1928
f 1928/2384/1928 1944/2402/1944 1929/2385/1929
f 1932/2388/1932 1944/2402/1944 1945/2403/1945
f 1884/2337/1884 1945/2403/1945 1946/2404/1946
f 1757/2405/1757 1679/2093/1679 1726/2159/1726
f 1947/2406/1947 1839/2291/1839 1845/2297/1845
f 1948/2407/1948 1845/2297/1845 1848/2300/1848
f 1648/2061/1648 1846/2298/1846 1949/2408/1949
f 1400/1547/1400 1854/2307/1854 1950/2409/1950
f 1949/2408/1949 1843/2295/1843 1849/2301/1849
f 1833/2285/1833 1842/2294/1842 1841/2293/1841
f 1646/2059/1646 1848/2300/1848 1857/2310/1857
f 1633/2034/1633 1825/2277/1825 1824/2276/1824
f 1814/2266/1814 1844/2296/1844 1838/2290/1838
f 1813/2265/1813 1851/2303/1851 1811/2263/1811
f 1818/2270/1818 1856/2309/1856 1951/2410/1951
f 1815/2267/1815 1951/2410/1951 1847/2299/1847
f 1837/2289/1837 1847/2299/1847 1844/2296/1844
f 1826/2278/1826 1838/2290/1838 1851/2303/1851
f 1813/2265/1813 1952/2411/1952 1806/2258/1806
f 1812/2264/1812 1786/2238/1786 1952/2411/1952
f 1804/2256/1804 1783/2235/1783 1786/2238/1786
f 1798/2250/1798 1783/2235/1783 1802/2254/1802
f 1797/2249/1797 1784/2236/1784 1798/2250/1798
f 1794/2246/1794 1780/2232/1780 1797/2249/1797
f 1775/2227/1775 1778/2230/1778 1794/2246/1794
f 1775/2227/1775 1772/2224/1772 1771/2223/1771
f 1776/2228/1776 1756/2191/1756 1772/2224/1772
f 1765/2213/1765 1659/2072/1659 1756/2191/1756
f 1953/2412/1953 1762/2210/1762 1745/2413/1745
f 1953/2414/1953 1743/2177/1743 1656/2069/1656
f 1656/2069/1656 1741/2175/1741 1761/2208/1761
f 1761/2208/1761 1739/2173/1739 1661/2075/1661
f 1661/2075/1661 1737/2171/1737 1653/2066/1653
f 1653/2066/1653 1735/2169/1735 1662/2076/1662
f 1662/2076/1662 1733/2167/1733 1664/2078/1664
f 1664/2078/1664 1731/2165/1731 1666/2080/1666
f 1729/2415/1729 1666/2080/1666 1731/2165/1731
f 1668/2416/1668 1721/2153/1721 1760/2205/1760
f 1760/2205/1760 1716/2148/1716 1715/2147/1715
f 1716/2148/1716 1717/2149/1717 1712/2144/1712
f 1713/2145/1713 1717/2149/1717 1710/2140/1710
f 1597/1957/1597 1713/2145/1713 1709/2139/1709
f 1709/2417/1709 1852/2305/1852 1705/2133/1705
f 1701/2129/1701 1702/2130/1702 1598/1959/1598
f 1702/2130/1702 1699/2126/1699 1698/2125/1698
f 1696/2123/1696 1691/2113/1691 1698/2125/1698
f 1132/2418/1132 1692/2115/1692 1696/2123/1696
f 1462/2032/1462 1859/2312/1859 1461/2033/1461
f 1950/2409/1950 1850/2419/1850 1954/2420/1954
f 1405/1558/1405 1954/2420/1954 1840/2292/1840
f 1840/2292/1840 1850/2419/1850 1947/2421/1947
f 1643/2055/1643 1947/2421/1947 1948/2422/1948
f 1645/2058/1645 1646/2423/1646 1648/2424/1648
f 1645/2058/1645 1949/2425/1949 1855/2308/1855
f 1855/2308/1855 1849/2426/1849 1854/2307/1854
f 1950/2409/1950 1849/2426/1849 1835/2427/1835
f 1644/2056/1644 1948/2422/1948 1646/2428/1646
f 1098/1221/1098 1758/2429/1758 1099/1222/1099
f 1758/2430/1758 1726/2159/1726 1727/2160/1727
f 1111/1236/1111 1669/2431/1669 1415/1586/1415
f 885/2050/885 1562/1885/1562 886/2432/886
f 1520/2433/1520 1562/1885/1562 1557/1880/1557
f 1516/2434/1516 1853/2306/1853 1695/2121/1695
f 1440/2435/1440 1697/2124/1697 1853/2306/1853
f 1500/1937/1500 1587/1941/1587 1103/2436/1103
f 1452/2437/1452 1938/2394/1938 1937/2393/1937
f 1955/2438/1955 1945/2439/1945 1944/2440/1944
f 1935/2391/1935 1940/2441/1940 1956/2442/1956
f 1535/1830/1535 1553/1874/1553 1555/1876/1555
f 1957/2443/1957 1915/2444/1915 1946/2445/1946
f 1958/2446/1958 1957/2443/1957 1959/2447/1959
f 1960/2448/1960 1536/1831/1536 1961/2449/1961
f 1962/2450/1962 1933/2389/1933 1550/2451/1550
f 1549/2452/1549 1935/2391/1935 1956/2442/1956
f 1528/2453/1528 1938/2394/1938 1531/2454/1531
f 1550/2451/1550 1935/2391/1935 1427/2455/1427
f 1549/2452/1549 1936/2392/1936 1528/2453/1528
f 1963/2456/1963 872/2457/872 1960/2458/1960
f 1958/2459/1958 1296/2460/1296 1964/2461/1964
f 1960/2458/1960 883/1851/883 1537/2462/1537
f 1963/2463/1963 1961/2449/1961 1965/2464/1965
f 1958/2446/1958 1955/2438/1955 1966/2465/1966
f 1455/2372/1455 1553/2371/1553 866/2466/866
f 1965/2464/1965 1967/2467/1967 1915/2444/1915
f 1956/2442/1956 1968/2468/1968 1936/2392/1936
f 1969/2469/1969 1943/2470/1943 1942/2471/1942
f 1966/2472/1966 869/2473/869 1958/2459/1958
f 1959/2447/1959 1946/2445/1946 1945/2439/1945
f 1970/2474/1970 1944/2440/1944 1943/2470/1943
f 1963/2463/1963 1957/2443/1957 1964/2475/1964
f 1555/1876/1555 1916/2476/1916 1536/1831/1536
f 1961/2449/1961 1916/2476/1916 1967/2467/1967
f 1969/2469/1969 1941/2477/1941 1933/2389/1933
f 1551/1871/1551 1950/2409/1950 1954/2420/1954
f 877/2478/877 875/985/875 1552/2479/1552
f 882/2480/882 1541/1845/1541 1539/1840/1539
f 1535/1850/1535 867/1852/867 866/2481/866
f 1964/2461/1964 881/2482/881 1963/2456/1963
f 1547/1858/1547 876/2483/876 1538/1833/1538
f 876/2484/876 1962/2485/1962 1538/1868/1538
f 1548/1862/1548 1355/1816/1355 876/2483/876
f 1966/2465/1966 1970/2474/1970 1543/2486/1543
f 1543/2486/1543 1969/2469/1969 1962/2450/1962
f 1165/1298/1165 1084/1207/1084 1109/1331/1109
f 865/975/865 1544/2487/1544 866/976/866
f 868/978/868 1296/1437/1296 869/979/869
f 871/981/871 883/994/883 872/982/872
f 874/984/874 870/980/870 869/979/869
f 876/986/876 1355/1497/1355 874/987/874
f 878/989/878 1450/1666/1450 879/990/879
f 873/983/873 872/982/872 881/992/881
f 865/975/865 867/977/867 883/994/883
f 884/995/884 1053/1672/1053 885/996/885
f 890/1001/890 1525/2488/1525 891/1002/891
f 893/1004/893 1354/1495/1354 894/1005/894
f 896/1007/896 1367/1512/1367 897/1008/897
f 894/1005/894 1357/1619/1357 899/1010/899
f 900/1011/900 911/1024/911 901/1012/901
f 903/1014/903 1340/1481/1340 878/1015/878
f 904/1017/904 1056/1177/1056 905/1018/905
f 906/1019/906 905/1018/905 907/1020/907
f 909/1022/909 908/1021/908 907/1020/907
f 911/1024/911 1238/1377/1238 912/1025/912
f 913/1026/913 1057/1178/1057 914/1027/914
f 916/1029/916 913/1026/913 915/1028/915
f 916/1031/916 917/2489/917 918/1032/918
f 919/1033/919 918/1032/918 920/1034/920
f 921/1035/921 920/1034/920 922/1036/922
f 923/1037/923 922/1036/922 924/1038/924
f 925/1039/925 924/1038/924 926/1040/926
f 927/1041/927 926/1040/926 928/1042/928
f 929/1043/929 928/1042/928 930/1044/930
f 931/1045/931 930/1044/930 932/1046/932
f 933/1048/933 932/2490/932 934/1049/934
f 936/1051/936 935/1050/935 934/1049/934
f 938/1053/938 936/1051/936 937/1052/937
f 940/1055/940 938/1053/938 939/1054/939
f 942/1057/942 940/1055/940 941/1056/941
f 944/1059/944 942/1057/942 943/1058/943
f 944/1061/944 945/2491/945 946/1062/946
f 948/1064/948 1422/1659/1422 949/1065/949
f 951/1067/951 1115/1240/1115 952/1068/952
f 954/1070/954 1112/1237/1112 955/1071/955
f 957/1073/957 1114/1247/1114 954/1074/954
f 959/1076/959 1120/1245/1120 960/1077/960
f 962/1079/962 1148/1277/1148 963/1080/963
f 965/1082/965 1140/1267/1140 966/1083/966
f 968/1085/968 1129/1255/1129 969/1086/969
f 971/1088/971 970/1434/970 969/1089/969
f 973/1091/973 971/1088/971 972/1090/972
f 975/1093/975 973/1091/973 974/1092/974
f 977/1095/977 975/1093/975 976/1094/976
f 979/1097/979 977/1095/977 978/1096/978
f 979/1099/979 980/2492/980 981/1100/981
f 982/1101/982 981/1100/981 983/1102/983
f 984/1103/984 983/1102/983 985/1104/985
f 986/1105/986 985/1104/985 987/1106/987
f 988/1107/988 987/1106/987 989/1108/989
f 990/1109/990 989/1108/989 991/1110/991
f 992/1111/992 991/1110/991 993/1112/993
f 994/1113/994 993/1112/993 995/1114/995
f 996/1116/996 995/2493/995 997/1117/997
f 999/1119/999 998/1118/998 997/1117/997
f 1001/1121/1001 999/1119/999 1000/1120/1000
f 1001/1121/1001 1002/1122/1002 1003/1123/1003
f 1005/1125/1005 1004/1124/1004 1003/1123/1003
f 1007/1127/1007 1235/1374/1235 1008/1128/1008
f 1010/1130/1010 1007/1127/1007 1009/1129/1009
f 1010/1130/1010 1011/1131/1011 1012/1132/1012
f 1014/1134/1014 1013/1133/1013 1012/1132/1012
f 1014/1134/1014 1015/1135/1015 1016/1136/1016
f 1017/1137/1017 1016/1136/1016 1018/1138/1018
f 1019/1139/1019 1018/1138/1018 1020/1140/1020
f 1021/1141/1021 1020/1140/1020 1022/1142/1022
f 1024/1144/1024 1023/1143/1023 1022/1142/1022
f 1024/1144/1024 1025/1145/1025 1026/1146/1026
f 1028/1148/1028 1027/1147/1027 1026/1149/1026
f 1030/1151/1030 1028/1148/1028 1029/1150/1029
f 1032/1153/1032 1030/1151/1030 1031/1152/1031
f 1034/1155/1034 1032/1153/1032 1033/1154/1033
f 1036/1157/1036 1304/1445/1304 1037/1158/1037
f 1036/1157/1036 1038/1159/1038 1039/1160/1039
f 1040/1161/1040 1039/1160/1039 1041/1162/1041
f 1042/1163/1042 1041/1162/1041 1043/1164/1043
f 1044/1165/1044 1043/1164/1043 1045/1166/1045
f 1046/1167/1046 1045/1166/1045 1047/1168/1047
f 1048/1169/1048 1047/1168/1047 1049/1170/1049
f 1051/1172/1051 892/1003/892 891/1002/891
f 897/1008/897 1051/1172/1051 1052/1173/1052
f 1054/1175/1054 903/1014/903 880/1016/880
f 1054/1175/1054 1055/1176/1055 1056/1177/1056
f 1057/1178/1057 900/1011/900 902/1013/902
f 1058/1179/1058 1279/1418/1279 1059/1180/1059
f 1060/1182/1060 1059/2494/1059 1061/1183/1061
f 1063/1185/1063 1302/1443/1302 1064/1186/1064
f 1068/1190/1068 1206/1345/1206 1066/1188/1066
f 1206/1345/1206 1198/1332/1198 1066/1188/1066
f 1069/1191/1069 1076/1199/1076 1070/1192/1070
f 1072/1194/1072 1403/1551/1403 1073/1195/1073
f 1073/1198/1073 1403/1550/1403 1075/1197/1075
f 1075/1197/1075 1068/1190/1068 1067/1189/1067
f 1076/1199/1076 1200/1335/1200 1077/1200/1077
f 1078/1201/1078 1069/1191/1069 1071/1193/1071
f 1080/1203/1080 1078/1201/1078 1079/1202/1079
f 1082/1205/1082 1080/1203/1080 1081/1204/1081
f 1082/1205/1082 1083/1206/1083 1084/1207/1084
f 1086/1209/1086 1167/1297/1167 1087/1210/1087
f 1086/1209/1086 1088/1211/1088 1089/1212/1089
f 1090/1213/1090 1089/1212/1089 1091/1214/1091
f 1092/1215/1092 1091/1214/1091 1093/1216/1093
f 1094/1217/1094 1093/1216/1093 1095/1218/1095
f 1097/1220/1097 1396/1596/1396 1098/1221/1098
f 1100/1223/1100 1668/2082/1668 1101/1224/1101
f 949/1226/949 1422/1605/1422 1103/1227/1103
f 950/1066/950 1106/1230/1106 947/1063/947
f 1105/1229/1105 944/1061/944 947/1063/947
f 1105/1231/1105 1107/1232/1107 942/1057/942
f 1107/1232/1107 1108/1233/1108 940/1055/940
f 1108/1233/1108 1163/1293/1163 938/1053/938
f 1109/1234/1109 1084/1597/1084 1110/1235/1110
f 1112/1237/1112 951/1067/951 953/1069/953
f 1113/1238/1113 1115/1240/1115 951/1067/951
f 1114/1239/1114 1113/1238/1113 1112/1237/1112
f 1106/1230/1106 950/1066/950 1115/1240/1115
f 1114/1239/1114 1105/1229/1105 1106/1230/1106
f 954/1074/954 956/2495/956 1116/1241/1116
f 958/1075/958 1116/1241/1116 1117/1242/1117
f 1119/1244/1119 957/1073/957 958/1075/958
f 1118/1243/1118 1117/1242/1117 1120/1245/1120
f 1121/1246/1121 1119/1244/1119 1118/1243/1118
f 1114/1247/1114 957/1073/957 1107/1232/1107
f 957/1073/957 1119/1244/1119 1108/1233/1108
f 965/1082/965 967/1084/967 1122/1248/1122
f 1123/1249/1123 1122/1248/1122 1124/1250/1124
f 1126/1252/1126 1131/1257/1131 1127/1253/1127
f 1128/1254/1128 1127/1253/1127 1129/1255/1129
f 1130/1256/1130 1424/1623/1424 1131/1257/1131
f 1124/1258/1124 1439/1641/1439 1132/1259/1132
f 1134/1261/1134 1133/1555/1133 1135/1262/1135
f 1137/1264/1137 1134/1261/1134 1136/1263/1136
f 1139/1266/1139 1295/1436/1295 1130/1256/1130
f 1140/1267/1140 964/1276/964 963/1268/963
f 1141/1269/1141 965/1082/965 1123/1249/1123
f 1142/1270/1142 1139/1266/1139 1126/1252/1126
f 1143/1271/1143 1142/1270/1142 1128/1254/1128
f 1144/1272/1144 1147/1275/1147 1145/1273/1145
f 1143/1271/1143 1151/1435/1151 1146/1274/1146
f 1145/1273/1145 1150/1554/1150 964/1276/964
f 961/1078/961 960/1077/960 1148/1277/1148
f 1149/1278/1149 1153/1283/1153 1150/1279/1150
f 1151/1281/1151 1294/1433/1294 1149/1278/1149
f 1152/1282/1152 961/1078/961 962/1079/962
f 1149/1278/1149 1294/1433/1294 1154/1284/1154
f 1121/1246/1121 959/1076/959 961/1078/961
f 1156/1286/1156 961/1078/961 1152/1282/1152
f 1155/1285/1155 1154/1284/1154 1158/1288/1158
f 1159/1289/1159 1158/1288/1158 1160/1290/1160
f 1159/1289/1159 1161/1291/1161 1162/1292/1162
f 1119/1244/1119 1121/1246/1121 1163/1293/1163
f 1163/1293/1163 1164/1294/1164 936/1051/936
f 1121/1246/1121 1156/1286/1156 1164/1294/1164
f 1164/1294/1164 1166/1296/1166 935/1050/935
f 1165/1295/1165 933/1048/933 935/1050/935
f 1167/1297/1167 931/1045/931 933/1047/933
f 1086/1209/1086 929/1043/929 931/1045/931
f 1090/1213/1090 927/1041/927 929/1043/929
f 1092/1215/1092 925/1039/925 927/1041/927
f 1094/1217/1094 923/1037/923 925/1039/925
f 1096/1219/1096 921/1035/921 923/1037/923
f 1168/1299/1168 919/1033/919 921/1035/921
f 1169/1300/1169 916/1031/916 919/1033/919
f 1161/1291/1161 1172/1319/1172 1170/1301/1170
f 1171/1302/1171 1170/1552/1170 1172/1303/1172
f 1174/1305/1174 1171/1302/1171 1173/1304/1173
f 1176/1307/1176 1174/1305/1174 1175/1306/1175
f 1178/1309/1178 1176/1307/1176 1177/1308/1177
f 1180/1311/1180 1178/1309/1178 1179/1310/1179
f 1182/1313/1182 1180/1311/1180 1181/1312/1181
f 1184/1315/1184 1182/1313/1182 1183/1314/1183
f 1186/1317/1186 1184/1315/1184 1185/1316/1185
f 1172/1319/1172 1161/1291/1161 1160/1290/1160
f 1173/1304/1173 1172/1303/1172 1188/1321/1188
f 1175/1306/1175 1173/1304/1173 1189/1322/1189
f 1175/1306/1175 1190/1323/1190 1191/1324/1191
f 1177/1308/1177 1191/1324/1191 1192/1325/1192
f 1181/1312/1181 1179/1310/1179 1192/1325/1192
f 1181/1312/1181 1193/1326/1193 1194/1327/1194
f 1183/1314/1183 1194/1327/1194 1195/1328/1195
f 1185/1316/1185 1195/1328/1195 1196/1329/1196
f 1197/1330/1197 1206/1345/1206 1068/1190/1068
f 1156/1286/1156 1199/1334/1199 1166/1296/1166
f 1167/1297/1167 1165/1298/1165 1109/1331/1109
f 1198/1332/1198 1169/1344/1169 1097/1333/1097
f 1199/1334/1199 1085/1553/1085 1165/1295/1165
f 1200/1335/1200 1072/1194/1072 1074/1196/1074
f 1187/1336/1187 1204/1342/1204 1201/1337/1201
f 1201/1337/1201 1204/1342/1204 1202/1339/1202
f 1196/1341/1196 1293/1432/1293 1204/1342/1204
f 1204/1342/1204 1293/1432/1293 1205/1343/1205
f 1169/1344/1169 1198/1332/1198 913/1026/913
f 1198/1332/1198 1206/1345/1206 1057/1178/1057
f 1206/1345/1206 1209/1348/1209 900/1011/900
f 1207/1346/1207 1215/1354/1215 1203/1340/1203
f 1202/1339/1202 1205/1343/1205 1208/1347/1208
f 1197/1330/1197 1211/1350/1211 1209/1348/1209
f 1210/1349/1210 1217/1356/1217 1209/1348/1209
f 1212/1351/1212 1207/1346/1207 1208/1347/1208
f 1207/1346/1207 1212/1351/1212 1214/1353/1214
f 1209/1348/1209 1217/1356/1217 911/1024/911
f 1216/1355/1216 1219/1358/1219 1217/1356/1217
f 1218/1357/1218 1221/1360/1221 1219/1358/1219
f 1218/1357/1218 1223/1362/1223 1220/1359/1220
f 1222/1361/1222 1225/1364/1225 1220/1359/1220
f 1224/1363/1224 1240/1379/1240 1225/1364/1225
f 1226/1365/1226 1212/1351/1212 1213/1352/1213
f 1228/1367/1228 1234/1373/1234 1229/1368/1229
f 1228/1367/1228 1230/1369/1230 1231/1370/1231
f 1212/1351/1212 1226/1365/1226 1233/1372/1233
f 1234/1373/1234 1226/1365/1226 1227/1366/1227
f 1235/1374/1235 1005/1125/1005 1006/1126/1006
f 1226/1365/1226 1234/1373/1234 1236/1375/1236
f 1234/1373/1234 1228/1367/1228 1237/1376/1237
f 1232/1371/1232 1242/1381/1242 1237/1376/1237
f 1238/1377/1238 909/1022/909 910/1023/910
f 1217/1356/1217 1219/1358/1219 1238/1377/1238
f 1219/1358/1219 1221/1360/1221 909/1022/909
f 1221/1360/1221 1220/1359/1220 908/1021/908
f 1225/1364/1225 906/1019/906 908/1021/908
f 1224/1363/1224 1402/1549/1402 1239/1378/1239
f 1241/1380/1241 1244/1383/1244 1242/1381/1242
f 1241/1380/1241 1267/1406/1267 1243/1382/1243
f 1239/1378/1239 1402/1549/1402 1245/1384/1245
f 1247/1386/1247 1274/1413/1274 1248/1387/1248
f 1243/1382/1243 1267/1406/1267 1250/1389/1250
f 1249/1388/1249 1264/1403/1264 1252/1391/1252
f 1253/1392/1253 1275/1414/1275 1254/1393/1254
f 1255/1394/1255 1254/1393/1254 1256/1395/1256
f 1255/1394/1255 1259/1398/1259 1258/1397/1258
f 1257/1396/1257 1261/1400/1261 1259/1398/1259
f 1257/1396/1257 1262/1401/1262 1260/1399/1260
f 1262/1401/1262 1257/1396/1257 1256/1395/1256
f 1245/1384/1245 1251/1390/1251 1264/1403/1264
f 1249/1388/1249 1248/1387/1248 1246/1385/1246
f 1241/1380/1241 1232/1371/1232 1231/1370/1231
f 1241/1380/1241 1265/1404/1265 1266/1405/1266
f 1266/1405/1266 1014/1134/1014 1268/1407/1268
f 1270/1409/1270 1268/1407/1268 1014/1134/1014
f 1271/1410/1271 1292/1431/1292 1250/1389/1250
f 1272/1411/1272 1290/1429/1290 1273/1412/1273
f 1253/1392/1253 1258/1397/1258 1274/1413/1274
f 1247/1386/1247 1252/1391/1252 1275/1414/1275
f 1276/1415/1276 1284/1423/1284 1277/1416/1277
f 1270/1409/1270 1280/1419/1280 1272/1411/1272
f 1278/1417/1278 1405/1558/1405 1279/1418/1279
f 1270/1409/1270 1017/1137/1017 1019/1139/1019
f 1281/1420/1281 1280/1419/1280 1019/1139/1019
f 1282/1421/1282 1281/1420/1281 1021/1141/1021
f 1283/1422/1283 1286/1425/1286 1284/1423/1284
f 1285/1424/1285 1282/1421/1282 1023/1143/1023
f 1286/1425/1286 1283/1422/1283 1287/1426/1287
f 1281/1420/1281 1282/1421/1282 1289/1428/1289
f 1273/1412/1273 1290/1429/1290 1291/1430/1291
f 1292/1431/1292 1271/1410/1271 1273/1412/1273
f 1272/1411/1272 1271/1410/1271 1269/1408/1269
f 1267/1406/1267 1266/1405/1266 1269/1408/1269
f 1265/1404/1265 1013/1133/1013 1014/1134/1014
f 1265/1404/1265 1231/1370/1231 1010/1130/1010
f 1229/1368/1229 1227/1366/1227 1005/1125/1005
f 1230/1369/1230 1007/1127/1007 1010/1130/1010
f 1230/1369/1230 1229/1368/1229 1235/1374/1235
f 1227/1366/1227 1213/1352/1213 1004/1124/1004
f 1213/1352/1213 1208/1347/1208 1001/1121/1001
f 1208/1347/1208 1205/1343/1205 999/1119/999
f 1293/1432/1293 998/1118/998 999/1119/999
f 1293/1432/1293 1196/1341/1196 996/1116/996
f 1195/1328/1195 994/1113/994 996/1115/996
f 1195/1328/1195 1194/1327/1194 992/1111/992
f 1193/1326/1193 990/1109/990 992/1111/992
f 1193/1326/1193 1192/1325/1192 988/1107/988
f 1191/1324/1191 986/1105/986 988/1107/988
f 1190/1323/1190 984/1103/984 986/1105/986
f 1190/1323/1190 1189/1322/1189 982/1101/982
f 1189/1322/1189 1188/1321/1188 979/1099/979
f 1188/1320/1188 1160/1290/1160 977/1095/977
f 1158/1288/1158 975/1093/975 977/1095/977
f 1154/1284/1154 973/1091/973 975/1093/975
f 1294/1433/1294 971/1088/971 973/1091/973
f 1294/1433/1294 1151/1281/1151 970/1434/970
f 1151/1435/1151 1143/1271/1143 968/1085/968
f 1142/1270/1142 1143/1271/1143 1147/1275/1147
f 1144/1272/1144 1138/1265/1138 1139/1266/1139
f 1138/1265/1138 1136/1263/1136 1295/1436/1295
f 882/993/882 881/992/881 1296/1437/1296
f 1297/1438/1297 1300/1441/1300 1298/1439/1298
f 1300/1441/1300 1062/1184/1062 1061/1183/1061
f 1301/1442/1301 1288/1427/1288 1287/1426/1287
f 1225/1364/1225 1240/1379/1240 1303/1444/1303
f 1028/1148/1028 1285/1424/1285 1024/1144/1024
f 1063/1185/1063 1285/1424/1285 1028/1148/1028
f 1302/1443/1302 1063/1185/1063 1030/1151/1030
f 1301/1442/1301 1302/1443/1302 1032/1153/1032
f 1263/1402/1263 1301/1442/1301 1034/1155/1034
f 1262/1401/1262 1036/1157/1036 1040/1161/1040
f 1306/1447/1306 1305/1446/1305 1040/1161/1040
f 1307/1448/1307 1306/1447/1306 1042/1163/1042
f 1308/1449/1308 904/1017/904 906/1019/906
f 1303/1444/1303 1240/1379/1240 1309/1450/1309
f 1240/1379/1240 1239/1378/1239 1310/1451/1310
f 1311/1452/1311 1310/1451/1310 1239/1378/1239
f 1312/1453/1312 1311/1452/1311 1246/1385/1246
f 1313/1454/1313 1312/1453/1312 1248/1387/1248
f 1314/1455/1314 1313/1454/1313 1274/1413/1274
f 1314/1455/1314 1258/1397/1258 1259/1398/1259
f 1315/1456/1315 1259/1398/1259 1261/1400/1261
f 1261/1400/1261 1260/1399/1260 1317/1458/1317
f 1262/1401/1262 1305/1446/1305 1318/1459/1318
f 1305/1446/1305 1306/1447/1306 1319/1460/1319
f 1320/1461/1320 1319/1460/1319 1306/1447/1306
f 1321/1462/1321 1307/1448/1307 1044/1165/1044
f 1322/1463/1322 1321/1462/1321 1046/1167/1046
f 1323/1464/1323 1322/1463/1322 1048/1169/1048
f 1324/1465/1324 1323/1464/1323 1050/1171/1050
f 1323/1464/1323 1324/1465/1324 1326/1467/1326
f 1322/1463/1322 1326/1467/1326 1327/1468/1327
f 1321/1462/1321 1327/1468/1327 1328/1469/1328
f 1329/1470/1329 1395/1542/1395 1330/1471/1330
f 1328/1469/1328 1329/1470/1329 1320/1461/1320
f 1331/1472/1331 1333/1474/1333 1318/1459/1318
f 1332/1473/1332 1260/1399/1260 1318/1459/1318
f 1317/1458/1317 1260/1399/1260 1332/1473/1332
f 1335/1476/1335 1338/1479/1338 1336/1477/1336
f 1337/1478/1337 1347/1488/1347 1336/1477/1336
f 1311/1452/1311 1312/1453/1312 1339/1480/1339
f 1310/1451/1310 1311/1452/1311 893/1004/893
f 1340/1481/1340 895/1006/895 899/1010/899
f 1309/1450/1309 1310/1451/1310 895/1006/895
f 1308/1449/1308 1309/1450/1309 1340/1481/1340
f 1308/1449/1308 903/1014/903 1054/1175/1054
f 1313/1454/1313 1342/1483/1342 1339/1480/1339
f 1313/1454/1313 1314/1455/1314 1341/1482/1341
f 1314/1455/1314 1315/1456/1315 1343/1484/1343
f 1316/1457/1316 1345/1486/1345 1343/1484/1343
f 1316/1457/1316 1317/1458/1317 1344/1485/1344
f 1346/1487/1346 1348/1489/1348 1347/1488/1347
f 1341/1482/1341 1343/1484/1343 1348/1489/1348
f 1349/1490/1349 1351/1492/1351 1350/1491/1350
f 1351/1492/1351 1353/1494/1353 1352/1493/1352
f 1353/1494/1353 896/1007/896 1354/1495/1354
f 1352/1493/1352 1339/1480/1339 1342/1483/1342
f 893/1004/893 1339/1480/1339 1352/1493/1352
f 870/1496/870 874/987/874 1355/1497/1355
f 1357/1499/1357 1520/1805/1520 1358/1500/1358
f 1359/1502/1359 1367/1512/1367 896/1007/896
f 1360/1503/1360 1359/1502/1359 1353/1494/1353
f 1361/1504/1361 1360/1503/1360 1351/1492/1351
f 1346/1487/1346 1361/1504/1361 1349/1490/1349
f 1345/1486/1345 1347/1488/1347 1348/1489/1348
f 1344/1485/1344 1336/1477/1336 1347/1488/1347
f 1317/1458/1317 1334/1475/1334 1336/1477/1336
f 1335/1476/1335 1334/1475/1334 1332/1473/1332
f 1362/1505/1362 1332/1473/1332 1333/1474/1333
f 1363/1506/1363 1333/1474/1333 1331/1472/1331
f 1364/1507/1364 1395/1542/1395 1329/1470/1329
f 1329/1470/1329 1331/1472/1331 1319/1460/1319
f 1327/1468/1327 1545/2496/1545 1364/1507/1364
f 1365/1508/1365 1545/2496/1545 1327/1468/1327
f 1324/1465/1324 889/1509/889 1365/1508/1365
f 889/1509/889 1324/1465/1324 1325/1466/1325
f 1050/1171/1050 1049/1170/1049 1366/1511/1366
f 896/1007/896 898/1009/898 894/1005/894
f 1051/1172/1051 897/1008/897 1367/1512/1367
f 1369/1514/1369 1368/1513/1368 1367/1512/1367
f 1370/1515/1370 1369/1514/1369 1359/1502/1359
f 1371/1516/1371 1370/1515/1370 1360/1503/1360
f 1371/1516/1371 1361/1504/1361 1346/1487/1346
f 1372/1517/1372 1346/1487/1346 1337/1478/1337
f 1368/1513/1368 1388/1534/1388 892/1003/892
f 1374/1519/1374 1388/1534/1388 1368/1513/1368
f 1375/1520/1375 1374/1519/1374 1369/1514/1369
f 1376/1521/1376 1375/1520/1375 1370/1515/1370
f 1376/1521/1376 1371/1516/1371 1372/1517/1372
f 1378/1523/1378 1377/1522/1377 1372/1517/1372
f 1379/1524/1379 1378/1523/1378 1373/1518/1373
f 1373/1518/1373 1337/1478/1337 1338/1479/1338
f 1380/1525/1380 1338/1479/1338 1335/1476/1335
f 1379/1524/1379 1380/1525/1380 1381/1526/1381
f 1381/1526/1381 1335/1476/1335 1362/1505/1362
f 1381/1526/1381 1363/1506/1363 1330/1471/1330
f 1383/1528/1383 1390/1870/1390 1384/1529/1384
f 890/1531/890 1546/1856/1546 1386/1532/1386
f 1388/1534/1388 1546/2497/1546 890/1001/890
f 1389/1535/1389 1546/2497/1546 1388/1534/1388
f 1383/1536/1383 1389/1535/1389 1374/1519/1374
f 1390/1537/1390 1383/1536/1383 1375/1520/1375
f 1391/1538/1391 1390/1537/1390 1376/1521/1376
f 1392/1539/1392 1391/1538/1391 1377/1522/1377
f 1393/1540/1393 1392/1539/1392 1378/1523/1378
f 1393/1540/1393 1379/1524/1379 1382/1527/1382
f 1394/1541/1394 1382/1527/1382 1330/1471/1330
f 1096/1219/1096 1095/1218/1095 1396/1543/1396
f 1276/1415/1276 1291/1430/1291 1397/1544/1397
f 1283/1422/1283 1397/1544/1397 1398/1545/1398
f 1285/1424/1285 1063/1185/1063 1065/1187/1065
f 1297/1438/1297 1299/1440/1299 1400/1547/1400
f 1282/1421/1282 1285/1424/1285 1399/1546/1399
f 1281/1420/1281 1290/1429/1290 1272/1411/1272
f 1287/1426/1287 1398/1545/1398 1064/1186/1064
f 1263/1402/1263 1304/1445/1304 1036/1157/1036
f 1284/1423/1284 1275/1414/1275 1252/1391/1252
f 1292/1431/1292 1264/1403/1264 1251/1390/1251
f 1301/1442/1301 1263/1402/1263 1256/1395/1256
f 1288/1427/1288 1256/1395/1256 1254/1393/1254
f 1286/1425/1286 1254/1393/1254 1275/1414/1275
f 1277/1416/1277 1252/1391/1252 1264/1403/1264
f 1402/1549/1402 1243/1382/1243 1251/1390/1251
f 1224/1363/1224 1244/1383/1244 1243/1382/1243
f 1222/1361/1222 1242/1381/1242 1244/1383/1244
f 1222/1361/1222 1223/1362/1223 1237/1376/1237
f 1223/1362/1223 1218/1357/1218 1236/1375/1236
f 1218/1357/1218 1216/1355/1216 1233/1372/1233
f 1216/1355/1216 1210/1349/1210 1214/1353/1214
f 1211/1350/1211 1215/1354/1215 1214/1353/1214
f 1197/1330/1197 1203/1340/1203 1215/1354/1215
f 1075/1197/1075 1201/1337/1201 1203/1340/1203
f 1403/1550/1403 1186/1338/1186 1201/1337/1201
f 1403/1551/1403 1072/1194/1072 1184/1315/1184
f 1072/1194/1072 1200/1335/1200 1182/1313/1182
f 1200/1335/1200 1076/1199/1076 1180/1311/1180
f 1076/1199/1076 1069/1191/1069 1178/1309/1178
f 1069/1191/1069 1078/1201/1078 1176/1307/1176
f 1078/1201/1078 1080/1203/1080 1174/1305/1174
f 1080/1203/1080 1082/1205/1082 1171/1302/1171
f 1082/1205/1082 1085/1208/1085 1170/1552/1170
f 1162/1292/1162 1170/1301/1170 1085/1553/1085
f 1157/1287/1157 1162/1292/1162 1199/1334/1199
f 1155/1285/1155 1159/1289/1159 1157/1287/1157
f 1155/1285/1155 1152/1282/1152 1153/1283/1153
f 1153/1283/1153 962/1079/962 964/1081/964
f 1147/1275/1147 1146/1274/1146 1150/1554/1150
f 1141/1269/1141 1145/1273/1145 1140/1267/1140
f 1138/1265/1138 1144/1272/1144 1141/1269/1141
f 1134/1261/1134 1137/1264/1137 1123/1249/1123
f 1125/1251/1125 1124/1250/1124 1133/1555/1133
f 1304/1445/1304 1034/1155/1034 1035/1156/1035
f 1291/1556/1291 1290/1565/1290 1401/1548/1401
f 1404/1557/1404 1551/1871/1551 1405/1558/1405
f 1291/1556/1291 1404/1557/1404 1278/1417/1278
f 1397/1559/1397 1278/1417/1278 1058/1179/1058
f 1064/1561/1064 1060/1182/1060 1062/1184/1062
f 1399/1563/1399 1065/1562/1065 1062/1184/1062
f 1289/1564/1289 1399/1563/1399 1300/1441/1300
f 1289/1564/1289 1297/1438/1297 1401/1548/1401
f 1398/1560/1398 1058/1179/1058 1060/1181/1060
f 1066/1567/1066 1097/2498/1097 1099/1568/1099
f 1074/1570/1074 1073/2499/1073 1407/1571/1407
f 1077/1573/1077 1074/1570/1074 1408/1572/1408
f 1070/1575/1070 1077/1573/1077 1409/1574/1409
f 1071/1577/1071 1070/1575/1070 1410/1576/1410
f 1071/1577/1071 1411/1578/1411 1412/1579/1412
f 1081/1581/1081 1079/1580/1079 1412/1579/1412
f 1083/1583/1083 1081/1581/1081 1413/1582/1413
f 1088/1585/1088 1087/1603/1087 1415/1586/1415
f 1088/1585/1088 1416/1587/1416 1417/1588/1417
f 1089/1589/1089 1417/1588/1417 1418/1590/1418
f 1091/1591/1091 1418/1590/1418 1419/1592/1419
f 1093/1593/1093 1419/1592/1419 1420/1594/1420
f 1095/1595/1095 1420/1594/1420 1098/1221/1098
f 950/1066/950 949/1065/949 952/1068/952
f 1083/1583/1083 1414/1584/1414 1110/1235/1110
f 1067/1598/1067 1421/1601/1421 1407/1599/1407
f 1067/1598/1067 1066/1567/1066 1406/1569/1406
f 1168/1299/1168 1396/1543/1396 1097/1602/1097
f 1087/1603/1087 1109/1234/1109 1111/1236/1111
f 946/1604/946 1500/1766/1500 1103/1227/1103
f 1038/1606/1038 1453/1674/1453 1423/1607/1423
f 1424/1609/1424 1516/1799/1516 1425/1610/1425
f 1426/1612/1426 1550/1869/1550 1427/1613/1427
f 1052/1615/1052 891/1670/891 1429/1616/1429
f 898/1009/898 897/1008/897 1053/1174/1053
f 898/1009/898 884/1618/884 1357/1619/1357
f 952/1620/952 1589/2100/1589 1431/1621/1431
f 1295/1436/1295 1436/1637/1436 1424/1623/1424
f 901/1624/901 1474/1715/1474 1432/1625/1432
f 1009/1627/1009 1495/1758/1495 1433/1628/1433
f 963/1630/963 1494/2500/1494 1434/1631/1434
f 967/1633/967 1437/1638/1437 1435/1634/1435
f 1110/1235/1110 1100/2195/1100 1102/1636/1102
f 1136/1263/1136 1135/1262/1135 1436/1637/1436
f 966/1632/966 1434/1631/1434 1437/1638/1437
f 1131/1611/1131 1425/1610/1425 1438/1639/1438
f 1122/1635/1122 1435/1634/1435 1439/1641/1439
f 1135/1642/1135 1460/1687/1460 1440/1643/1440
f 969/1645/969 1443/2501/1443 1441/1646/1441
f 1116/1648/1116 1445/1658/1445 1442/1649/1442
f 1129/1651/1129 1493/1754/1493 1443/1652/1443
f 1120/1654/1120 1497/1760/1497 1444/1655/1444
f 956/1657/956 1498/2502/1498 1445/1658/1445
f 948/1064/948 947/1063/947 946/1062/946
f 1446/1660/1446 1540/1849/1540 1447/1661/1447
f 914/1663/914 1522/1808/1522 1449/1664/1449
f 899/1501/899 1358/1500/1358 1450/1666/1450
f 1055/1667/1055 1523/1809/1523 1451/1668/1451
f 891/1670/891 1525/2503/1525 1452/1671/1452
f 1052/1615/1052 1430/1617/1430 885/996/885
f 1037/1673/1037 1461/1689/1461 1453/1674/1453
f 1366/1675/1366 1049/1679/1049 1454/1676/1454
f 1047/1678/1047 1456/1681/1456 1454/1676/1454
f 1045/1680/1045 1457/1683/1457 1456/1681/1456
f 1043/1682/1043 1458/1685/1458 1457/1683/1457
f 1041/1684/1041 1459/1686/1459 1458/1685/1458
f 1041/1684/1041 1039/1608/1039 1423/1607/1423
f 1133/1260/1133 1132/1259/1132 1460/1687/1460
f 1035/1688/1035 1462/1691/1462 1461/1689/1461
f 1033/1690/1033 1463/1693/1463 1462/1691/1462
f 1031/1692/1031 1464/1695/1464 1463/1693/1463
f 1029/1694/1029 1465/1697/1465 1464/1695/1464
f 1026/1696/1026 1466/2504/1466 1465/1697/1465
f 1025/1698/1025 1467/1702/1467 1466/1699/1466
f 1022/1701/1022 1468/1704/1468 1467/1702/1467
f 1020/1703/1020 1469/1706/1469 1468/1704/1468
f 1018/1705/1018 1470/1708/1470 1469/1706/1469
f 1016/1707/1016 1471/1710/1471 1470/1708/1470
f 1015/1709/1015 1472/1712/1472 1471/1710/1471
f 1012/1711/1012 1473/1713/1473 1472/1712/1472
f 1011/1629/1011 1433/1628/1433 1473/1713/1473
f 912/1714/912 1517/1801/1517 1474/1715/1474
f 1006/1716/1006 1476/1720/1476 1475/1717/1475
f 1003/1719/1003 1477/1722/1477 1476/1720/1476
f 1002/1721/1002 1478/1724/1478 1477/1722/1477
f 1000/1723/1000 1479/1726/1479 1478/1724/1478
f 997/1725/997 1480/1728/1480 1479/1726/1479
f 995/1727/995 1481/2505/1481 1480/1728/1480
f 993/1729/993 1482/1733/1482 1481/1730/1481
f 991/1732/991 1483/1735/1483 1482/1733/1482
f 989/1734/989 1484/1737/1484 1483/1735/1483
f 987/1736/987 1485/1739/1485 1484/1737/1484
f 985/1738/985 1486/1741/1486 1485/1739/1485
f 983/1740/983 1487/1743/1487 1486/1741/1486
f 981/1742/981 1488/1745/1488 1487/1743/1487
f 980/1744/980 1489/2506/1489 1488/1745/1488
f 978/1746/978 1490/1750/1490 1489/1747/1489
f 976/1749/976 1491/1752/1491 1490/1750/1490
f 974/1751/974 1492/1753/1492 1491/1752/1491
f 972/1647/972 1441/1646/1441 1492/1753/1492
f 1127/1640/1127 1438/1639/1438 1493/1754/1493
f 1148/1755/1148 1496/1759/1496 1494/1756/1494
f 1008/1718/1008 1475/1717/1475 1495/1758/1495
f 960/1656/960 1444/1655/1444 1496/1759/1496
f 1117/1650/1117 1442/1649/1442 1497/1760/1497
f 955/1761/955 1499/1764/1499 1498/1762/1498
f 953/1622/953 1431/1621/1431 1499/1764/1499
f 945/1765/945 1501/2507/1501 1500/1766/1500
f 943/1767/943 1502/1771/1502 1501/1768/1501
f 941/1770/941 1503/1773/1503 1502/1771/1502
f 939/1772/939 1504/1775/1504 1503/1773/1503
f 937/1774/937 1505/1777/1505 1504/1775/1504
f 934/1776/934 1506/1779/1506 1505/1777/1505
f 932/1778/932 1507/2508/1507 1506/1779/1506
f 930/1780/930 1508/1784/1508 1507/1781/1507
f 928/1783/928 1509/1786/1509 1508/1784/1508
f 926/1785/926 1510/1788/1510 1509/1786/1509
f 924/1787/924 1511/1790/1511 1510/1788/1510
f 922/1789/922 1512/1792/1512 1511/1790/1511
f 920/1791/920 1513/1794/1513 1512/1792/1512
f 918/1793/918 1514/1796/1514 1513/1794/1513
f 917/1795/917 1521/2509/1521 1514/1796/1514
f 1056/1669/1056 1451/1668/1451 1515/1797/1515
f 1436/1644/1436 1440/1643/1440 1516/1799/1516
f 910/1800/910 1518/1803/1518 1517/1801/1517
f 907/1802/907 1519/1804/1519 1518/1803/1518
f 905/1798/905 1515/1797/1515 1519/1804/1519
f 884/995/884 886/997/886 1520/1805/1520
f 915/1665/915 1449/1664/1449 1521/1806/1521
f 902/1626/902 1432/1625/1432 1522/1808/1522
f 880/991/880 879/990/879 1523/1809/1523
f 1524/1810/1524 1531/1824/1531 1452/1811/1452
f 1387/1533/1387 1524/1837/1524 1525/1813/1525
f 1526/1814/1526 1534/1829/1534 1356/1815/1356
f 1394/1817/1394 1534/1829/1534 1526/1814/1526
f 1527/1819/1527 1549/1867/1549 1528/1820/1528
f 1389/1822/1389 1383/1528/1383 1385/1530/1385
f 1529/1821/1529 1528/1820/1528 1531/1824/1531
f 887/998/887 1544/2510/1544 1532/1825/1532
f 1364/1826/1364 1542/1848/1542 1533/1827/1533
f 1533/1827/1533 1541/1847/1541 1356/1815/1356
f 1535/1830/1535 1555/1876/1555 1536/1831/1536
f 1384/1529/1384 1547/1858/1547 1538/1833/1538
f 1385/1530/1385 1428/1838/1428 1527/1835/1527
f 1387/1533/1387 1386/1532/1386 1529/1836/1529
f 1385/1530/1385 1384/1529/1384 1426/1834/1426
f 1386/1532/1386 1530/1823/1530 1527/1835/1527
f 873/1839/873 882/2480/882 1539/1840/1539
f 871/1842/871 873/1839/873 1447/1841/1447
f 868/1844/868 870/1496/870 1356/1498/1356
f 1533/1827/1533 1542/1848/1542 1539/1846/1539
f 1448/1662/1448 1447/1661/1447 1539/1846/1539
f 1446/1660/1446 888/999/888 1532/1825/1532
f 1535/1850/1535 1537/2462/1537 883/1851/883
f 877/988/877 1552/1873/1552 1543/1853/1543
f 887/1510/887 1325/1466/1325 1366/1511/1366
f 1545/1855/1545 1448/1662/1448 1542/1848/1542
f 1546/1856/1546 1389/1822/1389 1530/1823/1530
f 1392/1857/1392 1548/1862/1548 1547/1858/1547
f 1366/1675/1366 1455/1677/1455 866/1860/866
f 1395/1828/1395 1533/1827/1533 1534/1829/1534
f 1393/1818/1393 1526/1814/1526 1548/1862/1548
f 1365/1866/1365 889/1000/889 888/999/888
f 1365/1866/1365 1446/1660/1446 1448/1662/1448
f 1428/1614/1428 1427/1613/1427 1549/1867/1549
f 1538/1868/1538 1962/2485/1962 1550/1869/1550
f 1390/1870/1390 1391/1859/1391 1547/1858/1547
f 1401/1548/1401 1400/1547/1400 1551/1871/1551
f 875/1872/875 1966/2472/1966 1543/1853/1543
f 1452/1877/1452 1937/2395/1937 1556/1878/1556
f 1557/1880/1557 1907/2360/1907 1558/1881/1558
f 1560/1883/1560 1917/2373/1917 1561/1884/1561
f 1358/1886/1358 1520/2433/1520 1557/1880/1557
f 1474/1887/1474 1569/1901/1569 1563/1888/1563
f 1450/1890/1450 1894/2347/1894 1564/1891/1564
f 1515/1893/1515 1451/2053/1451 1565/1894/1565
f 1519/1896/1519 1515/1893/1515 1566/1895/1566
f 1519/1896/1519 1567/1897/1567 1568/1898/1568
f 1517/1900/1517 1799/2251/1799 1569/1901/1569
f 1522/1902/1522 1642/2054/1642 1570/1903/1570
f 1449/1904/1449 1570/1903/1570 1571/1905/1571
f 1514/1907/1514 1521/2511/1521 1571/1908/1571
f 1513/1910/1513 1514/1907/1514 1572/1909/1572
f 1512/1912/1512 1513/1910/1513 1573/1911/1573
f 1511/1914/1511 1512/1912/1512 1574/1913/1574
f 1510/1916/1510 1511/1914/1511 1575/1915/1575
f 1509/1918/1509 1510/1916/1510 1576/1917/1576
f 1508/1920/1508 1509/1918/1509 1577/1919/1577
f 1507/1922/1507 1508/1920/1508 1578/1921/1578
f 1506/1924/1506 1507/2512/1507 1579/1925/1579
f 1506/1924/1506 1580/1926/1580 1581/1927/1581
f 1505/1928/1505 1581/1927/1581 1582/1929/1582
f 1504/1930/1504 1582/1929/1582 1583/1931/1583
f 1503/1932/1503 1583/1931/1583 1584/1933/1584
f 1502/1934/1502 1584/1933/1584 1585/1935/1585
f 1500/1937/1500 1501/2513/1501 1585/1938/1585
f 1104/1940/1104 1103/2436/1103 1587/1941/1587
f 1589/1943/1589 1687/2104/1687 1590/1944/1590
f 1499/1946/1499 1684/2101/1684 1591/1947/1591
f 1591/1949/1591 1686/2111/1686 1592/1950/1592
f 1444/1952/1444 1497/2109/1497 1594/1953/1594
f 1494/1955/1494 1496/2138/1496 1596/1956/1596
f 1434/1958/1434 1701/2129/1701 1598/1959/1598
f 1443/1961/1443 1493/2119/1493 1599/1962/1599
f 1443/1964/1443 1600/2304/1600 1601/1965/1601
f 1441/1966/1441 1601/1965/1601 1602/1967/1602
f 1492/1968/1492 1602/1967/1602 1603/1969/1603
f 1491/1970/1491 1603/1969/1603 1604/1971/1604
f 1490/1972/1490 1604/1971/1604 1605/1973/1605
f 1488/1975/1488 1489/2514/1489 1605/1976/1605
f 1487/1978/1487 1488/1975/1488 1606/1977/1606
f 1486/1980/1486 1487/1978/1487 1607/1979/1607
f 1485/1982/1485 1486/1980/1486 1608/1981/1608
f 1484/1984/1484 1485/1982/1485 1609/1983/1609
f 1483/1986/1483 1484/1984/1484 1610/1985/1610
f 1482/1988/1482 1483/1986/1483 1611/1987/1611
f 1481/1990/1481 1482/1988/1482 1612/1989/1612
f 1480/1992/1480 1481/2515/1481 1613/1993/1613
f 1480/1992/1480 1614/1994/1614 1615/1995/1615
f 1479/1996/1479 1615/1995/1615 1616/1997/1616
f 1477/1999/1477 1478/1998/1478 1616/1997/1616
f 1477/1999/1477 1617/2000/1617 1618/2001/1618
f 1475/2003/1475 1796/2248/1796 1619/2004/1619
f 1495/2005/1495 1619/2004/1619 1620/2006/1620
f 1473/2008/1473 1433/2007/1433 1620/2006/1620
f 1473/2008/1473 1621/2009/1621 1622/2010/1622
f 1471/2012/1471 1472/2011/1472 1622/2010/1622
f 1470/2014/1470 1471/2012/1471 1623/2013/1623
f 1469/2016/1469 1470/2014/1470 1624/2015/1624
f 1468/2018/1468 1469/2016/1469 1625/2017/1625
f 1468/2018/1468 1626/2019/1626 1627/2020/1627
f 1466/2022/1466 1467/2021/1467 1627/2020/1627
f 1466/2024/1466 1628/2023/1628 1629/2025/1629
f 1465/2026/1465 1629/2025/1629 1630/2027/1630
f 1464/2028/1464 1630/2027/1630 1631/2029/1631
f 1463/2030/1463 1631/2029/1631 1632/2031/1632
f 1461/2033/1461 1859/2312/1859 1633/2034/1633
f 1453/2035/1453 1633/2034/1633 1634/2036/1634
f 1459/2038/1459 1423/2037/1423 1634/2036/1634
f 1458/2040/1458 1459/2038/1459 1635/2039/1635
f 1457/2042/1457 1458/2040/1458 1636/2041/1636
f 1456/2044/1456 1457/2042/1457 1637/2043/1637
f 1454/2046/1454 1456/2044/1456 1638/2045/1638
f 871/1842/871 1540/1843/1540 1532/1865/1532
f 1429/1879/1429 1556/1878/1556 1640/2048/1640
f 1430/2049/1430 1640/2048/1640 1560/1883/1560
f 879/1892/879 1564/1891/1564 1641/2051/1641
f 1451/2053/1451 1523/2052/1523 1641/2051/1641
f 1432/1889/1432 1563/1888/1563 1642/2054/1642
f 1059/1180/1059 1279/1418/1279 1643/2055/1643
f 1061/1183/1061 1059/2494/1059 1644/2057/1644
f 1646/2059/1646 1857/2310/1857 1647/2060/1647
f 1651/2064/1651 1658/2071/1658 1649/2062/1649
f 1649/2062/1649 1759/2204/1759 1650/2063/1650
f 1652/2065/1652 1661/2075/1661 1653/2066/1653
f 1655/2068/1655 1953/2414/1953 1656/2069/1656
f 1953/2412/1953 1655/2516/1655 1659/2072/1659
f 1655/2516/1655 1658/2071/1658 1659/2072/1659
f 1410/1576/1410 1652/2221/1652 1654/2073/1654
f 1660/2074/1660 1761/2208/1761 1661/2075/1661
f 1654/2067/1654 1653/2066/1653 1662/2076/1662
f 1663/2077/1663 1662/2076/1662 1664/2078/1664
f 1665/2079/1665 1664/2078/1664 1666/2080/1666
f 1100/1223/1100 1667/2081/1667 1666/2080/1666
f 1669/2083/1669 1725/2158/1725 1670/2084/1670
f 1672/2086/1672 1671/2085/1671 1670/2084/1670
f 1674/2088/1674 1672/2086/1672 1673/2087/1673
f 1676/2090/1676 1674/2088/1674 1675/2089/1675
f 1678/2092/1678 1676/2090/1676 1677/2091/1677
f 1099/1568/1099 1758/2517/1758 1649/2094/1649
f 1586/1939/1586 1681/2096/1681 1588/1942/1588
f 1586/1939/1586 1585/1938/1585 1680/2095/1680
f 1584/1933/1584 1682/2098/1682 1680/2097/1680
f 1583/1931/1583 1683/2099/1683 1682/2098/1682
f 1582/1929/1582 1722/2154/1722 1683/2099/1683
f 949/1226/949 1104/1228/1104 1589/2100/1589
f 1499/1946/1499 1431/1945/1431 1590/1944/1590
f 1590/1944/1590 1687/2104/1687 1685/2102/1685
f 1684/2101/1684 1685/2102/1685 1686/2103/1686
f 1687/2104/1687 1588/1942/1588 1681/2096/1681
f 1681/2096/1681 1680/2095/1680 1686/2103/1686
f 1445/2105/1445 1498/2518/1498 1591/1949/1591
f 1442/2106/1442 1445/2105/1445 1593/1951/1593
f 1593/1951/1593 1592/1950/1592 1689/2108/1689
f 1497/2109/1497 1442/2106/1442 1688/2107/1688
f 1688/2107/1688 1689/2108/1689 1690/2110/1690
f 1682/2098/1682 1592/1950/1592 1686/2111/1686
f 1683/2099/1683 1689/2108/1689 1592/1950/1592
f 1435/2112/1435 1437/1960/1437 1598/1959/1598
f 1439/2114/1439 1435/2112/1435 1691/2113/1691
f 1438/2116/1438 1425/2120/1425 1693/2117/1693
f 1493/2119/1493 1438/2116/1438 1694/2118/1694
f 1425/2120/1425 1516/2434/1516 1695/2121/1695
f 1460/2122/1460 1132/2418/1132 1696/2123/1696
f 1697/2124/1697 1696/2123/1696 1698/2125/1698
f 1695/2121/1695 1853/2306/1853 1700/2127/1700
f 1494/2128/1494 1597/2137/1597 1701/2129/1701
f 1691/2113/1691 1598/1959/1598 1702/2130/1702
f 1694/2118/1694 1693/2117/1693 1700/2127/1700
f 1694/2118/1694 1703/2131/1703 1704/2132/1704
f 1705/2133/1705 1852/2305/1852 1706/2134/1706
f 1704/2132/1704 1852/2305/1852 1707/2135/1707
f 1597/2137/1597 1709/2417/1709 1705/2133/1705
f 1496/2138/1496 1444/1952/1444 1595/1954/1595
f 1709/2139/1709 1713/2145/1713 1710/2140/1710
f 1708/2142/1708 1707/2141/1707 1710/2140/1710
f 1596/1956/1596 1595/1954/1595 1712/2144/1712
f 1710/2140/1710 1717/2149/1717 1714/2146/1714
f 1595/1954/1595 1594/1953/1594 1690/2110/1690
f 1712/2144/1712 1595/1954/1595 1715/2147/1715
f 1717/2149/1717 1719/2151/1719 1718/2150/1718
f 1719/2151/1719 1728/2161/1728 1720/2152/1720
f 1721/2153/1721 1728/2161/1728 1719/2151/1719
f 1722/2154/1722 1690/2110/1690 1689/2108/1689
f 1581/1927/1581 1723/2155/1723 1722/2154/1722
f 1723/2155/1723 1715/2147/1715 1690/2110/1690
f 1580/1926/1580 1724/2157/1724 1723/2155/1723
f 1580/1926/1580 1579/1925/1579 1101/2156/1101
f 1579/1923/1579 1578/1921/1578 1725/2158/1725
f 1578/1921/1578 1577/1919/1577 1670/2084/1670
f 1577/1919/1577 1576/1917/1576 1673/2087/1673
f 1576/1917/1576 1575/1915/1575 1675/2089/1675
f 1575/1915/1575 1574/1913/1574 1677/2091/1677
f 1574/1913/1574 1573/1911/1573 1679/2093/1679
f 1573/1911/1573 1572/1909/1572 1726/2159/1726
f 1572/1909/1572 1571/1908/1571 1727/2160/1727
f 1728/2161/1728 1721/2153/1721 1729/2162/1729
f 1730/2164/1730 1729/2415/1729 1731/2165/1731
f 1732/2166/1732 1731/2165/1731 1733/2167/1733
f 1734/2168/1734 1733/2167/1733 1735/2169/1735
f 1736/2170/1736 1735/2169/1735 1737/2171/1737
f 1738/2172/1738 1737/2171/1737 1739/2173/1739
f 1740/2174/1740 1739/2173/1739 1741/2175/1741
f 1742/2176/1742 1741/2175/1741 1743/2177/1743
f 1744/2178/1744 1743/2177/1743 1745/2179/1745
f 1720/2152/1720 1728/2161/1728 1730/2163/1730
f 1747/2182/1747 1730/2164/1730 1732/2166/1732
f 1748/2183/1748 1732/2166/1732 1734/2168/1734
f 1750/2185/1750 1749/2184/1749 1734/2168/1734
f 1751/2186/1751 1750/2185/1750 1736/2170/1736
f 1751/2186/1751 1738/2172/1738 1740/2174/1740
f 1753/2188/1753 1752/2187/1752 1740/2174/1740
f 1754/2189/1754 1753/2188/1753 1742/2176/1742
f 1755/2190/1755 1754/2189/1754 1744/2178/1744
f 1651/2064/1651 1650/2063/1650 1756/2191/1756
f 1418/1590/1418 1417/1588/1417 1672/2192/1672
f 1724/2157/1724 1760/2205/1760 1715/2147/1715
f 1110/1235/1110 1414/1584/1414 1667/2194/1667
f 1102/1225/1102 1101/1224/1101 1725/2158/1725
f 1407/1599/1407 1421/1601/1421 1658/2196/1658
f 1406/1569/1406 1649/2094/1649 1658/2196/1658
f 1417/1588/1417 1416/1587/1416 1671/2198/1671
f 1415/1586/1415 1669/2431/1669 1671/2198/1671
f 1413/1582/1413 1665/2199/1665 1667/2194/1667
f 1412/1579/1412 1663/2207/1663 1665/2199/1665
f 1419/1592/1419 1418/1590/1418 1674/2193/1674
f 1420/1594/1420 1419/1592/1419 1676/2200/1676
f 1098/1221/1098 1420/1594/1420 1678/2201/1678
f 1758/2203/1758 1727/2217/1727 1759/2204/1759
f 1101/2156/1101 1668/2416/1668 1760/2205/1760
f 1408/1572/1408 1657/2220/1657 1660/2206/1660
f 1412/1579/1412 1411/1578/1411 1654/2073/1654
f 1657/2070/1657 1656/2069/1656 1761/2208/1761
f 1746/2209/1746 1745/2413/1745 1762/2210/1762
f 1764/2212/1764 1763/2211/1763 1762/2210/1762
f 1755/2214/1755 1746/2209/1746 1763/2211/1763
f 1767/2216/1767 1766/2215/1766 1763/2211/1763
f 1570/1903/1570 1759/2204/1759 1727/2217/1727
f 1642/2054/1642 1650/2063/1650 1759/2204/1759
f 1563/1888/1563 1770/2222/1770 1650/2063/1650
f 1765/2213/1765 1776/2228/1776 1768/2218/1768
f 1769/2219/1769 1767/2216/1767 1764/2212/1764
f 1407/1571/1407 1655/2519/1655 1657/2220/1657
f 1409/1574/1409 1660/2206/1660 1652/2221/1652
f 1589/1943/1589 1104/1940/1104 1588/1942/1588
f 1770/2222/1770 1772/2224/1772 1756/2191/1756
f 1770/2222/1770 1777/2229/1777 1771/2223/1771
f 1769/2219/1769 1768/2218/1768 1773/2225/1773
f 1775/2227/1775 1773/2225/1773 1768/2218/1768
f 1569/1901/1569 1777/2229/1777 1770/2222/1770
f 1777/2229/1777 1779/2231/1779 1778/2230/1778
f 1779/2231/1779 1782/2234/1782 1780/2232/1780
f 1781/2233/1781 1784/2236/1784 1780/2232/1780
f 1781/2233/1781 1785/2237/1785 1783/2235/1783
f 1785/2237/1785 1801/2253/1801 1786/2238/1786
f 1774/2226/1774 1773/2225/1773 1787/2239/1787
f 1789/2241/1789 1795/2247/1795 1790/2242/1790
f 1792/2244/1792 1791/2243/1791 1790/2242/1790
f 1794/2246/1794 1787/2239/1787 1773/2225/1773
f 1788/2240/1788 1787/2239/1787 1795/2247/1795
f 1476/2002/1476 1618/2001/1618 1796/2248/1796
f 1797/2249/1797 1795/2247/1795 1787/2239/1787
f 1798/2250/1798 1790/2242/1790 1795/2247/1795
f 1798/2250/1798 1802/2254/1802 1793/2245/1793
f 1518/1899/1518 1568/1898/1568 1799/2251/1799
f 1799/2251/1799 1779/2231/1779 1777/2229/1777
f 1568/1898/1568 1782/2234/1782 1779/2231/1779
f 1567/1897/1567 1781/2233/1781 1782/2234/1782
f 1567/1897/1567 1566/1895/1566 1785/2237/1785
f 1800/2252/1800 1952/2411/1952 1786/2238/1786
f 1802/2254/1802 1804/2256/1804 1803/2255/1803
f 1804/2256/1804 1812/2264/1812 1805/2257/1805
f 1806/2258/1806 1952/2411/1952 1800/2252/1800
f 1808/2260/1808 1836/2288/1836 1809/2261/1809
f 1811/2263/1811 1805/2257/1805 1812/2264/1812
f 1814/2266/1814 1826/2278/1826 1810/2262/1810
f 1815/2267/1815 1837/2289/1837 1816/2268/1816
f 1818/2270/1818 1815/2267/1815 1817/2269/1817
f 1820/2272/1820 1821/2273/1821 1817/2269/1817
f 1821/2273/1821 1823/2275/1823 1819/2271/1819
f 1822/2274/1822 1824/2276/1824 1819/2271/1819
f 1818/2270/1818 1819/2271/1819 1824/2276/1824
f 1826/2278/1826 1813/2265/1813 1806/2258/1806
f 1807/2259/1807 1808/2260/1808 1810/2262/1810
f 1792/2244/1792 1793/2245/1793 1803/2255/1803
f 1828/2280/1828 1827/2279/1827 1803/2255/1803
f 1829/2281/1829 1622/2010/1622 1828/2280/1828
f 1622/2010/1622 1829/2281/1829 1831/2283/1831
f 1811/2263/1811 1851/2303/1851 1832/2284/1832
f 1833/2285/1833 1832/2284/1832 1834/2286/1834
f 1836/2288/1836 1820/2272/1820 1816/2268/1816
f 1837/2289/1837 1814/2266/1814 1809/2261/1809
f 1838/2290/1838 1844/2296/1844 1839/2291/1839
f 1833/2285/1833 1841/2293/1841 1831/2283/1831
f 1279/1418/1279 1405/1558/1405 1840/2292/1840
f 1624/2015/1624 1623/2013/1623 1831/2283/1831
f 1624/2015/1624 1841/2293/1841 1842/2294/1842
f 1625/2017/1625 1842/2294/1842 1843/2295/1843
f 1844/2296/1844 1847/2299/1847 1845/2297/1845
f 1626/2019/1626 1843/2295/1843 1846/2298/1846
f 1847/2299/1847 1951/2410/1951 1848/2300/1848
f 1849/2301/1849 1843/2295/1843 1842/2294/1842
f 1850/2302/1850 1835/2287/1835 1834/2286/1834
f 1851/2303/1851 1838/2290/1838 1834/2286/1834
f 1830/2282/1830 1832/2284/1832 1833/2285/1833
f 1830/2282/1830 1828/2280/1828 1805/2257/1805
f 1622/2010/1622 1621/2009/1621 1827/2279/1827
f 1620/2006/1620 1792/2244/1792 1827/2279/1827
f 1618/2001/1618 1788/2240/1788 1789/2241/1789
f 1620/2006/1620 1619/2004/1619 1791/2243/1791
f 1796/2248/1796 1789/2241/1789 1791/2243/1791
f 1617/2000/1617 1774/2226/1774 1788/2240/1788
f 1616/1997/1616 1769/2219/1769 1774/2226/1774
f 1615/1995/1615 1767/2216/1767 1769/2219/1769
f 1615/1995/1615 1614/1994/1614 1766/2215/1766
f 1613/1993/1613 1755/2214/1755 1766/2215/1766
f 1613/1991/1613 1612/1989/1612 1754/2189/1754
f 1611/1987/1611 1753/2188/1753 1754/2189/1754
f 1611/1987/1611 1610/1985/1610 1752/2187/1752
f 1609/1983/1609 1751/2186/1751 1752/2187/1752
f 1609/1983/1609 1608/1981/1608 1750/2185/1750
f 1608/1981/1608 1607/1979/1607 1749/2184/1749
f 1606/1977/1606 1748/2183/1748 1749/2184/1749
f 1605/1976/1605 1747/2182/1747 1748/2183/1748
f 1604/1971/1604 1720/2152/1720 1747/2181/1747
f 1604/1971/1604 1603/1969/1603 1718/2150/1718
f 1603/1969/1603 1602/1967/1602 1714/2146/1714
f 1602/1967/1602 1601/1965/1601 1711/2143/1711
f 1600/2304/1600 1708/2142/1708 1711/2143/1711
f 1599/1962/1599 1704/2132/1704 1708/2136/1708
f 1703/2131/1703 1706/2134/1706 1852/2305/1852
f 1700/2127/1700 1699/2126/1699 1706/2134/1706
f 1853/2306/1853 1697/2124/1697 1699/2126/1699
f 1298/1439/1298 1855/2308/1855 1854/2307/1854
f 1061/1183/1061 1645/2058/1645 1855/2308/1855
f 1848/2300/1848 1951/2410/1951 1856/2309/1856
f 1785/2237/1785 1566/1895/1566 1858/2311/1858
f 1627/2020/1627 1846/2298/1846 1629/2025/1629
f 1629/2025/1629 1846/2298/1846 1647/2060/1647
f 1630/2027/1630 1647/2060/1647 1857/2310/1857
f 1631/2029/1631 1857/2310/1857 1856/2309/1856
f 1632/2031/1632 1856/2309/1856 1825/2277/1825
f 1634/2036/1634 1633/2034/1633 1824/2276/1824
f 1634/2036/1634 1860/2313/1860 1861/2314/1861
f 1635/2039/1635 1861/2314/1861 1862/2315/1862
f 1566/1895/1566 1565/1894/1565 1863/2316/1863
f 1858/2311/1858 1863/2316/1863 1864/2317/1864
f 1801/2253/1801 1864/2317/1864 1865/2318/1865
f 1800/2252/1800 1865/2318/1865 1866/2319/1866
f 1807/2259/1807 1866/2319/1866 1867/2320/1867
f 1808/2260/1808 1867/2320/1867 1868/2321/1868
f 1836/2288/1836 1868/2321/1868 1869/2322/1869
f 1821/2273/1821 1820/2272/1820 1869/2322/1869
f 1870/2323/1870 1871/2324/1871 1823/2275/1823
f 1822/2274/1822 1823/2275/1823 1871/2324/1871
f 1873/2326/1873 1860/2313/1860 1824/2276/1824
f 1874/2327/1874 1861/2314/1861 1860/2313/1860
f 1861/2314/1861 1874/2327/1874 1875/2328/1875
f 1636/2041/1636 1862/2315/1862 1876/2329/1876
f 1637/2043/1637 1876/2329/1876 1877/2330/1877
f 1638/2045/1638 1877/2330/1877 1878/2331/1878
f 1639/2047/1639 1878/2331/1878 1879/2332/1879
f 1881/2334/1881 1879/2332/1879 1878/2331/1878
f 1882/2335/1882 1881/2334/1881 1877/2330/1877
f 1883/2336/1883 1882/2335/1882 1876/2329/1876
f 1884/2337/1884 1946/2404/1946 1885/2338/1885
f 1875/2328/1875 1885/2338/1885 1883/2336/1883
f 1873/2326/1873 1913/2366/1913 1886/2339/1886
f 1887/2340/1887 1913/2366/1913 1873/2326/1873
f 1887/2340/1887 1822/2274/1822 1872/2325/1872
f 1889/2342/1889 1892/2345/1892 1890/2343/1890
f 1889/2342/1889 1900/2353/1900 1891/2344/1891
f 1893/2346/1893 1867/2320/1867 1866/2319/1866
f 1558/1881/1558 1866/2319/1866 1865/2318/1865
f 1358/1886/1358 1559/1882/1559 1894/2347/1894
f 1559/1882/1559 1865/2318/1865 1864/2317/1864
f 1894/2347/1894 1864/2317/1864 1863/2316/1863
f 1641/2051/1641 1564/1891/1564 1863/2316/1863
f 1893/2346/1893 1896/2349/1896 1868/2321/1868
f 1895/2348/1895 1869/2322/1869 1868/2321/1868
f 1897/2350/1897 1870/2323/1870 1869/2322/1869
f 1898/2351/1898 1871/2324/1871 1870/2323/1870
f 1899/2352/1899 1872/2325/1872 1871/2324/1871
f 1900/2353/1900 1902/2355/1902 1901/2354/1901
f 1902/2355/1902 1897/2350/1897 1895/2348/1895
f 1904/2357/1904 1906/2359/1906 1903/2356/1903
f 1905/2358/1905 1908/2361/1908 1906/2359/1906
f 1907/2360/1907 1561/1884/1561 1908/2361/1908
f 1905/2358/1905 1904/2357/1904 1896/2349/1896
f 1558/1881/1558 1907/2360/1907 1905/2358/1905
f 1561/1884/1561 1917/2373/1917 1909/2362/1909
f 1908/2361/1908 1909/2362/1909 1910/2363/1910
f 1906/2359/1906 1910/2363/1910 1911/2364/1911
f 1903/2356/1903 1911/2364/1911 1901/2354/1901
f 1902/2355/1902 1900/2353/1900 1898/2351/1898
f 1900/2353/1900 1889/2342/1889 1899/2352/1899
f 1872/2325/1872 1899/2352/1899 1889/2342/1889
f 1887/2340/1887 1888/2341/1888 1890/2343/1890
f 1913/2366/1913 1887/2340/1887 1912/2365/1912
f 1886/2339/1886 1913/2366/1913 1914/2367/1914
f 1885/2338/1885 1946/2404/1946 1915/2368/1915
f 1874/2327/1874 1886/2339/1886 1885/2338/1885
f 1915/2368/1915 1967/2520/1967 1882/2335/1882
f 1882/2335/1882 1967/2520/1967 1916/2369/1916
f 1916/2369/1916 1554/2370/1554 1879/2332/1879
f 1880/2333/1880 1879/2332/1879 1554/2370/1554
f 1455/2372/1455 1454/2046/1454 1639/2047/1639
f 1557/1880/1557 1562/1885/1562 1561/1884/1561
f 1917/2373/1917 1560/1883/1560 1640/2048/1640
f 1917/2373/1917 1918/2374/1918 1919/2375/1919
f 1909/2362/1909 1919/2375/1919 1920/2376/1920
f 1910/2363/1910 1920/2376/1920 1921/2377/1921
f 1901/2354/1901 1911/2364/1911 1921/2377/1921
f 1891/2344/1891 1901/2354/1901 1922/2378/1922
f 1556/1878/1556 1939/2396/1939 1918/2374/1918
f 1918/2374/1918 1939/2396/1939 1924/2380/1924
f 1919/2375/1919 1924/2380/1924 1925/2381/1925
f 1920/2376/1920 1925/2381/1925 1926/2382/1926
f 1922/2378/1922 1921/2377/1921 1926/2382/1926
f 1922/2378/1922 1927/2383/1927 1928/2384/1928
f 1923/2379/1923 1928/2384/1928 1929/2385/1929
f 1892/2345/1892 1891/2344/1891 1923/2379/1923
f 1890/2343/1890 1892/2345/1892 1930/2386/1930
f 1931/2387/1931 1930/2386/1930 1929/2385/1929
f 1912/2365/1912 1890/2343/1890 1931/2387/1931
f 1884/2337/1884 1914/2367/1914 1931/2387/1931
f 1933/2389/1933 1941/2477/1941 1934/2390/1934
f 1936/2392/1936 1968/2468/1968 1937/2393/1937
f 1937/2395/1937 1968/2521/1968 1939/2396/1939
f 1939/2396/1939 1968/2521/1968 1940/2397/1940
f 1924/2380/1924 1940/2397/1940 1934/2398/1934
f 1925/2381/1925 1934/2398/1934 1941/2399/1941
f 1926/2382/1926 1941/2399/1941 1942/2400/1942
f 1927/2383/1927 1942/2400/1942 1943/2401/1943
f 1928/2384/1928 1943/2401/1943 1944/2402/1944
f 1932/2388/1932 1929/2385/1929 1944/2402/1944
f 1884/2337/1884 1932/2388/1932 1945/2403/1945
f 1757/2405/1757 1678/2092/1678 1679/2093/1679
f 1947/2406/1947 1850/2302/1850 1839/2291/1839
f 1948/2407/1948 1947/2406/1947 1845/2297/1845
f 1648/2061/1648 1647/2060/1647 1846/2298/1846
f 1400/1547/1400 1299/1440/1299 1854/2307/1854
f 1949/2408/1949 1846/2298/1846 1843/2295/1843
f 1833/2285/1833 1835/2287/1835 1842/2294/1842
f 1646/2059/1646 1948/2407/1948 1848/2300/1848
f 1633/2034/1633 1859/2312/1859 1825/2277/1825
f 1814/2266/1814 1837/2289/1837 1844/2296/1844
f 1813/2265/1813 1826/2278/1826 1851/2303/1851
f 1818/2270/1818 1825/2277/1825 1856/2309/1856
f 1815/2267/1815 1818/2270/1818 1951/2410/1951
f 1837/2289/1837 1815/2267/1815 1847/2299/1847
f 1826/2278/1826 1814/2266/1814 1838/2290/1838
f 1813/2265/1813 1812/2264/1812 1952/2411/1952
f 1812/2264/1812 1804/2256/1804 1786/2238/1786
f 1804/2256/1804 1802/2254/1802 1783/2235/1783
f 1798/2250/1798 1784/2236/1784 1783/2235/1783
f 1797/2249/1797 1780/2232/1780 1784/2236/1784
f 1794/2246/1794 1778/2230/1778 1780/2232/1780
f 1775/2227/1775 1771/2223/1771 1778/2230/1778
f 1775/2227/1775 1776/2228/1776 1772/2224/1772
f 1776/2228/1776 1765/2213/1765 1756/2191/1756
f 1765/2213/1765 1762/2210/1762 1659/2072/1659
f 1953/2412/1953 1659/2072/1659 1762/2210/1762
f 1953/2414/1953 1745/2179/1745 1743/2177/1743
f 1656/2069/1656 1743/2177/1743 1741/2175/1741
f 1761/2208/1761 1741/2175/1741 1739/2173/1739
f 1661/2075/1661 1739/2173/1739 1737/2171/1737
f 1653/2066/1653 1737/2171/1737 1735/2169/1735
f 1662/2076/1662 1735/2169/1735 1733/2167/1733
f 1664/2078/1664 1733/2167/1733 1731/2165/1731
f 1729/2415/1729 1668/2082/1668 1666/2080/1666
f 1668/2416/1668 1729/2162/1729 1721/2153/1721
f 1760/2205/1760 1721/2153/1721 1716/2148/1716
f 1716/2148/1716 1719/2151/1719 1717/2149/1717
f 1713/2145/1713 1712/2144/1712 1717/2149/1717
f 1597/1957/1597 1596/1956/1596 1713/2145/1713
f 1709/2417/1709 1707/2135/1707 1852/2305/1852
f 1701/2129/1701 1705/2133/1705 1702/2130/1702
f 1702/2130/1702 1706/2134/1706 1699/2126/1699
f 1696/2123/1696 1692/2115/1692 1691/2113/1691
f 1132/2418/1132 1439/2114/1439 1692/2115/1692
f 1462/2032/1462 1632/2031/1632 1859/2312/1859
f 1950/2409/1950 1835/2427/1835 1850/2419/1850
f 1405/1558/1405 1551/1871/1551 1954/2420/1954
f 1840/2292/1840 1954/2420/1954 1850/2419/1850
f 1643/2055/1643 1840/2292/1840 1947/2421/1947
f 1645/2058/1645 1644/2057/1644 1646/2423/1646
f 1645/2058/1645 1648/2424/1648 1949/2425/1949
f 1855/2308/1855 1949/2425/1949 1849/2426/1849
f 1950/2409/1950 1854/2307/1854 1849/2426/1849
f 1644/2056/1644 1643/2055/1643 1948/2422/1948
f 1098/1221/1098 1757/2202/1757 1758/2429/1758
f 1758/2430/1758 1757/2405/1757 1726/2159/1726
f 1111/1236/1111 1102/1636/1102 1669/2431/1669
f 885/2050/885 1560/1883/1560 1562/1885/1562
f 1520/2433/1520 886/2432/886 1562/1885/1562
f 1516/2434/1516 1440/2435/1440 1853/2306/1853
f 1440/2435/1440 1460/2122/1460 1697/2124/1697
f 1500/1937/1500 1586/1939/1586 1587/1941/1587
f 1452/2437/1452 1531/2454/1531 1938/2394/1938
f 1955/2438/1955 1959/2447/1959 1945/2439/1945
f 1935/2391/1935 1934/2390/1934 1940/2441/1940
f 1535/1830/1535 866/2522/866 1553/1874/1553
f 1957/2443/1957 1965/2464/1965 1915/2444/1915
f 1958/2446/1958 1964/2475/1964 1957/2443/1957
f 1960/2448/1960 1537/1832/1537 1536/1831/1536
f 1962/2450/1962 1969/2469/1969 1933/2389/1933
f 1549/2452/1549 1427/2455/1427 1935/2391/1935
f 1528/2453/1528 1936/2392/1936 1938/2394/1938
f 1550/2451/1550 1933/2389/1933 1935/2391/1935
f 1549/2452/1549 1956/2442/1956 1936/2392/1936
f 1963/2456/1963 881/2482/881 872/2457/872
f 1958/2459/1958 869/2473/869 1296/2460/1296
f 1960/2458/1960 872/2457/872 883/1851/883
f 1963/2463/1963 1960/2448/1960 1961/2449/1961
f 1958/2446/1958 1959/2447/1959 1955/2438/1955
f 1455/2372/1455 1880/2333/1880 1553/2371/1553
f 1965/2464/1965 1961/2449/1961 1967/2467/1967
f 1956/2442/1956 1940/2441/1940 1968/2468/1968
f 1969/2469/1969 1970/2474/1970 1943/2470/1943
f 1966/2472/1966 875/1872/875 869/2473/869
f 1959/2447/1959 1957/2443/1957 1946/2445/1946
f 1970/2474/1970 1955/2438/1955 1944/2440/1944
f 1963/2463/1963 1965/2464/1965 1957/2443/1957
f 1555/1876/1555 1554/1875/1554 1916/2476/1916
f 1961/2449/1961 1536/1831/1536 1916/2476/1916
f 1969/2469/1969 1942/2471/1942 1941/2477/1941
f 1551/1871/1551 1400/1547/1400 1950/2409/1950
f 877/2478/877 874/984/874 875/985/875
f 882/2480/882 868/1844/868 1541/1845/1541
f 1964/2461/1964 1296/2460/1296 881/2482/881
f 1547/1858/1547 1548/1862/1548 876/2483/876
f 876/2484/876 1543/2523/1543 1962/2485/1962
f 1548/1862/1548 1526/1814/1526 1355/1816/1355
f 1966/2465/1966 1955/2438/1955 1970/2474/1970
f 1543/2486/1543 1970/2474/1970 1969/2469/1969
f 1165/1298/1165 1085/1208/1085 1084/1207/1084
# Vertices: 1106, normals: 1106, texture coordinates: 1549, faces: 2216

